round,client_id,aggregation_weight,global_accuracy_vanilla,global_accuracy_weighted
1,1,0.07319654884552185,0.5139826422372228,0.5332690453230472
1,2,0.049465362157415455,0.5139826422372228,0.5332690453230472
1,3,0.026547207165833864,0.5139826422372228,0.5332690453230472
1,4,0.03396424487946187,0.5139826422372228,0.5332690453230472
1,5,0.042133110512706386,0.5139826422372228,0.5332690453230472
1,6,0.026333670548830977,0.5139826422372228,0.5332690453230472
1,7,0.0397213900637905,0.5139826422372228,0.5332690453230472
1,8,0.025163757933297556,0.5139826422372228,0.5332690453230472
1,9,0.018648063261923788,0.5139826422372228,0.5332690453230472
1,10,0.017768118332178548,0.5139826422372228,0.5332690453230472
1,11,0.040111118960892436,0.5139826422372228,0.5332690453230472
1,12,0.02263665839764558,0.5139826422372228,0.5332690453230472
1,13,0.031774043661290705,0.5139826422372228,0.5332690453230472
1,14,0.02404871909008988,0.5139826422372228,0.5332690453230472
1,15,0.03018726694758649,0.5139826422372228,0.5332690453230472
1,16,0.0351767550193,0.5139826422372228,0.5332690453230472
1,17,0.04114438726126242,0.5139826422372228,0.5332690453230472
1,18,0.032268090828445214,0.5139826422372228,0.5332690453230472
1,19,0.029825573877520346,0.5139826422372228,0.5332690453230472
1,20,0.03551333135870511,0.5139826422372228,0.5332690453230472
1,21,0.03767863815560796,0.5139826422372228,0.5332690453230472
1,22,0.013045740434316822,0.5139826422372228,0.5332690453230472
1,23,0.02476056878575023,0.5139826422372228,0.5332690453230472
1,24,0.032020114410312654,0.5139826422372228,0.5332690453230472
1,25,0.06065647458017705,0.5139826422372228,0.5332690453230472
1,26,0.04428905019412177,0.5139826422372228,0.5332690453230472
1,27,0.02623228984445746,0.5139826422372228,0.5332690453230472
1,28,0.029525102912168,0.5139826422372228,0.5332690453230472
1,29,0.03124233658150258,0.5139826422372228,0.5332690453230472
1,30,0.024922264997886384,0.5139826422372228,0.5332690453230472
2,1,0.033677811550151975,0.5385728061716489,0.5438765670202508
2,2,0.029300911854103343,0.5385728061716489,0.5438765670202508
2,3,0.03306990881458967,0.5385728061716489,0.5438765670202508
2,4,0.030759878419452887,0.5385728061716489,0.5438765670202508
2,5,0.029300911854103343,0.5385728061716489,0.5438765670202508
2,6,0.031610942249240125,0.5385728061716489,0.5438765670202508
2,7,0.029908814589665652,0.5385728061716489,0.5438765670202508
2,8,0.02723404255319149,0.5385728061716489,0.5438765670202508
2,9,0.02796352583586626,0.5385728061716489,0.5438765670202508
2,10,0.02857142857142857,0.5385728061716489,0.5438765670202508
2,11,0.030638297872340424,0.5385728061716489,0.5438765670202508
2,12,0.031124620060790274,0.5385728061716489,0.5438765670202508
2,13,0.03173252279635258,0.5385728061716489,0.5438765670202508
2,14,0.0313677811550152,0.5385728061716489,0.5438765670202508
2,15,0.03185410334346504,0.5385728061716489,0.5438765670202508
2,16,0.035501519756838906,0.5385728061716489,0.5438765670202508
2,17,0.03574468085106383,0.5385728061716489,0.5438765670202508
2,18,0.035379939209726444,0.5385728061716489,0.5438765670202508
2,19,0.035015197568389056,0.5385728061716489,0.5438765670202508
2,20,0.03440729483282675,0.5385728061716489,0.5438765670202508
2,21,0.03963525835866261,0.5385728061716489,0.5438765670202508
2,22,0.031124620060790274,0.5385728061716489,0.5438765670202508
2,23,0.03610942249240122,0.5385728061716489,0.5438765670202508
2,24,0.03696048632218845,0.5385728061716489,0.5438765670202508
2,25,0.039756838905775076,0.5385728061716489,0.5438765670202508
2,26,0.038054711246200607,0.5385728061716489,0.5438765670202508
2,27,0.0364741641337386,0.5385728061716489,0.5438765670202508
2,28,0.03708206686930091,0.5385728061716489,0.5438765670202508
2,29,0.03343465045592705,0.5385728061716489,0.5438765670202508
2,30,0.037203647416413375,0.5385728061716489,0.5438765670202508
3,1,0.061783172673543836,0.6200578592092575,0.6943105110896818
3,2,0.04671331388950313,0.6200578592092575,0.6943105110896818
3,3,0.017177679468445745,0.6200578592092575,0.6943105110896818
3,4,0.028437550483662356,0.6200578592092575,0.6943105110896818
3,5,0.02936275168296019,0.6200578592092575,0.6943105110896818
3,6,0.023503337714485154,0.6200578592092575,0.6943105110896818
3,7,0.01645702046611008,0.6200578592092575,0.6943105110896818
3,8,0.03199066906546701,0.6200578592092575,0.6943105110896818
3,9,0.0419027671835924,0.6200578592092575,0.6943105110896818
3,10,0.03254631889023916,0.6200578592092575,0.6943105110896818
3,11,0.03908872563242745,0.6200578592092575,0.6943105110896818
3,12,0.011489437151676286,0.6200578592092575,0.6943105110896818
3,13,0.010462551016931214,0.6200578592092575,0.6943105110896818
3,14,0.05327203177526503,0.6200578592092575,0.6943105110896818
3,15,0.044719301577895845,0.6200578592092575,0.6943105110896818
3,16,0.033200433769387805,0.6200578592092575,0.6943105110896818
3,17,0.0750020552142072,0.6200578592092575,0.6943105110896818
3,18,0.051448884923986214,0.6200578592092575,0.6943105110896818
3,19,0.025073540292195433,0.6200578592092575,0.6943105110896818
3,20,0.022374143612932575,0.6200578592092575,0.6943105110896818
3,21,0.02903500092962669,0.6200578592092575,0.6943105110896818
3,22,0.021085648566106376,0.6200578592092575,0.6943105110896818
3,23,0.01404228347052491,0.6200578592092575,0.6943105110896818
3,24,0.03025238203399288,0.6200578592092575,0.6943105110896818
3,25,0.014705890741429362,0.6200578592092575,0.6943105110896818
3,26,0.03846060690768347,0.6200578592092575,0.6943105110896818
3,27,0.04946679674338468,0.6200578592092575,0.6943105110896818
3,28,0.03543655237883568,0.6200578592092575,0.6943105110896818
3,29,0.03493835320689682,0.6200578592092575,0.6943105110896818
3,30,0.0365707985366051,0.6200578592092575,0.6943105110896818
4,1,0.03144009288448209,0.7092574734811957,0.7246865959498554
4,2,0.038183154359151275,0.7092574734811957,0.7246865959498554
4,3,0.02624920001688301,0.7092574734811957,0.7246865959498554
4,4,0.03392474448961596,0.7092574734811957,0.7246865959498554
4,5,0.020645962807586182,0.7092574734811957,0.7246865959498554
4,6,0.02838172481261741,0.7092574734811957,0.7246865959498554
4,7,0.03347789170773232,0.7092574734811957,0.7246865959498554
4,8,0.03588921609611715,0.7092574734811957,0.7246865959498554
4,9,0.0376665868421863,0.7092574734811957,0.7246865959498554
4,10,0.02289280321628651,0.7092574734811957,0.7246865959498554
4,11,0.05211788764573147,0.7092574734811957,0.7246865959498554
4,12,0.014897865719642916,0.7092574734811957,0.7246865959498554
4,13,0.023885048512460767,0.7092574734811957,0.7246865959498554
4,14,0.05757418434014151,0.7092574734811957,0.7246865959498554
4,15,0.02468114429333896,0.7092574734811957,0.7246865959498554
4,16,0.05532226957808765,0.7092574734811957,0.7246865959498554
4,17,0.03296532163817214,0.7092574734811957,0.7246865959498554
4,18,0.021939133595113576,0.7092574734811957,0.7246865959498554
4,19,0.04593846679240698,0.7092574734811957,0.7246865959498554
4,20,0.026918892864551756,0.7092574734811957,0.7246865959498554
4,21,0.030757862062054164,0.7092574734811957,0.7246865959498554
4,22,0.028546415211488936,0.7092574734811957,0.7246865959498554
4,23,0.030407653498812342,0.7092574734811957,0.7246865959498554
4,24,0.03499635800388638,0.7092574734811957,0.7246865959498554
4,25,0.038964273267910556,0.7092574734811957,0.7246865959498554
4,26,0.037539671868408904,0.7092574734811957,0.7246865959498554
4,27,0.03324064621916308,0.7092574734811957,0.7246865959498554
4,28,0.03742220518518222,0.7092574734811957,0.7246865959498554
4,29,0.035390882159105824,0.7092574734811957,0.7246865959498554
4,30,0.027742440311681712,0.7092574734811957,0.7246865959498554
5,1,0.033677811550151975,0.7420443587270974,0.7410800385728061
5,2,0.029300911854103343,0.7420443587270974,0.7410800385728061
5,3,0.03306990881458967,0.7420443587270974,0.7410800385728061
5,4,0.030759878419452887,0.7420443587270974,0.7410800385728061
5,5,0.029300911854103343,0.7420443587270974,0.7410800385728061
5,6,0.031610942249240125,0.7420443587270974,0.7410800385728061
5,7,0.029908814589665652,0.7420443587270974,0.7410800385728061
5,8,0.02723404255319149,0.7420443587270974,0.7410800385728061
5,9,0.02796352583586626,0.7420443587270974,0.7410800385728061
5,10,0.02857142857142857,0.7420443587270974,0.7410800385728061
5,11,0.030638297872340424,0.7420443587270974,0.7410800385728061
5,12,0.031124620060790274,0.7420443587270974,0.7410800385728061
5,13,0.03173252279635258,0.7420443587270974,0.7410800385728061
5,14,0.0313677811550152,0.7420443587270974,0.7410800385728061
5,15,0.03185410334346504,0.7420443587270974,0.7410800385728061
5,16,0.035501519756838906,0.7420443587270974,0.7410800385728061
5,17,0.03574468085106383,0.7420443587270974,0.7410800385728061
5,18,0.035379939209726444,0.7420443587270974,0.7410800385728061
5,19,0.035015197568389056,0.7420443587270974,0.7410800385728061
5,20,0.03440729483282675,0.7420443587270974,0.7410800385728061
5,21,0.03963525835866261,0.7420443587270974,0.7410800385728061
5,22,0.031124620060790274,0.7420443587270974,0.7410800385728061
5,23,0.03610942249240122,0.7420443587270974,0.7410800385728061
5,24,0.03696048632218845,0.7420443587270974,0.7410800385728061
5,25,0.039756838905775076,0.7420443587270974,0.7410800385728061
5,26,0.038054711246200607,0.7420443587270974,0.7410800385728061
5,27,0.0364741641337386,0.7420443587270974,0.7410800385728061
5,28,0.03708206686930091,0.7420443587270974,0.7410800385728061
5,29,0.03343465045592705,0.7420443587270974,0.7410800385728061
5,30,0.037203647416413375,0.7420443587270974,0.7410800385728061
6,1,0.028304696315572305,0.7642237222757956,0.7748312439729991
6,2,0.031483530740076114,0.7642237222757956,0.7748312439729991
6,3,0.035218333792707675,0.7642237222757956,0.7748312439729991
6,4,0.03161282637285534,0.7642237222757956,0.7748312439729991
6,5,0.02857207550560296,0.7642237222757956,0.7748312439729991
6,6,0.017163527846485897,0.7642237222757956,0.7748312439729991
6,7,0.025979916174965315,0.7642237222757956,0.7748312439729991
6,8,0.03733413899916889,0.7642237222757956,0.7748312439729991
6,9,0.04786292242072789,0.7642237222757956,0.7748312439729991
6,10,0.03323044600714231,0.7642237222757956,0.7748312439729991
6,11,0.03979231618333399,0.7642237222757956,0.7748312439729991
6,12,0.03196150078002145,0.7642237222757956,0.7748312439729991
6,13,0.030567344647087512,0.7642237222757956,0.7748312439729991
6,14,0.030427650471461724,0.7642237222757956,0.7748312439729991
6,15,0.03493504961115157,0.7642237222757956,0.7748312439729991
6,16,0.03279669151954948,0.7642237222757956,0.7748312439729991
6,17,0.03449983184944892,0.7642237222757956,0.7748312439729991
6,18,0.020355492672782395,0.7642237222757956,0.7748312439729991
6,19,0.03156332722695747,0.7642237222757956,0.7748312439729991
6,20,0.030092081625493147,0.7642237222757956,0.7748312439729991
6,21,0.026716706175369503,0.7642237222757956,0.7748312439729991
6,22,0.04966132138575331,0.7642237222757956,0.7748312439729991
6,23,0.029922080535983376,0.7642237222757956,0.7748312439729991
6,24,0.05182004353162,0.7642237222757956,0.7748312439729991
6,25,0.031245349660438168,0.7642237222757956,0.7748312439729991
6,26,0.052322171826405674,0.7642237222757956,0.7748312439729991
6,27,0.027063524212978137,0.7642237222757956,0.7748312439729991
6,28,0.027563954814101038,0.7642237222757956,0.7748312439729991
6,29,0.03789636226850856,0.7642237222757956,0.7748312439729991
6,30,0.0320347848262502,0.7642237222757956,0.7748312439729991
7,1,0.033677811550151975,0.7695274831243973,0.7680810028929604
7,2,0.029300911854103343,0.7695274831243973,0.7680810028929604
7,3,0.03306990881458967,0.7695274831243973,0.7680810028929604
7,4,0.030759878419452887,0.7695274831243973,0.7680810028929604
7,5,0.029300911854103343,0.7695274831243973,0.7680810028929604
7,6,0.031610942249240125,0.7695274831243973,0.7680810028929604
7,7,0.029908814589665652,0.7695274831243973,0.7680810028929604
7,8,0.02723404255319149,0.7695274831243973,0.7680810028929604
7,9,0.02796352583586626,0.7695274831243973,0.7680810028929604
7,10,0.02857142857142857,0.7695274831243973,0.7680810028929604
7,11,0.030638297872340424,0.7695274831243973,0.7680810028929604
7,12,0.031124620060790274,0.7695274831243973,0.7680810028929604
7,13,0.03173252279635258,0.7695274831243973,0.7680810028929604
7,14,0.0313677811550152,0.7695274831243973,0.7680810028929604
7,15,0.03185410334346504,0.7695274831243973,0.7680810028929604
7,16,0.035501519756838906,0.7695274831243973,0.7680810028929604
7,17,0.03574468085106383,0.7695274831243973,0.7680810028929604
7,18,0.035379939209726444,0.7695274831243973,0.7680810028929604
7,19,0.035015197568389056,0.7695274831243973,0.7680810028929604
7,20,0.03440729483282675,0.7695274831243973,0.7680810028929604
7,21,0.03963525835866261,0.7695274831243973,0.7680810028929604
7,22,0.031124620060790274,0.7695274831243973,0.7680810028929604
7,23,0.03610942249240122,0.7695274831243973,0.7680810028929604
7,24,0.03696048632218845,0.7695274831243973,0.7680810028929604
7,25,0.039756838905775076,0.7695274831243973,0.7680810028929604
7,26,0.038054711246200607,0.7695274831243973,0.7680810028929604
7,27,0.0364741641337386,0.7695274831243973,0.7680810028929604
7,28,0.03708206686930091,0.7695274831243973,0.7680810028929604
7,29,0.03343465045592705,0.7695274831243973,0.7680810028929604
7,30,0.037203647416413375,0.7695274831243973,0.7680810028929604
8,1,0.02701899312528872,0.813404050144648,0.8418514946962391
8,2,0.02559861220168696,0.813404050144648,0.8418514946962391
8,3,0.03847325806870911,0.813404050144648,0.8418514946962391
8,4,0.023144720144798948,0.813404050144648,0.8418514946962391
8,5,0.02285638526596602,0.813404050144648,0.8418514946962391
8,6,0.017534371118717987,0.813404050144648,0.8418514946962391
8,7,0.026391309332974056,0.813404050144648,0.8418514946962391
8,8,0.024647822825739078,0.813404050144648,0.8418514946962391
8,9,0.026522061731598174,0.813404050144648,0.8418514946962391
8,10,0.048317027790853104,0.813404050144648,0.8418514946962391
8,11,0.03870583660368792,0.813404050144648,0.8418514946962391
8,12,0.023321150701407067,0.813404050144648,0.8418514946962391
8,13,0.022290446910195303,0.813404050144648,0.8418514946962391
8,14,0.052882290794607226,0.813404050144648,0.8418514946962391
8,15,0.0275086508249958,0.813404050144648,0.8418514946962391
8,16,0.019370069676264097,0.813404050144648,0.8418514946962391
8,17,0.06232512041868867,0.813404050144648,0.8418514946962391
8,18,0.03436012950740631,0.813404050144648,0.8418514946962391
8,19,0.03494489768163889,0.813404050144648,0.8418514946962391
8,20,0.02971124527641734,0.813404050144648,0.8418514946962391
8,21,0.055320883779788936,0.813404050144648,0.8418514946962391
8,22,0.02232271293145588,0.813404050144648,0.8418514946962391
8,23,0.03381366611416406,0.813404050144648,0.8418514946962391
8,24,0.04390177383157801,0.813404050144648,0.8418514946962391
8,25,0.03009693637598769,0.813404050144648,0.8418514946962391
8,26,0.0426087998276907,0.813404050144648,0.8418514946962391
8,27,0.04523398343424984,0.813404050144648,0.8418514946962391
8,28,0.040996553184369657,0.813404050144648,0.8418514946962391
8,29,0.032900980484861904,0.813404050144648,0.8418514946962391
8,30,0.026879310034212615,0.813404050144648,0.8418514946962391
9,1,0.02688887807751801,0.7974927675988428,0.8379942140790743
9,2,0.02258239902881058,0.7974927675988428,0.8379942140790743
9,3,0.026166257587148373,0.7974927675988428,0.8379942140790743
9,4,0.03865898754864662,0.7974927675988428,0.8379942140790743
9,5,0.02365795084201328,0.7974927675988428,0.8379942140790743
9,6,0.022691545259713744,0.7974927675988428,0.8379942140790743
9,7,0.023456341971947056,0.7974927675988428,0.8379942140790743
9,8,0.0397841188752861,0.7974927675988428,0.8379942140790743
9,9,0.040082558542150176,0.7974927675988428,0.8379942140790743
9,10,0.04015509738683685,0.7974927675988428,0.8379942140790743
9,11,0.03836652227630898,0.7974927675988428,0.8379942140790743
9,12,0.03147704506081273,0.7974927675988428,0.8379942140790743
9,13,0.03453432741125559,0.7974927675988428,0.8379942140790743
9,14,0.015338375288412417,0.7974927675988428,0.8379942140790743
9,15,0.049305174933016775,0.7974927675988428,0.8379942140790743
9,16,0.055347247130836615,0.7974927675988428,0.8379942140790743
9,17,0.027316843481176672,0.7974927675988428,0.8379942140790743
9,18,0.019255888177661395,0.7974927675988428,0.8379942140790743
9,19,0.043370282139560984,0.7974927675988428,0.8379942140790743
9,20,0.04279385515320805,0.7974927675988428,0.8379942140790743
9,21,0.014441238049430654,0.7974927675988428,0.8379942140790743
9,22,0.030987637959241383,0.7974927675988428,0.8379942140790743
9,23,0.014641052960574167,0.7974927675988428,0.8379942140790743
9,24,0.04743383049118405,0.7974927675988428,0.8379942140790743
9,25,0.030064131137430984,0.7974927675988428,0.8379942140790743
9,26,0.046741378200662174,0.7974927675988428,0.8379942140790743
9,27,0.030594220158253325,0.7974927675988428,0.8379942140790743
9,28,0.04824691270183613,0.7974927675988428,0.8379942140790743
9,29,0.04024716840795286,0.7974927675988428,0.8379942140790743
9,30,0.035372733761113245,0.7974927675988428,0.8379942140790743
10,1,0.033677811550151975,0.8326904532304725,0.8317261330761813
10,2,0.029300911854103343,0.8326904532304725,0.8317261330761813
10,3,0.03306990881458967,0.8326904532304725,0.8317261330761813
10,4,0.030759878419452887,0.8326904532304725,0.8317261330761813
10,5,0.029300911854103343,0.8326904532304725,0.8317261330761813
10,6,0.031610942249240125,0.8326904532304725,0.8317261330761813
10,7,0.029908814589665652,0.8326904532304725,0.8317261330761813
10,8,0.02723404255319149,0.8326904532304725,0.8317261330761813
10,9,0.02796352583586626,0.8326904532304725,0.8317261330761813
10,10,0.02857142857142857,0.8326904532304725,0.8317261330761813
10,11,0.030638297872340424,0.8326904532304725,0.8317261330761813
10,12,0.031124620060790274,0.8326904532304725,0.8317261330761813
10,13,0.03173252279635258,0.8326904532304725,0.8317261330761813
10,14,0.0313677811550152,0.8326904532304725,0.8317261330761813
10,15,0.03185410334346504,0.8326904532304725,0.8317261330761813
10,16,0.035501519756838906,0.8326904532304725,0.8317261330761813
10,17,0.03574468085106383,0.8326904532304725,0.8317261330761813
10,18,0.035379939209726444,0.8326904532304725,0.8317261330761813
10,19,0.035015197568389056,0.8326904532304725,0.8317261330761813
10,20,0.03440729483282675,0.8326904532304725,0.8317261330761813
10,21,0.03963525835866261,0.8326904532304725,0.8317261330761813
10,22,0.031124620060790274,0.8326904532304725,0.8317261330761813
10,23,0.03610942249240122,0.8326904532304725,0.8317261330761813
10,24,0.03696048632218845,0.8326904532304725,0.8317261330761813
10,25,0.039756838905775076,0.8326904532304725,0.8317261330761813
10,26,0.038054711246200607,0.8326904532304725,0.8317261330761813
10,27,0.0364741641337386,0.8326904532304725,0.8317261330761813
10,28,0.03708206686930091,0.8326904532304725,0.8317261330761813
10,29,0.03343465045592705,0.8326904532304725,0.8317261330761813
10,30,0.037203647416413375,0.8326904532304725,0.8317261330761813
11,1,0.033677811550151975,0.8326904532304725,0.8326904532304725
11,2,0.029300911854103343,0.8326904532304725,0.8326904532304725
11,3,0.03306990881458967,0.8326904532304725,0.8326904532304725
11,4,0.030759878419452887,0.8326904532304725,0.8326904532304725
11,5,0.029300911854103343,0.8326904532304725,0.8326904532304725
11,6,0.031610942249240125,0.8326904532304725,0.8326904532304725
11,7,0.029908814589665652,0.8326904532304725,0.8326904532304725
11,8,0.02723404255319149,0.8326904532304725,0.8326904532304725
11,9,0.02796352583586626,0.8326904532304725,0.8326904532304725
11,10,0.02857142857142857,0.8326904532304725,0.8326904532304725
11,11,0.030638297872340424,0.8326904532304725,0.8326904532304725
11,12,0.031124620060790274,0.8326904532304725,0.8326904532304725
11,13,0.03173252279635258,0.8326904532304725,0.8326904532304725
11,14,0.0313677811550152,0.8326904532304725,0.8326904532304725
11,15,0.03185410334346504,0.8326904532304725,0.8326904532304725
11,16,0.035501519756838906,0.8326904532304725,0.8326904532304725
11,17,0.03574468085106383,0.8326904532304725,0.8326904532304725
11,18,0.035379939209726444,0.8326904532304725,0.8326904532304725
11,19,0.035015197568389056,0.8326904532304725,0.8326904532304725
11,20,0.03440729483282675,0.8326904532304725,0.8326904532304725
11,21,0.03963525835866261,0.8326904532304725,0.8326904532304725
11,22,0.031124620060790274,0.8326904532304725,0.8326904532304725
11,23,0.03610942249240122,0.8326904532304725,0.8326904532304725
11,24,0.03696048632218845,0.8326904532304725,0.8326904532304725
11,25,0.039756838905775076,0.8326904532304725,0.8326904532304725
11,26,0.038054711246200607,0.8326904532304725,0.8326904532304725
11,27,0.0364741641337386,0.8326904532304725,0.8326904532304725
11,28,0.03708206686930091,0.8326904532304725,0.8326904532304725
11,29,0.03343465045592705,0.8326904532304725,0.8326904532304725
11,30,0.037203647416413375,0.8326904532304725,0.8326904532304725
12,1,0.033677811550151975,0.8331726133076182,0.8317261330761813
12,2,0.029300911854103343,0.8331726133076182,0.8317261330761813
12,3,0.03306990881458967,0.8331726133076182,0.8317261330761813
12,4,0.030759878419452887,0.8331726133076182,0.8317261330761813
12,5,0.029300911854103343,0.8331726133076182,0.8317261330761813
12,6,0.031610942249240125,0.8331726133076182,0.8317261330761813
12,7,0.029908814589665652,0.8331726133076182,0.8317261330761813
12,8,0.02723404255319149,0.8331726133076182,0.8317261330761813
12,9,0.02796352583586626,0.8331726133076182,0.8317261330761813
12,10,0.02857142857142857,0.8331726133076182,0.8317261330761813
12,11,0.030638297872340424,0.8331726133076182,0.8317261330761813
12,12,0.031124620060790274,0.8331726133076182,0.8317261330761813
12,13,0.03173252279635258,0.8331726133076182,0.8317261330761813
12,14,0.0313677811550152,0.8331726133076182,0.8317261330761813
12,15,0.03185410334346504,0.8331726133076182,0.8317261330761813
12,16,0.035501519756838906,0.8331726133076182,0.8317261330761813
12,17,0.03574468085106383,0.8331726133076182,0.8317261330761813
12,18,0.035379939209726444,0.8331726133076182,0.8317261330761813
12,19,0.035015197568389056,0.8331726133076182,0.8317261330761813
12,20,0.03440729483282675,0.8331726133076182,0.8317261330761813
12,21,0.03963525835866261,0.8331726133076182,0.8317261330761813
12,22,0.031124620060790274,0.8331726133076182,0.8317261330761813
12,23,0.03610942249240122,0.8331726133076182,0.8317261330761813
12,24,0.03696048632218845,0.8331726133076182,0.8317261330761813
12,25,0.039756838905775076,0.8331726133076182,0.8317261330761813
12,26,0.038054711246200607,0.8331726133076182,0.8317261330761813
12,27,0.0364741641337386,0.8331726133076182,0.8317261330761813
12,28,0.03708206686930091,0.8331726133076182,0.8317261330761813
12,29,0.03343465045592705,0.8331726133076182,0.8317261330761813
12,30,0.037203647416413375,0.8331726133076182,0.8317261330761813
13,1,0.033677811550151975,0.8355834136933462,0.834619093539055
13,2,0.029300911854103343,0.8355834136933462,0.834619093539055
13,3,0.03306990881458967,0.8355834136933462,0.834619093539055
13,4,0.030759878419452887,0.8355834136933462,0.834619093539055
13,5,0.029300911854103343,0.8355834136933462,0.834619093539055
13,6,0.031610942249240125,0.8355834136933462,0.834619093539055
13,7,0.029908814589665652,0.8355834136933462,0.834619093539055
13,8,0.02723404255319149,0.8355834136933462,0.834619093539055
13,9,0.02796352583586626,0.8355834136933462,0.834619093539055
13,10,0.02857142857142857,0.8355834136933462,0.834619093539055
13,11,0.030638297872340424,0.8355834136933462,0.834619093539055
13,12,0.031124620060790274,0.8355834136933462,0.834619093539055
13,13,0.03173252279635258,0.8355834136933462,0.834619093539055
13,14,0.0313677811550152,0.8355834136933462,0.834619093539055
13,15,0.03185410334346504,0.8355834136933462,0.834619093539055
13,16,0.035501519756838906,0.8355834136933462,0.834619093539055
13,17,0.03574468085106383,0.8355834136933462,0.834619093539055
13,18,0.035379939209726444,0.8355834136933462,0.834619093539055
13,19,0.035015197568389056,0.8355834136933462,0.834619093539055
13,20,0.03440729483282675,0.8355834136933462,0.834619093539055
13,21,0.03963525835866261,0.8355834136933462,0.834619093539055
13,22,0.031124620060790274,0.8355834136933462,0.834619093539055
13,23,0.03610942249240122,0.8355834136933462,0.834619093539055
13,24,0.03696048632218845,0.8355834136933462,0.834619093539055
13,25,0.039756838905775076,0.8355834136933462,0.834619093539055
13,26,0.038054711246200607,0.8355834136933462,0.834619093539055
13,27,0.0364741641337386,0.8355834136933462,0.834619093539055
13,28,0.03708206686930091,0.8355834136933462,0.834619093539055
13,29,0.03343465045592705,0.8355834136933462,0.834619093539055
13,30,0.037203647416413375,0.8355834136933462,0.834619093539055
14,1,0.033677811550151975,0.8220829315332691,0.8216007714561234
14,2,0.029300911854103343,0.8220829315332691,0.8216007714561234
14,3,0.03306990881458967,0.8220829315332691,0.8216007714561234
14,4,0.030759878419452887,0.8220829315332691,0.8216007714561234
14,5,0.029300911854103343,0.8220829315332691,0.8216007714561234
14,6,0.031610942249240125,0.8220829315332691,0.8216007714561234
14,7,0.029908814589665652,0.8220829315332691,0.8216007714561234
14,8,0.02723404255319149,0.8220829315332691,0.8216007714561234
14,9,0.02796352583586626,0.8220829315332691,0.8216007714561234
14,10,0.02857142857142857,0.8220829315332691,0.8216007714561234
14,11,0.030638297872340424,0.8220829315332691,0.8216007714561234
14,12,0.031124620060790274,0.8220829315332691,0.8216007714561234
14,13,0.03173252279635258,0.8220829315332691,0.8216007714561234
14,14,0.0313677811550152,0.8220829315332691,0.8216007714561234
14,15,0.03185410334346504,0.8220829315332691,0.8216007714561234
14,16,0.035501519756838906,0.8220829315332691,0.8216007714561234
14,17,0.03574468085106383,0.8220829315332691,0.8216007714561234
14,18,0.035379939209726444,0.8220829315332691,0.8216007714561234
14,19,0.035015197568389056,0.8220829315332691,0.8216007714561234
14,20,0.03440729483282675,0.8220829315332691,0.8216007714561234
14,21,0.03963525835866261,0.8220829315332691,0.8216007714561234
14,22,0.031124620060790274,0.8220829315332691,0.8216007714561234
14,23,0.03610942249240122,0.8220829315332691,0.8216007714561234
14,24,0.03696048632218845,0.8220829315332691,0.8216007714561234
14,25,0.039756838905775076,0.8220829315332691,0.8216007714561234
14,26,0.038054711246200607,0.8220829315332691,0.8216007714561234
14,27,0.0364741641337386,0.8220829315332691,0.8216007714561234
14,28,0.03708206686930091,0.8220829315332691,0.8216007714561234
14,29,0.03343465045592705,0.8220829315332691,0.8216007714561234
14,30,0.037203647416413375,0.8220829315332691,0.8216007714561234
15,1,0.031237667422761708,0.8514946962391514,0.8582449373191899
15,2,0.03372664264955916,0.8514946962391514,0.8582449373191899
15,3,0.03287173217305209,0.8514946962391514,0.8582449373191899
15,4,0.02840025263092474,0.8514946962391514,0.8582449373191899
15,5,0.02690725928082538,0.8514946962391514,0.8582449373191899
15,6,0.02374271085304837,0.8514946962391514,0.8582449373191899
15,7,0.03179228017857668,0.8514946962391514,0.8582449373191899
15,8,0.028256834563205574,0.8514946962391514,0.8582449373191899
15,9,0.038764769453212514,0.8514946962391514,0.8582449373191899
15,10,0.02451632487420539,0.8514946962391514,0.8582449373191899
15,11,0.04241725448113193,0.8514946962391514,0.8582449373191899
15,12,0.027894724298661994,0.8514946962391514,0.8582449373191899
15,13,0.023322898566639473,0.8514946962391514,0.8582449373191899
15,14,0.024316192725861937,0.8514946962391514,0.8582449373191899
15,15,0.06152362111649205,0.8514946962391514,0.8582449373191899
15,16,0.03327437648704096,0.8514946962391514,0.8582449373191899
15,17,0.036008007294032876,0.8514946962391514,0.8582449373191899
15,18,0.014601695821709509,0.8514946962391514,0.8582449373191899
15,19,0.07196959580597695,0.8514946962391514,0.8582449373191899
15,20,0.03894273957013526,0.8514946962391514,0.8582449373191899
15,21,0.03636568536061637,0.8514946962391514,0.8582449373191899
15,22,0.0336251603809041,0.8514946962391514,0.8582449373191899
15,23,0.03051933545500142,0.8514946962391514,0.8582449373191899
15,24,0.030310362507574504,0.8514946962391514,0.8582449373191899
15,25,0.018393030415165133,0.8514946962391514,0.8582449373191899
15,26,0.037973915395605795,0.8514946962391514,0.8582449373191899
15,27,0.044165155064986895,0.8514946962391514,0.8582449373191899
15,28,0.03507835081811349,0.8514946962391514,0.8582449373191899
15,29,0.027112371405837696,0.8514946962391514,0.8582449373191899
15,30,0.03196905294914016,0.8514946962391514,0.8582449373191899
16,1,0.033677811550151975,0.8563162970106075,0.8582449373191899
16,2,0.029300911854103343,0.8563162970106075,0.8582449373191899
16,3,0.03306990881458967,0.8563162970106075,0.8582449373191899
16,4,0.030759878419452887,0.8563162970106075,0.8582449373191899
16,5,0.029300911854103343,0.8563162970106075,0.8582449373191899
16,6,0.031610942249240125,0.8563162970106075,0.8582449373191899
16,7,0.029908814589665652,0.8563162970106075,0.8582449373191899
16,8,0.02723404255319149,0.8563162970106075,0.8582449373191899
16,9,0.02796352583586626,0.8563162970106075,0.8582449373191899
16,10,0.02857142857142857,0.8563162970106075,0.8582449373191899
16,11,0.030638297872340424,0.8563162970106075,0.8582449373191899
16,12,0.031124620060790274,0.8563162970106075,0.8582449373191899
16,13,0.03173252279635258,0.8563162970106075,0.8582449373191899
16,14,0.0313677811550152,0.8563162970106075,0.8582449373191899
16,15,0.03185410334346504,0.8563162970106075,0.8582449373191899
16,16,0.035501519756838906,0.8563162970106075,0.8582449373191899
16,17,0.03574468085106383,0.8563162970106075,0.8582449373191899
16,18,0.035379939209726444,0.8563162970106075,0.8582449373191899
16,19,0.035015197568389056,0.8563162970106075,0.8582449373191899
16,20,0.03440729483282675,0.8563162970106075,0.8582449373191899
16,21,0.03963525835866261,0.8563162970106075,0.8582449373191899
16,22,0.031124620060790274,0.8563162970106075,0.8582449373191899
16,23,0.03610942249240122,0.8563162970106075,0.8582449373191899
16,24,0.03696048632218845,0.8563162970106075,0.8582449373191899
16,25,0.039756838905775076,0.8563162970106075,0.8582449373191899
16,26,0.038054711246200607,0.8563162970106075,0.8582449373191899
16,27,0.0364741641337386,0.8563162970106075,0.8582449373191899
16,28,0.03708206686930091,0.8563162970106075,0.8582449373191899
16,29,0.03343465045592705,0.8563162970106075,0.8582449373191899
16,30,0.037203647416413375,0.8563162970106075,0.8582449373191899
17,1,0.03779412159297811,0.817261330761813,0.837029893924783
17,2,0.03347402542705909,0.817261330761813,0.837029893924783
17,3,0.036960644099302456,0.817261330761813,0.837029893924783
17,4,0.03962282197194534,0.817261330761813,0.837029893924783
17,5,0.03404781705029126,0.817261330761813,0.837029893924783
17,6,0.031266402759517455,0.817261330761813,0.837029893924783
17,7,0.03826167181005232,0.817261330761813,0.837029893924783
17,8,0.02618928344906254,0.817261330761813,0.837029893924783
17,9,0.0434241474544444,0.817261330761813,0.837029893924783
17,10,0.03617605913269478,0.817261330761813,0.837029893924783
17,11,0.040088826177792906,0.817261330761813,0.837029893924783
17,12,0.029974742789149682,0.817261330761813,0.837029893924783
17,13,0.020447929672091043,0.817261330761813,0.837029893924783
17,14,0.03830320289761173,0.817261330761813,0.837029893924783
17,15,0.04403559664819575,0.817261330761813,0.837029893924783
17,16,0.0337861636490333,0.817261330761813,0.837029893924783
17,17,0.02612622235881431,0.817261330761813,0.837029893924783
17,18,0.01314421750077741,0.817261330761813,0.837029893924783
17,19,0.04053587272326419,0.817261330761813,0.837029893924783
17,20,0.043184033777411465,0.817261330761813,0.837029893924783
17,21,0.0392851632955898,0.817261330761813,0.837029893924783
17,22,0.03420825472487879,0.817261330761813,0.837029893924783
17,23,0.025720010189440312,0.817261330761813,0.837029893924783
17,24,0.02525610105878718,0.817261330761813,0.837029893924783
17,25,0.017936803040338886,0.817261330761813,0.837029893924783
17,26,0.03468993625456478,0.817261330761813,0.837029893924783
17,27,0.03047018189597282,0.817261330761813,0.837029893924783
17,28,0.029694237354857073,0.817261330761813,0.837029893924783
17,29,0.04535546272460276,0.817261330761813,0.837029893924783
17,30,0.03054004651947819,0.817261330761813,0.837029893924783
18,1,0.033677811550151975,0.837029893924783,0.8360655737704918
18,2,0.029300911854103343,0.837029893924783,0.8360655737704918
18,3,0.03306990881458967,0.837029893924783,0.8360655737704918
18,4,0.030759878419452887,0.837029893924783,0.8360655737704918
18,5,0.029300911854103343,0.837029893924783,0.8360655737704918
18,6,0.031610942249240125,0.837029893924783,0.8360655737704918
18,7,0.029908814589665652,0.837029893924783,0.8360655737704918
18,8,0.02723404255319149,0.837029893924783,0.8360655737704918
18,9,0.02796352583586626,0.837029893924783,0.8360655737704918
18,10,0.02857142857142857,0.837029893924783,0.8360655737704918
18,11,0.030638297872340424,0.837029893924783,0.8360655737704918
18,12,0.031124620060790274,0.837029893924783,0.8360655737704918
18,13,0.03173252279635258,0.837029893924783,0.8360655737704918
18,14,0.0313677811550152,0.837029893924783,0.8360655737704918
18,15,0.03185410334346504,0.837029893924783,0.8360655737704918
18,16,0.035501519756838906,0.837029893924783,0.8360655737704918
18,17,0.03574468085106383,0.837029893924783,0.8360655737704918
18,18,0.035379939209726444,0.837029893924783,0.8360655737704918
18,19,0.035015197568389056,0.837029893924783,0.8360655737704918
18,20,0.03440729483282675,0.837029893924783,0.8360655737704918
18,21,0.03963525835866261,0.837029893924783,0.8360655737704918
18,22,0.031124620060790274,0.837029893924783,0.8360655737704918
18,23,0.03610942249240122,0.837029893924783,0.8360655737704918
18,24,0.03696048632218845,0.837029893924783,0.8360655737704918
18,25,0.039756838905775076,0.837029893924783,0.8360655737704918
18,26,0.038054711246200607,0.837029893924783,0.8360655737704918
18,27,0.0364741641337386,0.837029893924783,0.8360655737704918
18,28,0.03708206686930091,0.837029893924783,0.8360655737704918
18,29,0.03343465045592705,0.837029893924783,0.8360655737704918
18,30,0.037203647416413375,0.837029893924783,0.8360655737704918
19,1,0.033677811550151975,0.8524590163934426,0.8505303760848602
19,2,0.029300911854103343,0.8524590163934426,0.8505303760848602
19,3,0.03306990881458967,0.8524590163934426,0.8505303760848602
19,4,0.030759878419452887,0.8524590163934426,0.8505303760848602
19,5,0.029300911854103343,0.8524590163934426,0.8505303760848602
19,6,0.031610942249240125,0.8524590163934426,0.8505303760848602
19,7,0.029908814589665652,0.8524590163934426,0.8505303760848602
19,8,0.02723404255319149,0.8524590163934426,0.8505303760848602
19,9,0.02796352583586626,0.8524590163934426,0.8505303760848602
19,10,0.02857142857142857,0.8524590163934426,0.8505303760848602
19,11,0.030638297872340424,0.8524590163934426,0.8505303760848602
19,12,0.031124620060790274,0.8524590163934426,0.8505303760848602
19,13,0.03173252279635258,0.8524590163934426,0.8505303760848602
19,14,0.0313677811550152,0.8524590163934426,0.8505303760848602
19,15,0.03185410334346504,0.8524590163934426,0.8505303760848602
19,16,0.035501519756838906,0.8524590163934426,0.8505303760848602
19,17,0.03574468085106383,0.8524590163934426,0.8505303760848602
19,18,0.035379939209726444,0.8524590163934426,0.8505303760848602
19,19,0.035015197568389056,0.8524590163934426,0.8505303760848602
19,20,0.03440729483282675,0.8524590163934426,0.8505303760848602
19,21,0.03963525835866261,0.8524590163934426,0.8505303760848602
19,22,0.031124620060790274,0.8524590163934426,0.8505303760848602
19,23,0.03610942249240122,0.8524590163934426,0.8505303760848602
19,24,0.03696048632218845,0.8524590163934426,0.8505303760848602
19,25,0.039756838905775076,0.8524590163934426,0.8505303760848602
19,26,0.038054711246200607,0.8524590163934426,0.8505303760848602
19,27,0.0364741641337386,0.8524590163934426,0.8505303760848602
19,28,0.03708206686930091,0.8524590163934426,0.8505303760848602
19,29,0.03343465045592705,0.8524590163934426,0.8505303760848602
19,30,0.037203647416413375,0.8524590163934426,0.8505303760848602
20,1,0.033677811550151975,0.8683702989392478,0.8654773384763742
20,2,0.029300911854103343,0.8683702989392478,0.8654773384763742
20,3,0.03306990881458967,0.8683702989392478,0.8654773384763742
20,4,0.030759878419452887,0.8683702989392478,0.8654773384763742
20,5,0.029300911854103343,0.8683702989392478,0.8654773384763742
20,6,0.031610942249240125,0.8683702989392478,0.8654773384763742
20,7,0.029908814589665652,0.8683702989392478,0.8654773384763742
20,8,0.02723404255319149,0.8683702989392478,0.8654773384763742
20,9,0.02796352583586626,0.8683702989392478,0.8654773384763742
20,10,0.02857142857142857,0.8683702989392478,0.8654773384763742
20,11,0.030638297872340424,0.8683702989392478,0.8654773384763742
20,12,0.031124620060790274,0.8683702989392478,0.8654773384763742
20,13,0.03173252279635258,0.8683702989392478,0.8654773384763742
20,14,0.0313677811550152,0.8683702989392478,0.8654773384763742
20,15,0.03185410334346504,0.8683702989392478,0.8654773384763742
20,16,0.035501519756838906,0.8683702989392478,0.8654773384763742
20,17,0.03574468085106383,0.8683702989392478,0.8654773384763742
20,18,0.035379939209726444,0.8683702989392478,0.8654773384763742
20,19,0.035015197568389056,0.8683702989392478,0.8654773384763742
20,20,0.03440729483282675,0.8683702989392478,0.8654773384763742
20,21,0.03963525835866261,0.8683702989392478,0.8654773384763742
20,22,0.031124620060790274,0.8683702989392478,0.8654773384763742
20,23,0.03610942249240122,0.8683702989392478,0.8654773384763742
20,24,0.03696048632218845,0.8683702989392478,0.8654773384763742
20,25,0.039756838905775076,0.8683702989392478,0.8654773384763742
20,26,0.038054711246200607,0.8683702989392478,0.8654773384763742
20,27,0.0364741641337386,0.8683702989392478,0.8654773384763742
20,28,0.03708206686930091,0.8683702989392478,0.8654773384763742
20,29,0.03343465045592705,0.8683702989392478,0.8654773384763742
20,30,0.037203647416413375,0.8683702989392478,0.8654773384763742
21,1,0.04064847468122614,0.8418514946962391,0.8563162970106075
21,2,0.025828789955082483,0.8418514946962391,0.8563162970106075
21,3,0.02989180202068958,0.8418514946962391,0.8563162970106075
21,4,0.03960855807538527,0.8418514946962391,0.8563162970106075
21,5,0.018644469254063253,0.8418514946962391,0.8563162970106075
21,6,0.022032033755081743,0.8418514946962391,0.8563162970106075
21,7,0.036154318907658536,0.8418514946962391,0.8563162970106075
21,8,0.030743238607324242,0.8418514946962391,0.8563162970106075
21,9,0.04611075279928238,0.8418514946962391,0.8563162970106075
21,10,0.03332109967713383,0.8418514946962391,0.8563162970106075
21,11,0.03902093299260841,0.8418514946962391,0.8563162970106075
21,12,0.03820182166879272,0.8418514946962391,0.8563162970106075
21,13,0.027542701710023747,0.8418514946962391,0.8563162970106075
21,14,0.019508935563116645,0.8418514946962391,0.8563162970106075
21,15,0.050025417451068435,0.8418514946962391,0.8563162970106075
21,16,0.019424461112724903,0.8418514946962391,0.8563162970106075
21,17,0.022942679751698072,0.8418514946962391,0.8563162970106075
21,18,0.02011305726836784,0.8418514946962391,0.8563162970106075
21,19,0.04308011843055486,0.8418514946962391,0.8563162970106075
21,20,0.04065827539840142,0.8418514946962391,0.8563162970106075
21,21,0.031127314372585365,0.8418514946962391,0.8563162970106075
21,22,0.03898802179136145,0.8418514946962391,0.8563162970106075
21,23,0.035919748878801755,0.8418514946962391,0.8563162970106075
21,24,0.035250616176017456,0.8418514946962391,0.8563162970106075
21,25,0.021870627638932553,0.8418514946962391,0.8563162970106075
21,26,0.03229689046866253,0.8418514946962391,0.8563162970106075
21,27,0.0504067576526448,0.8418514946962391,0.8563162970106075
21,28,0.0393468337116727,0.8418514946962391,0.8563162970106075
21,29,0.03601513017169382,0.8418514946962391,0.8563162970106075
21,30,0.03527612005734308,0.8418514946962391,0.8563162970106075
22,1,0.033677811550151975,0.8635486981677917,0.8625843780135005
22,2,0.029300911854103343,0.8635486981677917,0.8625843780135005
22,3,0.03306990881458967,0.8635486981677917,0.8625843780135005
22,4,0.030759878419452887,0.8635486981677917,0.8625843780135005
22,5,0.029300911854103343,0.8635486981677917,0.8625843780135005
22,6,0.031610942249240125,0.8635486981677917,0.8625843780135005
22,7,0.029908814589665652,0.8635486981677917,0.8625843780135005
22,8,0.02723404255319149,0.8635486981677917,0.8625843780135005
22,9,0.02796352583586626,0.8635486981677917,0.8625843780135005
22,10,0.02857142857142857,0.8635486981677917,0.8625843780135005
22,11,0.030638297872340424,0.8635486981677917,0.8625843780135005
22,12,0.031124620060790274,0.8635486981677917,0.8625843780135005
22,13,0.03173252279635258,0.8635486981677917,0.8625843780135005
22,14,0.0313677811550152,0.8635486981677917,0.8625843780135005
22,15,0.03185410334346504,0.8635486981677917,0.8625843780135005
22,16,0.035501519756838906,0.8635486981677917,0.8625843780135005
22,17,0.03574468085106383,0.8635486981677917,0.8625843780135005
22,18,0.035379939209726444,0.8635486981677917,0.8625843780135005
22,19,0.035015197568389056,0.8635486981677917,0.8625843780135005
22,20,0.03440729483282675,0.8635486981677917,0.8625843780135005
22,21,0.03963525835866261,0.8635486981677917,0.8625843780135005
22,22,0.031124620060790274,0.8635486981677917,0.8625843780135005
22,23,0.03610942249240122,0.8635486981677917,0.8625843780135005
22,24,0.03696048632218845,0.8635486981677917,0.8625843780135005
22,25,0.039756838905775076,0.8635486981677917,0.8625843780135005
22,26,0.038054711246200607,0.8635486981677917,0.8625843780135005
22,27,0.0364741641337386,0.8635486981677917,0.8625843780135005
22,28,0.03708206686930091,0.8635486981677917,0.8625843780135005
22,29,0.03343465045592705,0.8635486981677917,0.8625843780135005
22,30,0.037203647416413375,0.8635486981677917,0.8625843780135005
23,1,0.033677811550151975,0.8659594985535197,0.8659594985535197
23,2,0.029300911854103343,0.8659594985535197,0.8659594985535197
23,3,0.03306990881458967,0.8659594985535197,0.8659594985535197
23,4,0.030759878419452887,0.8659594985535197,0.8659594985535197
23,5,0.029300911854103343,0.8659594985535197,0.8659594985535197
23,6,0.031610942249240125,0.8659594985535197,0.8659594985535197
23,7,0.029908814589665652,0.8659594985535197,0.8659594985535197
23,8,0.02723404255319149,0.8659594985535197,0.8659594985535197
23,9,0.02796352583586626,0.8659594985535197,0.8659594985535197
23,10,0.02857142857142857,0.8659594985535197,0.8659594985535197
23,11,0.030638297872340424,0.8659594985535197,0.8659594985535197
23,12,0.031124620060790274,0.8659594985535197,0.8659594985535197
23,13,0.03173252279635258,0.8659594985535197,0.8659594985535197
23,14,0.0313677811550152,0.8659594985535197,0.8659594985535197
23,15,0.03185410334346504,0.8659594985535197,0.8659594985535197
23,16,0.035501519756838906,0.8659594985535197,0.8659594985535197
23,17,0.03574468085106383,0.8659594985535197,0.8659594985535197
23,18,0.035379939209726444,0.8659594985535197,0.8659594985535197
23,19,0.035015197568389056,0.8659594985535197,0.8659594985535197
23,20,0.03440729483282675,0.8659594985535197,0.8659594985535197
23,21,0.03963525835866261,0.8659594985535197,0.8659594985535197
23,22,0.031124620060790274,0.8659594985535197,0.8659594985535197
23,23,0.03610942249240122,0.8659594985535197,0.8659594985535197
23,24,0.03696048632218845,0.8659594985535197,0.8659594985535197
23,25,0.039756838905775076,0.8659594985535197,0.8659594985535197
23,26,0.038054711246200607,0.8659594985535197,0.8659594985535197
23,27,0.0364741641337386,0.8659594985535197,0.8659594985535197
23,28,0.03708206686930091,0.8659594985535197,0.8659594985535197
23,29,0.03343465045592705,0.8659594985535197,0.8659594985535197
23,30,0.037203647416413375,0.8659594985535197,0.8659594985535197
24,1,0.033677811550151975,0.8553519768563163,0.8567984570877532
24,2,0.029300911854103343,0.8553519768563163,0.8567984570877532
24,3,0.03306990881458967,0.8553519768563163,0.8567984570877532
24,4,0.030759878419452887,0.8553519768563163,0.8567984570877532
24,5,0.029300911854103343,0.8553519768563163,0.8567984570877532
24,6,0.031610942249240125,0.8553519768563163,0.8567984570877532
24,7,0.029908814589665652,0.8553519768563163,0.8567984570877532
24,8,0.02723404255319149,0.8553519768563163,0.8567984570877532
24,9,0.02796352583586626,0.8553519768563163,0.8567984570877532
24,10,0.02857142857142857,0.8553519768563163,0.8567984570877532
24,11,0.030638297872340424,0.8553519768563163,0.8567984570877532
24,12,0.031124620060790274,0.8553519768563163,0.8567984570877532
24,13,0.03173252279635258,0.8553519768563163,0.8567984570877532
24,14,0.0313677811550152,0.8553519768563163,0.8567984570877532
24,15,0.03185410334346504,0.8553519768563163,0.8567984570877532
24,16,0.035501519756838906,0.8553519768563163,0.8567984570877532
24,17,0.03574468085106383,0.8553519768563163,0.8567984570877532
24,18,0.035379939209726444,0.8553519768563163,0.8567984570877532
24,19,0.035015197568389056,0.8553519768563163,0.8567984570877532
24,20,0.03440729483282675,0.8553519768563163,0.8567984570877532
24,21,0.03963525835866261,0.8553519768563163,0.8567984570877532
24,22,0.031124620060790274,0.8553519768563163,0.8567984570877532
24,23,0.03610942249240122,0.8553519768563163,0.8567984570877532
24,24,0.03696048632218845,0.8553519768563163,0.8567984570877532
24,25,0.039756838905775076,0.8553519768563163,0.8567984570877532
24,26,0.038054711246200607,0.8553519768563163,0.8567984570877532
24,27,0.0364741641337386,0.8553519768563163,0.8567984570877532
24,28,0.03708206686930091,0.8553519768563163,0.8567984570877532
24,29,0.03343465045592705,0.8553519768563163,0.8567984570877532
24,30,0.037203647416413375,0.8553519768563163,0.8567984570877532
25,1,0.033677811550151975,0.8674059787849566,0.866923818707811
25,2,0.029300911854103343,0.8674059787849566,0.866923818707811
25,3,0.03306990881458967,0.8674059787849566,0.866923818707811
25,4,0.030759878419452887,0.8674059787849566,0.866923818707811
25,5,0.029300911854103343,0.8674059787849566,0.866923818707811
25,6,0.031610942249240125,0.8674059787849566,0.866923818707811
25,7,0.029908814589665652,0.8674059787849566,0.866923818707811
25,8,0.02723404255319149,0.8674059787849566,0.866923818707811
25,9,0.02796352583586626,0.8674059787849566,0.866923818707811
25,10,0.02857142857142857,0.8674059787849566,0.866923818707811
25,11,0.030638297872340424,0.8674059787849566,0.866923818707811
25,12,0.031124620060790274,0.8674059787849566,0.866923818707811
25,13,0.03173252279635258,0.8674059787849566,0.866923818707811
25,14,0.0313677811550152,0.8674059787849566,0.866923818707811
25,15,0.03185410334346504,0.8674059787849566,0.866923818707811
25,16,0.035501519756838906,0.8674059787849566,0.866923818707811
25,17,0.03574468085106383,0.8674059787849566,0.866923818707811
25,18,0.035379939209726444,0.8674059787849566,0.866923818707811
25,19,0.035015197568389056,0.8674059787849566,0.866923818707811
25,20,0.03440729483282675,0.8674059787849566,0.866923818707811
25,21,0.03963525835866261,0.8674059787849566,0.866923818707811
25,22,0.031124620060790274,0.8674059787849566,0.866923818707811
25,23,0.03610942249240122,0.8674059787849566,0.866923818707811
25,24,0.03696048632218845,0.8674059787849566,0.866923818707811
25,25,0.039756838905775076,0.8674059787849566,0.866923818707811
25,26,0.038054711246200607,0.8674059787849566,0.866923818707811
25,27,0.0364741641337386,0.8674059787849566,0.866923818707811
25,28,0.03708206686930091,0.8674059787849566,0.866923818707811
25,29,0.03343465045592705,0.8674059787849566,0.866923818707811
25,30,0.037203647416413375,0.8674059787849566,0.866923818707811
26,1,0.033677811550151975,0.869334619093539,0.8688524590163934
26,2,0.029300911854103343,0.869334619093539,0.8688524590163934
26,3,0.03306990881458967,0.869334619093539,0.8688524590163934
26,4,0.030759878419452887,0.869334619093539,0.8688524590163934
26,5,0.029300911854103343,0.869334619093539,0.8688524590163934
26,6,0.031610942249240125,0.869334619093539,0.8688524590163934
26,7,0.029908814589665652,0.869334619093539,0.8688524590163934
26,8,0.02723404255319149,0.869334619093539,0.8688524590163934
26,9,0.02796352583586626,0.869334619093539,0.8688524590163934
26,10,0.02857142857142857,0.869334619093539,0.8688524590163934
26,11,0.030638297872340424,0.869334619093539,0.8688524590163934
26,12,0.031124620060790274,0.869334619093539,0.8688524590163934
26,13,0.03173252279635258,0.869334619093539,0.8688524590163934
26,14,0.0313677811550152,0.869334619093539,0.8688524590163934
26,15,0.03185410334346504,0.869334619093539,0.8688524590163934
26,16,0.035501519756838906,0.869334619093539,0.8688524590163934
26,17,0.03574468085106383,0.869334619093539,0.8688524590163934
26,18,0.035379939209726444,0.869334619093539,0.8688524590163934
26,19,0.035015197568389056,0.869334619093539,0.8688524590163934
26,20,0.03440729483282675,0.869334619093539,0.8688524590163934
26,21,0.03963525835866261,0.869334619093539,0.8688524590163934
26,22,0.031124620060790274,0.869334619093539,0.8688524590163934
26,23,0.03610942249240122,0.869334619093539,0.8688524590163934
26,24,0.03696048632218845,0.869334619093539,0.8688524590163934
26,25,0.039756838905775076,0.869334619093539,0.8688524590163934
26,26,0.038054711246200607,0.869334619093539,0.8688524590163934
26,27,0.0364741641337386,0.869334619093539,0.8688524590163934
26,28,0.03708206686930091,0.869334619093539,0.8688524590163934
26,29,0.03343465045592705,0.869334619093539,0.8688524590163934
26,30,0.037203647416413375,0.869334619093539,0.8688524590163934
27,1,0.033677811550151975,0.8712632594021215,0.8707810993249759
27,2,0.029300911854103343,0.8712632594021215,0.8707810993249759
27,3,0.03306990881458967,0.8712632594021215,0.8707810993249759
27,4,0.030759878419452887,0.8712632594021215,0.8707810993249759
27,5,0.029300911854103343,0.8712632594021215,0.8707810993249759
27,6,0.031610942249240125,0.8712632594021215,0.8707810993249759
27,7,0.029908814589665652,0.8712632594021215,0.8707810993249759
27,8,0.02723404255319149,0.8712632594021215,0.8707810993249759
27,9,0.02796352583586626,0.8712632594021215,0.8707810993249759
27,10,0.02857142857142857,0.8712632594021215,0.8707810993249759
27,11,0.030638297872340424,0.8712632594021215,0.8707810993249759
27,12,0.031124620060790274,0.8712632594021215,0.8707810993249759
27,13,0.03173252279635258,0.8712632594021215,0.8707810993249759
27,14,0.0313677811550152,0.8712632594021215,0.8707810993249759
27,15,0.03185410334346504,0.8712632594021215,0.8707810993249759
27,16,0.035501519756838906,0.8712632594021215,0.8707810993249759
27,17,0.03574468085106383,0.8712632594021215,0.8707810993249759
27,18,0.035379939209726444,0.8712632594021215,0.8707810993249759
27,19,0.035015197568389056,0.8712632594021215,0.8707810993249759
27,20,0.03440729483282675,0.8712632594021215,0.8707810993249759
27,21,0.03963525835866261,0.8712632594021215,0.8707810993249759
27,22,0.031124620060790274,0.8712632594021215,0.8707810993249759
27,23,0.03610942249240122,0.8712632594021215,0.8707810993249759
27,24,0.03696048632218845,0.8712632594021215,0.8707810993249759
27,25,0.039756838905775076,0.8712632594021215,0.8707810993249759
27,26,0.038054711246200607,0.8712632594021215,0.8707810993249759
27,27,0.0364741641337386,0.8712632594021215,0.8707810993249759
27,28,0.03708206686930091,0.8712632594021215,0.8707810993249759
27,29,0.03343465045592705,0.8712632594021215,0.8707810993249759
27,30,0.037203647416413375,0.8712632594021215,0.8707810993249759
28,1,0.033677811550151975,0.866923818707811,0.8678881388621023
28,2,0.029300911854103343,0.866923818707811,0.8678881388621023
28,3,0.03306990881458967,0.866923818707811,0.8678881388621023
28,4,0.030759878419452887,0.866923818707811,0.8678881388621023
28,5,0.029300911854103343,0.866923818707811,0.8678881388621023
28,6,0.031610942249240125,0.866923818707811,0.8678881388621023
28,7,0.029908814589665652,0.866923818707811,0.8678881388621023
28,8,0.02723404255319149,0.866923818707811,0.8678881388621023
28,9,0.02796352583586626,0.866923818707811,0.8678881388621023
28,10,0.02857142857142857,0.866923818707811,0.8678881388621023
28,11,0.030638297872340424,0.866923818707811,0.8678881388621023
28,12,0.031124620060790274,0.866923818707811,0.8678881388621023
28,13,0.03173252279635258,0.866923818707811,0.8678881388621023
28,14,0.0313677811550152,0.866923818707811,0.8678881388621023
28,15,0.03185410334346504,0.866923818707811,0.8678881388621023
28,16,0.035501519756838906,0.866923818707811,0.8678881388621023
28,17,0.03574468085106383,0.866923818707811,0.8678881388621023
28,18,0.035379939209726444,0.866923818707811,0.8678881388621023
28,19,0.035015197568389056,0.866923818707811,0.8678881388621023
28,20,0.03440729483282675,0.866923818707811,0.8678881388621023
28,21,0.03963525835866261,0.866923818707811,0.8678881388621023
28,22,0.031124620060790274,0.866923818707811,0.8678881388621023
28,23,0.03610942249240122,0.866923818707811,0.8678881388621023
28,24,0.03696048632218845,0.866923818707811,0.8678881388621023
28,25,0.039756838905775076,0.866923818707811,0.8678881388621023
28,26,0.038054711246200607,0.866923818707811,0.8678881388621023
28,27,0.0364741641337386,0.866923818707811,0.8678881388621023
28,28,0.03708206686930091,0.866923818707811,0.8678881388621023
28,29,0.03343465045592705,0.866923818707811,0.8678881388621023
28,30,0.037203647416413375,0.866923818707811,0.8678881388621023
29,1,0.033677811550151975,0.8707810993249759,0.8712632594021215
29,2,0.029300911854103343,0.8707810993249759,0.8712632594021215
29,3,0.03306990881458967,0.8707810993249759,0.8712632594021215
29,4,0.030759878419452887,0.8707810993249759,0.8712632594021215
29,5,0.029300911854103343,0.8707810993249759,0.8712632594021215
29,6,0.031610942249240125,0.8707810993249759,0.8712632594021215
29,7,0.029908814589665652,0.8707810993249759,0.8712632594021215
29,8,0.02723404255319149,0.8707810993249759,0.8712632594021215
29,9,0.02796352583586626,0.8707810993249759,0.8712632594021215
29,10,0.02857142857142857,0.8707810993249759,0.8712632594021215
29,11,0.030638297872340424,0.8707810993249759,0.8712632594021215
29,12,0.031124620060790274,0.8707810993249759,0.8712632594021215
29,13,0.03173252279635258,0.8707810993249759,0.8712632594021215
29,14,0.0313677811550152,0.8707810993249759,0.8712632594021215
29,15,0.03185410334346504,0.8707810993249759,0.8712632594021215
29,16,0.035501519756838906,0.8707810993249759,0.8712632594021215
29,17,0.03574468085106383,0.8707810993249759,0.8712632594021215
29,18,0.035379939209726444,0.8707810993249759,0.8712632594021215
29,19,0.035015197568389056,0.8707810993249759,0.8712632594021215
29,20,0.03440729483282675,0.8707810993249759,0.8712632594021215
29,21,0.03963525835866261,0.8707810993249759,0.8712632594021215
29,22,0.031124620060790274,0.8707810993249759,0.8712632594021215
29,23,0.03610942249240122,0.8707810993249759,0.8712632594021215
29,24,0.03696048632218845,0.8707810993249759,0.8712632594021215
29,25,0.039756838905775076,0.8707810993249759,0.8712632594021215
29,26,0.038054711246200607,0.8707810993249759,0.8712632594021215
29,27,0.0364741641337386,0.8707810993249759,0.8712632594021215
29,28,0.03708206686930091,0.8707810993249759,0.8712632594021215
29,29,0.03343465045592705,0.8707810993249759,0.8712632594021215
29,30,0.037203647416413375,0.8707810993249759,0.8712632594021215
30,1,0.033677811550151975,0.8659594985535197,0.8659594985535197
30,2,0.029300911854103343,0.8659594985535197,0.8659594985535197
30,3,0.03306990881458967,0.8659594985535197,0.8659594985535197
30,4,0.030759878419452887,0.8659594985535197,0.8659594985535197
30,5,0.029300911854103343,0.8659594985535197,0.8659594985535197
30,6,0.031610942249240125,0.8659594985535197,0.8659594985535197
30,7,0.029908814589665652,0.8659594985535197,0.8659594985535197
30,8,0.02723404255319149,0.8659594985535197,0.8659594985535197
30,9,0.02796352583586626,0.8659594985535197,0.8659594985535197
30,10,0.02857142857142857,0.8659594985535197,0.8659594985535197
30,11,0.030638297872340424,0.8659594985535197,0.8659594985535197
30,12,0.031124620060790274,0.8659594985535197,0.8659594985535197
30,13,0.03173252279635258,0.8659594985535197,0.8659594985535197
30,14,0.0313677811550152,0.8659594985535197,0.8659594985535197
30,15,0.03185410334346504,0.8659594985535197,0.8659594985535197
30,16,0.035501519756838906,0.8659594985535197,0.8659594985535197
30,17,0.03574468085106383,0.8659594985535197,0.8659594985535197
30,18,0.035379939209726444,0.8659594985535197,0.8659594985535197
30,19,0.035015197568389056,0.8659594985535197,0.8659594985535197
30,20,0.03440729483282675,0.8659594985535197,0.8659594985535197
30,21,0.03963525835866261,0.8659594985535197,0.8659594985535197
30,22,0.031124620060790274,0.8659594985535197,0.8659594985535197
30,23,0.03610942249240122,0.8659594985535197,0.8659594985535197
30,24,0.03696048632218845,0.8659594985535197,0.8659594985535197
30,25,0.039756838905775076,0.8659594985535197,0.8659594985535197
30,26,0.038054711246200607,0.8659594985535197,0.8659594985535197
30,27,0.0364741641337386,0.8659594985535197,0.8659594985535197
30,28,0.03708206686930091,0.8659594985535197,0.8659594985535197
30,29,0.03343465045592705,0.8659594985535197,0.8659594985535197
30,30,0.037203647416413375,0.8659594985535197,0.8659594985535197
31,1,0.033677811550151975,0.8727097396335584,0.8727097396335584
31,2,0.029300911854103343,0.8727097396335584,0.8727097396335584
31,3,0.03306990881458967,0.8727097396335584,0.8727097396335584
31,4,0.030759878419452887,0.8727097396335584,0.8727097396335584
31,5,0.029300911854103343,0.8727097396335584,0.8727097396335584
31,6,0.031610942249240125,0.8727097396335584,0.8727097396335584
31,7,0.029908814589665652,0.8727097396335584,0.8727097396335584
31,8,0.02723404255319149,0.8727097396335584,0.8727097396335584
31,9,0.02796352583586626,0.8727097396335584,0.8727097396335584
31,10,0.02857142857142857,0.8727097396335584,0.8727097396335584
31,11,0.030638297872340424,0.8727097396335584,0.8727097396335584
31,12,0.031124620060790274,0.8727097396335584,0.8727097396335584
31,13,0.03173252279635258,0.8727097396335584,0.8727097396335584
31,14,0.0313677811550152,0.8727097396335584,0.8727097396335584
31,15,0.03185410334346504,0.8727097396335584,0.8727097396335584
31,16,0.035501519756838906,0.8727097396335584,0.8727097396335584
31,17,0.03574468085106383,0.8727097396335584,0.8727097396335584
31,18,0.035379939209726444,0.8727097396335584,0.8727097396335584
31,19,0.035015197568389056,0.8727097396335584,0.8727097396335584
31,20,0.03440729483282675,0.8727097396335584,0.8727097396335584
31,21,0.03963525835866261,0.8727097396335584,0.8727097396335584
31,22,0.031124620060790274,0.8727097396335584,0.8727097396335584
31,23,0.03610942249240122,0.8727097396335584,0.8727097396335584
31,24,0.03696048632218845,0.8727097396335584,0.8727097396335584
31,25,0.039756838905775076,0.8727097396335584,0.8727097396335584
31,26,0.038054711246200607,0.8727097396335584,0.8727097396335584
31,27,0.0364741641337386,0.8727097396335584,0.8727097396335584
31,28,0.03708206686930091,0.8727097396335584,0.8727097396335584
31,29,0.03343465045592705,0.8727097396335584,0.8727097396335584
31,30,0.037203647416413375,0.8727097396335584,0.8727097396335584
32,1,0.033677811550151975,0.8741562198649951,0.873191899710704
32,2,0.029300911854103343,0.8741562198649951,0.873191899710704
32,3,0.03306990881458967,0.8741562198649951,0.873191899710704
32,4,0.030759878419452887,0.8741562198649951,0.873191899710704
32,5,0.029300911854103343,0.8741562198649951,0.873191899710704
32,6,0.031610942249240125,0.8741562198649951,0.873191899710704
32,7,0.029908814589665652,0.8741562198649951,0.873191899710704
32,8,0.02723404255319149,0.8741562198649951,0.873191899710704
32,9,0.02796352583586626,0.8741562198649951,0.873191899710704
32,10,0.02857142857142857,0.8741562198649951,0.873191899710704
32,11,0.030638297872340424,0.8741562198649951,0.873191899710704
32,12,0.031124620060790274,0.8741562198649951,0.873191899710704
32,13,0.03173252279635258,0.8741562198649951,0.873191899710704
32,14,0.0313677811550152,0.8741562198649951,0.873191899710704
32,15,0.03185410334346504,0.8741562198649951,0.873191899710704
32,16,0.035501519756838906,0.8741562198649951,0.873191899710704
32,17,0.03574468085106383,0.8741562198649951,0.873191899710704
32,18,0.035379939209726444,0.8741562198649951,0.873191899710704
32,19,0.035015197568389056,0.8741562198649951,0.873191899710704
32,20,0.03440729483282675,0.8741562198649951,0.873191899710704
32,21,0.03963525835866261,0.8741562198649951,0.873191899710704
32,22,0.031124620060790274,0.8741562198649951,0.873191899710704
32,23,0.03610942249240122,0.8741562198649951,0.873191899710704
32,24,0.03696048632218845,0.8741562198649951,0.873191899710704
32,25,0.039756838905775076,0.8741562198649951,0.873191899710704
32,26,0.038054711246200607,0.8741562198649951,0.873191899710704
32,27,0.0364741641337386,0.8741562198649951,0.873191899710704
32,28,0.03708206686930091,0.8741562198649951,0.873191899710704
32,29,0.03343465045592705,0.8741562198649951,0.873191899710704
32,30,0.037203647416413375,0.8741562198649951,0.873191899710704
33,1,0.033677811550151975,0.8736740597878495,0.873191899710704
33,2,0.029300911854103343,0.8736740597878495,0.873191899710704
33,3,0.03306990881458967,0.8736740597878495,0.873191899710704
33,4,0.030759878419452887,0.8736740597878495,0.873191899710704
33,5,0.029300911854103343,0.8736740597878495,0.873191899710704
33,6,0.031610942249240125,0.8736740597878495,0.873191899710704
33,7,0.029908814589665652,0.8736740597878495,0.873191899710704
33,8,0.02723404255319149,0.8736740597878495,0.873191899710704
33,9,0.02796352583586626,0.8736740597878495,0.873191899710704
33,10,0.02857142857142857,0.8736740597878495,0.873191899710704
33,11,0.030638297872340424,0.8736740597878495,0.873191899710704
33,12,0.031124620060790274,0.8736740597878495,0.873191899710704
33,13,0.03173252279635258,0.8736740597878495,0.873191899710704
33,14,0.0313677811550152,0.8736740597878495,0.873191899710704
33,15,0.03185410334346504,0.8736740597878495,0.873191899710704
33,16,0.035501519756838906,0.8736740597878495,0.873191899710704
33,17,0.03574468085106383,0.8736740597878495,0.873191899710704
33,18,0.035379939209726444,0.8736740597878495,0.873191899710704
33,19,0.035015197568389056,0.8736740597878495,0.873191899710704
33,20,0.03440729483282675,0.8736740597878495,0.873191899710704
33,21,0.03963525835866261,0.8736740597878495,0.873191899710704
33,22,0.031124620060790274,0.8736740597878495,0.873191899710704
33,23,0.03610942249240122,0.8736740597878495,0.873191899710704
33,24,0.03696048632218845,0.8736740597878495,0.873191899710704
33,25,0.039756838905775076,0.8736740597878495,0.873191899710704
33,26,0.038054711246200607,0.8736740597878495,0.873191899710704
33,27,0.0364741641337386,0.8736740597878495,0.873191899710704
33,28,0.03708206686930091,0.8736740597878495,0.873191899710704
33,29,0.03343465045592705,0.8736740597878495,0.873191899710704
33,30,0.037203647416413375,0.8736740597878495,0.873191899710704
34,1,0.033677811550151975,0.8751205400192864,0.875602700096432
34,2,0.029300911854103343,0.8751205400192864,0.875602700096432
34,3,0.03306990881458967,0.8751205400192864,0.875602700096432
34,4,0.030759878419452887,0.8751205400192864,0.875602700096432
34,5,0.029300911854103343,0.8751205400192864,0.875602700096432
34,6,0.031610942249240125,0.8751205400192864,0.875602700096432
34,7,0.029908814589665652,0.8751205400192864,0.875602700096432
34,8,0.02723404255319149,0.8751205400192864,0.875602700096432
34,9,0.02796352583586626,0.8751205400192864,0.875602700096432
34,10,0.02857142857142857,0.8751205400192864,0.875602700096432
34,11,0.030638297872340424,0.8751205400192864,0.875602700096432
34,12,0.031124620060790274,0.8751205400192864,0.875602700096432
34,13,0.03173252279635258,0.8751205400192864,0.875602700096432
34,14,0.0313677811550152,0.8751205400192864,0.875602700096432
34,15,0.03185410334346504,0.8751205400192864,0.875602700096432
34,16,0.035501519756838906,0.8751205400192864,0.875602700096432
34,17,0.03574468085106383,0.8751205400192864,0.875602700096432
34,18,0.035379939209726444,0.8751205400192864,0.875602700096432
34,19,0.035015197568389056,0.8751205400192864,0.875602700096432
34,20,0.03440729483282675,0.8751205400192864,0.875602700096432
34,21,0.03963525835866261,0.8751205400192864,0.875602700096432
34,22,0.031124620060790274,0.8751205400192864,0.875602700096432
34,23,0.03610942249240122,0.8751205400192864,0.875602700096432
34,24,0.03696048632218845,0.8751205400192864,0.875602700096432
34,25,0.039756838905775076,0.8751205400192864,0.875602700096432
34,26,0.038054711246200607,0.8751205400192864,0.875602700096432
34,27,0.0364741641337386,0.8751205400192864,0.875602700096432
34,28,0.03708206686930091,0.8751205400192864,0.875602700096432
34,29,0.03343465045592705,0.8751205400192864,0.875602700096432
34,30,0.037203647416413375,0.8751205400192864,0.875602700096432
35,1,0.033677811550151975,0.875602700096432,0.8770491803278688
35,2,0.029300911854103343,0.875602700096432,0.8770491803278688
35,3,0.03306990881458967,0.875602700096432,0.8770491803278688
35,4,0.030759878419452887,0.875602700096432,0.8770491803278688
35,5,0.029300911854103343,0.875602700096432,0.8770491803278688
35,6,0.031610942249240125,0.875602700096432,0.8770491803278688
35,7,0.029908814589665652,0.875602700096432,0.8770491803278688
35,8,0.02723404255319149,0.875602700096432,0.8770491803278688
35,9,0.02796352583586626,0.875602700096432,0.8770491803278688
35,10,0.02857142857142857,0.875602700096432,0.8770491803278688
35,11,0.030638297872340424,0.875602700096432,0.8770491803278688
35,12,0.031124620060790274,0.875602700096432,0.8770491803278688
35,13,0.03173252279635258,0.875602700096432,0.8770491803278688
35,14,0.0313677811550152,0.875602700096432,0.8770491803278688
35,15,0.03185410334346504,0.875602700096432,0.8770491803278688
35,16,0.035501519756838906,0.875602700096432,0.8770491803278688
35,17,0.03574468085106383,0.875602700096432,0.8770491803278688
35,18,0.035379939209726444,0.875602700096432,0.8770491803278688
35,19,0.035015197568389056,0.875602700096432,0.8770491803278688
35,20,0.03440729483282675,0.875602700096432,0.8770491803278688
35,21,0.03963525835866261,0.875602700096432,0.8770491803278688
35,22,0.031124620060790274,0.875602700096432,0.8770491803278688
35,23,0.03610942249240122,0.875602700096432,0.8770491803278688
35,24,0.03696048632218845,0.875602700096432,0.8770491803278688
35,25,0.039756838905775076,0.875602700096432,0.8770491803278688
35,26,0.038054711246200607,0.875602700096432,0.8770491803278688
35,27,0.0364741641337386,0.875602700096432,0.8770491803278688
35,28,0.03708206686930091,0.875602700096432,0.8770491803278688
35,29,0.03343465045592705,0.875602700096432,0.8770491803278688
35,30,0.037203647416413375,0.875602700096432,0.8770491803278688
36,1,0.033677811550151975,0.8799421407907425,0.8804243008678881
36,2,0.029300911854103343,0.8799421407907425,0.8804243008678881
36,3,0.03306990881458967,0.8799421407907425,0.8804243008678881
36,4,0.030759878419452887,0.8799421407907425,0.8804243008678881
36,5,0.029300911854103343,0.8799421407907425,0.8804243008678881
36,6,0.031610942249240125,0.8799421407907425,0.8804243008678881
36,7,0.029908814589665652,0.8799421407907425,0.8804243008678881
36,8,0.02723404255319149,0.8799421407907425,0.8804243008678881
36,9,0.02796352583586626,0.8799421407907425,0.8804243008678881
36,10,0.02857142857142857,0.8799421407907425,0.8804243008678881
36,11,0.030638297872340424,0.8799421407907425,0.8804243008678881
36,12,0.031124620060790274,0.8799421407907425,0.8804243008678881
36,13,0.03173252279635258,0.8799421407907425,0.8804243008678881
36,14,0.0313677811550152,0.8799421407907425,0.8804243008678881
36,15,0.03185410334346504,0.8799421407907425,0.8804243008678881
36,16,0.035501519756838906,0.8799421407907425,0.8804243008678881
36,17,0.03574468085106383,0.8799421407907425,0.8804243008678881
36,18,0.035379939209726444,0.8799421407907425,0.8804243008678881
36,19,0.035015197568389056,0.8799421407907425,0.8804243008678881
36,20,0.03440729483282675,0.8799421407907425,0.8804243008678881
36,21,0.03963525835866261,0.8799421407907425,0.8804243008678881
36,22,0.031124620060790274,0.8799421407907425,0.8804243008678881
36,23,0.03610942249240122,0.8799421407907425,0.8804243008678881
36,24,0.03696048632218845,0.8799421407907425,0.8804243008678881
36,25,0.039756838905775076,0.8799421407907425,0.8804243008678881
36,26,0.038054711246200607,0.8799421407907425,0.8804243008678881
36,27,0.0364741641337386,0.8799421407907425,0.8804243008678881
36,28,0.03708206686930091,0.8799421407907425,0.8804243008678881
36,29,0.03343465045592705,0.8799421407907425,0.8804243008678881
36,30,0.037203647416413375,0.8799421407907425,0.8804243008678881
37,1,0.033677811550151975,0.875602700096432,0.8775313404050145
37,2,0.029300911854103343,0.875602700096432,0.8775313404050145
37,3,0.03306990881458967,0.875602700096432,0.8775313404050145
37,4,0.030759878419452887,0.875602700096432,0.8775313404050145
37,5,0.029300911854103343,0.875602700096432,0.8775313404050145
37,6,0.031610942249240125,0.875602700096432,0.8775313404050145
37,7,0.029908814589665652,0.875602700096432,0.8775313404050145
37,8,0.02723404255319149,0.875602700096432,0.8775313404050145
37,9,0.02796352583586626,0.875602700096432,0.8775313404050145
37,10,0.02857142857142857,0.875602700096432,0.8775313404050145
37,11,0.030638297872340424,0.875602700096432,0.8775313404050145
37,12,0.031124620060790274,0.875602700096432,0.8775313404050145
37,13,0.03173252279635258,0.875602700096432,0.8775313404050145
37,14,0.0313677811550152,0.875602700096432,0.8775313404050145
37,15,0.03185410334346504,0.875602700096432,0.8775313404050145
37,16,0.035501519756838906,0.875602700096432,0.8775313404050145
37,17,0.03574468085106383,0.875602700096432,0.8775313404050145
37,18,0.035379939209726444,0.875602700096432,0.8775313404050145
37,19,0.035015197568389056,0.875602700096432,0.8775313404050145
37,20,0.03440729483282675,0.875602700096432,0.8775313404050145
37,21,0.03963525835866261,0.875602700096432,0.8775313404050145
37,22,0.031124620060790274,0.875602700096432,0.8775313404050145
37,23,0.03610942249240122,0.875602700096432,0.8775313404050145
37,24,0.03696048632218845,0.875602700096432,0.8775313404050145
37,25,0.039756838905775076,0.875602700096432,0.8775313404050145
37,26,0.038054711246200607,0.875602700096432,0.8775313404050145
37,27,0.0364741641337386,0.875602700096432,0.8775313404050145
37,28,0.03708206686930091,0.875602700096432,0.8775313404050145
37,29,0.03343465045592705,0.875602700096432,0.8775313404050145
37,30,0.037203647416413375,0.875602700096432,0.8775313404050145
38,1,0.033677811550151975,0.8760848601735777,0.8765670202507232
38,2,0.029300911854103343,0.8760848601735777,0.8765670202507232
38,3,0.03306990881458967,0.8760848601735777,0.8765670202507232
38,4,0.030759878419452887,0.8760848601735777,0.8765670202507232
38,5,0.029300911854103343,0.8760848601735777,0.8765670202507232
38,6,0.031610942249240125,0.8760848601735777,0.8765670202507232
38,7,0.029908814589665652,0.8760848601735777,0.8765670202507232
38,8,0.02723404255319149,0.8760848601735777,0.8765670202507232
38,9,0.02796352583586626,0.8760848601735777,0.8765670202507232
38,10,0.02857142857142857,0.8760848601735777,0.8765670202507232
38,11,0.030638297872340424,0.8760848601735777,0.8765670202507232
38,12,0.031124620060790274,0.8760848601735777,0.8765670202507232
38,13,0.03173252279635258,0.8760848601735777,0.8765670202507232
38,14,0.0313677811550152,0.8760848601735777,0.8765670202507232
38,15,0.03185410334346504,0.8760848601735777,0.8765670202507232
38,16,0.035501519756838906,0.8760848601735777,0.8765670202507232
38,17,0.03574468085106383,0.8760848601735777,0.8765670202507232
38,18,0.035379939209726444,0.8760848601735777,0.8765670202507232
38,19,0.035015197568389056,0.8760848601735777,0.8765670202507232
38,20,0.03440729483282675,0.8760848601735777,0.8765670202507232
38,21,0.03963525835866261,0.8760848601735777,0.8765670202507232
38,22,0.031124620060790274,0.8760848601735777,0.8765670202507232
38,23,0.03610942249240122,0.8760848601735777,0.8765670202507232
38,24,0.03696048632218845,0.8760848601735777,0.8765670202507232
38,25,0.039756838905775076,0.8760848601735777,0.8765670202507232
38,26,0.038054711246200607,0.8760848601735777,0.8765670202507232
38,27,0.0364741641337386,0.8760848601735777,0.8765670202507232
38,28,0.03708206686930091,0.8760848601735777,0.8765670202507232
38,29,0.03343465045592705,0.8760848601735777,0.8765670202507232
38,30,0.037203647416413375,0.8760848601735777,0.8765670202507232
39,1,0.033677811550151975,0.8765670202507232,0.8775313404050145
39,2,0.029300911854103343,0.8765670202507232,0.8775313404050145
39,3,0.03306990881458967,0.8765670202507232,0.8775313404050145
39,4,0.030759878419452887,0.8765670202507232,0.8775313404050145
39,5,0.029300911854103343,0.8765670202507232,0.8775313404050145
39,6,0.031610942249240125,0.8765670202507232,0.8775313404050145
39,7,0.029908814589665652,0.8765670202507232,0.8775313404050145
39,8,0.02723404255319149,0.8765670202507232,0.8775313404050145
39,9,0.02796352583586626,0.8765670202507232,0.8775313404050145
39,10,0.02857142857142857,0.8765670202507232,0.8775313404050145
39,11,0.030638297872340424,0.8765670202507232,0.8775313404050145
39,12,0.031124620060790274,0.8765670202507232,0.8775313404050145
39,13,0.03173252279635258,0.8765670202507232,0.8775313404050145
39,14,0.0313677811550152,0.8765670202507232,0.8775313404050145
39,15,0.03185410334346504,0.8765670202507232,0.8775313404050145
39,16,0.035501519756838906,0.8765670202507232,0.8775313404050145
39,17,0.03574468085106383,0.8765670202507232,0.8775313404050145
39,18,0.035379939209726444,0.8765670202507232,0.8775313404050145
39,19,0.035015197568389056,0.8765670202507232,0.8775313404050145
39,20,0.03440729483282675,0.8765670202507232,0.8775313404050145
39,21,0.03963525835866261,0.8765670202507232,0.8775313404050145
39,22,0.031124620060790274,0.8765670202507232,0.8775313404050145
39,23,0.03610942249240122,0.8765670202507232,0.8775313404050145
39,24,0.03696048632218845,0.8765670202507232,0.8775313404050145
39,25,0.039756838905775076,0.8765670202507232,0.8775313404050145
39,26,0.038054711246200607,0.8765670202507232,0.8775313404050145
39,27,0.0364741641337386,0.8765670202507232,0.8775313404050145
39,28,0.03708206686930091,0.8765670202507232,0.8775313404050145
39,29,0.03343465045592705,0.8765670202507232,0.8775313404050145
39,30,0.037203647416413375,0.8765670202507232,0.8775313404050145
40,1,0.033677811550151975,0.875602700096432,0.8751205400192864
40,2,0.029300911854103343,0.875602700096432,0.8751205400192864
40,3,0.03306990881458967,0.875602700096432,0.8751205400192864
40,4,0.030759878419452887,0.875602700096432,0.8751205400192864
40,5,0.029300911854103343,0.875602700096432,0.8751205400192864
40,6,0.031610942249240125,0.875602700096432,0.8751205400192864
40,7,0.029908814589665652,0.875602700096432,0.8751205400192864
40,8,0.02723404255319149,0.875602700096432,0.8751205400192864
40,9,0.02796352583586626,0.875602700096432,0.8751205400192864
40,10,0.02857142857142857,0.875602700096432,0.8751205400192864
40,11,0.030638297872340424,0.875602700096432,0.8751205400192864
40,12,0.031124620060790274,0.875602700096432,0.8751205400192864
40,13,0.03173252279635258,0.875602700096432,0.8751205400192864
40,14,0.0313677811550152,0.875602700096432,0.8751205400192864
40,15,0.03185410334346504,0.875602700096432,0.8751205400192864
40,16,0.035501519756838906,0.875602700096432,0.8751205400192864
40,17,0.03574468085106383,0.875602700096432,0.8751205400192864
40,18,0.035379939209726444,0.875602700096432,0.8751205400192864
40,19,0.035015197568389056,0.875602700096432,0.8751205400192864
40,20,0.03440729483282675,0.875602700096432,0.8751205400192864
40,21,0.03963525835866261,0.875602700096432,0.8751205400192864
40,22,0.031124620060790274,0.875602700096432,0.8751205400192864
40,23,0.03610942249240122,0.875602700096432,0.8751205400192864
40,24,0.03696048632218845,0.875602700096432,0.8751205400192864
40,25,0.039756838905775076,0.875602700096432,0.8751205400192864
40,26,0.038054711246200607,0.875602700096432,0.8751205400192864
40,27,0.0364741641337386,0.875602700096432,0.8751205400192864
40,28,0.03708206686930091,0.875602700096432,0.8751205400192864
40,29,0.03343465045592705,0.875602700096432,0.8751205400192864
40,30,0.037203647416413375,0.875602700096432,0.8751205400192864
41,1,0.033677811550151975,0.8828351012536162,0.8828351012536162
41,2,0.029300911854103343,0.8828351012536162,0.8828351012536162
41,3,0.03306990881458967,0.8828351012536162,0.8828351012536162
41,4,0.030759878419452887,0.8828351012536162,0.8828351012536162
41,5,0.029300911854103343,0.8828351012536162,0.8828351012536162
41,6,0.031610942249240125,0.8828351012536162,0.8828351012536162
41,7,0.029908814589665652,0.8828351012536162,0.8828351012536162
41,8,0.02723404255319149,0.8828351012536162,0.8828351012536162
41,9,0.02796352583586626,0.8828351012536162,0.8828351012536162
41,10,0.02857142857142857,0.8828351012536162,0.8828351012536162
41,11,0.030638297872340424,0.8828351012536162,0.8828351012536162
41,12,0.031124620060790274,0.8828351012536162,0.8828351012536162
41,13,0.03173252279635258,0.8828351012536162,0.8828351012536162
41,14,0.0313677811550152,0.8828351012536162,0.8828351012536162
41,15,0.03185410334346504,0.8828351012536162,0.8828351012536162
41,16,0.035501519756838906,0.8828351012536162,0.8828351012536162
41,17,0.03574468085106383,0.8828351012536162,0.8828351012536162
41,18,0.035379939209726444,0.8828351012536162,0.8828351012536162
41,19,0.035015197568389056,0.8828351012536162,0.8828351012536162
41,20,0.03440729483282675,0.8828351012536162,0.8828351012536162
41,21,0.03963525835866261,0.8828351012536162,0.8828351012536162
41,22,0.031124620060790274,0.8828351012536162,0.8828351012536162
41,23,0.03610942249240122,0.8828351012536162,0.8828351012536162
41,24,0.03696048632218845,0.8828351012536162,0.8828351012536162
41,25,0.039756838905775076,0.8828351012536162,0.8828351012536162
41,26,0.038054711246200607,0.8828351012536162,0.8828351012536162
41,27,0.0364741641337386,0.8828351012536162,0.8828351012536162
41,28,0.03708206686930091,0.8828351012536162,0.8828351012536162
41,29,0.03343465045592705,0.8828351012536162,0.8828351012536162
41,30,0.037203647416413375,0.8828351012536162,0.8828351012536162
42,1,0.033677811550151975,0.8828351012536162,0.8823529411764706
42,2,0.029300911854103343,0.8828351012536162,0.8823529411764706
42,3,0.03306990881458967,0.8828351012536162,0.8823529411764706
42,4,0.030759878419452887,0.8828351012536162,0.8823529411764706
42,5,0.029300911854103343,0.8828351012536162,0.8823529411764706
42,6,0.031610942249240125,0.8828351012536162,0.8823529411764706
42,7,0.029908814589665652,0.8828351012536162,0.8823529411764706
42,8,0.02723404255319149,0.8828351012536162,0.8823529411764706
42,9,0.02796352583586626,0.8828351012536162,0.8823529411764706
42,10,0.02857142857142857,0.8828351012536162,0.8823529411764706
42,11,0.030638297872340424,0.8828351012536162,0.8823529411764706
42,12,0.031124620060790274,0.8828351012536162,0.8823529411764706
42,13,0.03173252279635258,0.8828351012536162,0.8823529411764706
42,14,0.0313677811550152,0.8828351012536162,0.8823529411764706
42,15,0.03185410334346504,0.8828351012536162,0.8823529411764706
42,16,0.035501519756838906,0.8828351012536162,0.8823529411764706
42,17,0.03574468085106383,0.8828351012536162,0.8823529411764706
42,18,0.035379939209726444,0.8828351012536162,0.8823529411764706
42,19,0.035015197568389056,0.8828351012536162,0.8823529411764706
42,20,0.03440729483282675,0.8828351012536162,0.8823529411764706
42,21,0.03963525835866261,0.8828351012536162,0.8823529411764706
42,22,0.031124620060790274,0.8828351012536162,0.8823529411764706
42,23,0.03610942249240122,0.8828351012536162,0.8823529411764706
42,24,0.03696048632218845,0.8828351012536162,0.8823529411764706
42,25,0.039756838905775076,0.8828351012536162,0.8823529411764706
42,26,0.038054711246200607,0.8828351012536162,0.8823529411764706
42,27,0.0364741641337386,0.8828351012536162,0.8823529411764706
42,28,0.03708206686930091,0.8828351012536162,0.8823529411764706
42,29,0.03343465045592705,0.8828351012536162,0.8823529411764706
42,30,0.037203647416413375,0.8828351012536162,0.8823529411764706
43,1,0.033677811550151975,0.8895853423336548,0.8891031822565092
43,2,0.029300911854103343,0.8895853423336548,0.8891031822565092
43,3,0.03306990881458967,0.8895853423336548,0.8891031822565092
43,4,0.030759878419452887,0.8895853423336548,0.8891031822565092
43,5,0.029300911854103343,0.8895853423336548,0.8891031822565092
43,6,0.031610942249240125,0.8895853423336548,0.8891031822565092
43,7,0.029908814589665652,0.8895853423336548,0.8891031822565092
43,8,0.02723404255319149,0.8895853423336548,0.8891031822565092
43,9,0.02796352583586626,0.8895853423336548,0.8891031822565092
43,10,0.02857142857142857,0.8895853423336548,0.8891031822565092
43,11,0.030638297872340424,0.8895853423336548,0.8891031822565092
43,12,0.031124620060790274,0.8895853423336548,0.8891031822565092
43,13,0.03173252279635258,0.8895853423336548,0.8891031822565092
43,14,0.0313677811550152,0.8895853423336548,0.8891031822565092
43,15,0.03185410334346504,0.8895853423336548,0.8891031822565092
43,16,0.035501519756838906,0.8895853423336548,0.8891031822565092
43,17,0.03574468085106383,0.8895853423336548,0.8891031822565092
43,18,0.035379939209726444,0.8895853423336548,0.8891031822565092
43,19,0.035015197568389056,0.8895853423336548,0.8891031822565092
43,20,0.03440729483282675,0.8895853423336548,0.8891031822565092
43,21,0.03963525835866261,0.8895853423336548,0.8891031822565092
43,22,0.031124620060790274,0.8895853423336548,0.8891031822565092
43,23,0.03610942249240122,0.8895853423336548,0.8891031822565092
43,24,0.03696048632218845,0.8895853423336548,0.8891031822565092
43,25,0.039756838905775076,0.8895853423336548,0.8891031822565092
43,26,0.038054711246200607,0.8895853423336548,0.8891031822565092
43,27,0.0364741641337386,0.8895853423336548,0.8891031822565092
43,28,0.03708206686930091,0.8895853423336548,0.8891031822565092
43,29,0.03343465045592705,0.8895853423336548,0.8891031822565092
43,30,0.037203647416413375,0.8895853423336548,0.8891031822565092
44,1,0.033677811550151975,0.8852459016393442,0.8852459016393442
44,2,0.029300911854103343,0.8852459016393442,0.8852459016393442
44,3,0.03306990881458967,0.8852459016393442,0.8852459016393442
44,4,0.030759878419452887,0.8852459016393442,0.8852459016393442
44,5,0.029300911854103343,0.8852459016393442,0.8852459016393442
44,6,0.031610942249240125,0.8852459016393442,0.8852459016393442
44,7,0.029908814589665652,0.8852459016393442,0.8852459016393442
44,8,0.02723404255319149,0.8852459016393442,0.8852459016393442
44,9,0.02796352583586626,0.8852459016393442,0.8852459016393442
44,10,0.02857142857142857,0.8852459016393442,0.8852459016393442
44,11,0.030638297872340424,0.8852459016393442,0.8852459016393442
44,12,0.031124620060790274,0.8852459016393442,0.8852459016393442
44,13,0.03173252279635258,0.8852459016393442,0.8852459016393442
44,14,0.0313677811550152,0.8852459016393442,0.8852459016393442
44,15,0.03185410334346504,0.8852459016393442,0.8852459016393442
44,16,0.035501519756838906,0.8852459016393442,0.8852459016393442
44,17,0.03574468085106383,0.8852459016393442,0.8852459016393442
44,18,0.035379939209726444,0.8852459016393442,0.8852459016393442
44,19,0.035015197568389056,0.8852459016393442,0.8852459016393442
44,20,0.03440729483282675,0.8852459016393442,0.8852459016393442
44,21,0.03963525835866261,0.8852459016393442,0.8852459016393442
44,22,0.031124620060790274,0.8852459016393442,0.8852459016393442
44,23,0.03610942249240122,0.8852459016393442,0.8852459016393442
44,24,0.03696048632218845,0.8852459016393442,0.8852459016393442
44,25,0.039756838905775076,0.8852459016393442,0.8852459016393442
44,26,0.038054711246200607,0.8852459016393442,0.8852459016393442
44,27,0.0364741641337386,0.8852459016393442,0.8852459016393442
44,28,0.03708206686930091,0.8852459016393442,0.8852459016393442
44,29,0.03343465045592705,0.8852459016393442,0.8852459016393442
44,30,0.037203647416413375,0.8852459016393442,0.8852459016393442
45,1,0.033677811550151975,0.8852459016393442,0.8857280617164899
45,2,0.029300911854103343,0.8852459016393442,0.8857280617164899
45,3,0.03306990881458967,0.8852459016393442,0.8857280617164899
45,4,0.030759878419452887,0.8852459016393442,0.8857280617164899
45,5,0.029300911854103343,0.8852459016393442,0.8857280617164899
45,6,0.031610942249240125,0.8852459016393442,0.8857280617164899
45,7,0.029908814589665652,0.8852459016393442,0.8857280617164899
45,8,0.02723404255319149,0.8852459016393442,0.8857280617164899
45,9,0.02796352583586626,0.8852459016393442,0.8857280617164899
45,10,0.02857142857142857,0.8852459016393442,0.8857280617164899
45,11,0.030638297872340424,0.8852459016393442,0.8857280617164899
45,12,0.031124620060790274,0.8852459016393442,0.8857280617164899
45,13,0.03173252279635258,0.8852459016393442,0.8857280617164899
45,14,0.0313677811550152,0.8852459016393442,0.8857280617164899
45,15,0.03185410334346504,0.8852459016393442,0.8857280617164899
45,16,0.035501519756838906,0.8852459016393442,0.8857280617164899
45,17,0.03574468085106383,0.8852459016393442,0.8857280617164899
45,18,0.035379939209726444,0.8852459016393442,0.8857280617164899
45,19,0.035015197568389056,0.8852459016393442,0.8857280617164899
45,20,0.03440729483282675,0.8852459016393442,0.8857280617164899
45,21,0.03963525835866261,0.8852459016393442,0.8857280617164899
45,22,0.031124620060790274,0.8852459016393442,0.8857280617164899
45,23,0.03610942249240122,0.8852459016393442,0.8857280617164899
45,24,0.03696048632218845,0.8852459016393442,0.8857280617164899
45,25,0.039756838905775076,0.8852459016393442,0.8857280617164899
45,26,0.038054711246200607,0.8852459016393442,0.8857280617164899
45,27,0.0364741641337386,0.8852459016393442,0.8857280617164899
45,28,0.03708206686930091,0.8852459016393442,0.8857280617164899
45,29,0.03343465045592705,0.8852459016393442,0.8857280617164899
45,30,0.037203647416413375,0.8852459016393442,0.8857280617164899
46,1,0.033677811550151975,0.8871745419479267,0.8866923818707811
46,2,0.029300911854103343,0.8871745419479267,0.8866923818707811
46,3,0.03306990881458967,0.8871745419479267,0.8866923818707811
46,4,0.030759878419452887,0.8871745419479267,0.8866923818707811
46,5,0.029300911854103343,0.8871745419479267,0.8866923818707811
46,6,0.031610942249240125,0.8871745419479267,0.8866923818707811
46,7,0.029908814589665652,0.8871745419479267,0.8866923818707811
46,8,0.02723404255319149,0.8871745419479267,0.8866923818707811
46,9,0.02796352583586626,0.8871745419479267,0.8866923818707811
46,10,0.02857142857142857,0.8871745419479267,0.8866923818707811
46,11,0.030638297872340424,0.8871745419479267,0.8866923818707811
46,12,0.031124620060790274,0.8871745419479267,0.8866923818707811
46,13,0.03173252279635258,0.8871745419479267,0.8866923818707811
46,14,0.0313677811550152,0.8871745419479267,0.8866923818707811
46,15,0.03185410334346504,0.8871745419479267,0.8866923818707811
46,16,0.035501519756838906,0.8871745419479267,0.8866923818707811
46,17,0.03574468085106383,0.8871745419479267,0.8866923818707811
46,18,0.035379939209726444,0.8871745419479267,0.8866923818707811
46,19,0.035015197568389056,0.8871745419479267,0.8866923818707811
46,20,0.03440729483282675,0.8871745419479267,0.8866923818707811
46,21,0.03963525835866261,0.8871745419479267,0.8866923818707811
46,22,0.031124620060790274,0.8871745419479267,0.8866923818707811
46,23,0.03610942249240122,0.8871745419479267,0.8866923818707811
46,24,0.03696048632218845,0.8871745419479267,0.8866923818707811
46,25,0.039756838905775076,0.8871745419479267,0.8866923818707811
46,26,0.038054711246200607,0.8871745419479267,0.8866923818707811
46,27,0.0364741641337386,0.8871745419479267,0.8866923818707811
46,28,0.03708206686930091,0.8871745419479267,0.8866923818707811
46,29,0.03343465045592705,0.8871745419479267,0.8866923818707811
46,30,0.037203647416413375,0.8871745419479267,0.8866923818707811
47,1,0.033677811550151975,0.8886210221793636,0.8886210221793636
47,2,0.029300911854103343,0.8886210221793636,0.8886210221793636
47,3,0.03306990881458967,0.8886210221793636,0.8886210221793636
47,4,0.030759878419452887,0.8886210221793636,0.8886210221793636
47,5,0.029300911854103343,0.8886210221793636,0.8886210221793636
47,6,0.031610942249240125,0.8886210221793636,0.8886210221793636
47,7,0.029908814589665652,0.8886210221793636,0.8886210221793636
47,8,0.02723404255319149,0.8886210221793636,0.8886210221793636
47,9,0.02796352583586626,0.8886210221793636,0.8886210221793636
47,10,0.02857142857142857,0.8886210221793636,0.8886210221793636
47,11,0.030638297872340424,0.8886210221793636,0.8886210221793636
47,12,0.031124620060790274,0.8886210221793636,0.8886210221793636
47,13,0.03173252279635258,0.8886210221793636,0.8886210221793636
47,14,0.0313677811550152,0.8886210221793636,0.8886210221793636
47,15,0.03185410334346504,0.8886210221793636,0.8886210221793636
47,16,0.035501519756838906,0.8886210221793636,0.8886210221793636
47,17,0.03574468085106383,0.8886210221793636,0.8886210221793636
47,18,0.035379939209726444,0.8886210221793636,0.8886210221793636
47,19,0.035015197568389056,0.8886210221793636,0.8886210221793636
47,20,0.03440729483282675,0.8886210221793636,0.8886210221793636
47,21,0.03963525835866261,0.8886210221793636,0.8886210221793636
47,22,0.031124620060790274,0.8886210221793636,0.8886210221793636
47,23,0.03610942249240122,0.8886210221793636,0.8886210221793636
47,24,0.03696048632218845,0.8886210221793636,0.8886210221793636
47,25,0.039756838905775076,0.8886210221793636,0.8886210221793636
47,26,0.038054711246200607,0.8886210221793636,0.8886210221793636
47,27,0.0364741641337386,0.8886210221793636,0.8886210221793636
47,28,0.03708206686930091,0.8886210221793636,0.8886210221793636
47,29,0.03343465045592705,0.8886210221793636,0.8886210221793636
47,30,0.037203647416413375,0.8886210221793636,0.8886210221793636
48,1,0.033677811550151975,0.8886210221793636,0.8881388621022179
48,2,0.029300911854103343,0.8886210221793636,0.8881388621022179
48,3,0.03306990881458967,0.8886210221793636,0.8881388621022179
48,4,0.030759878419452887,0.8886210221793636,0.8881388621022179
48,5,0.029300911854103343,0.8886210221793636,0.8881388621022179
48,6,0.031610942249240125,0.8886210221793636,0.8881388621022179
48,7,0.029908814589665652,0.8886210221793636,0.8881388621022179
48,8,0.02723404255319149,0.8886210221793636,0.8881388621022179
48,9,0.02796352583586626,0.8886210221793636,0.8881388621022179
48,10,0.02857142857142857,0.8886210221793636,0.8881388621022179
48,11,0.030638297872340424,0.8886210221793636,0.8881388621022179
48,12,0.031124620060790274,0.8886210221793636,0.8881388621022179
48,13,0.03173252279635258,0.8886210221793636,0.8881388621022179
48,14,0.0313677811550152,0.8886210221793636,0.8881388621022179
48,15,0.03185410334346504,0.8886210221793636,0.8881388621022179
48,16,0.035501519756838906,0.8886210221793636,0.8881388621022179
48,17,0.03574468085106383,0.8886210221793636,0.8881388621022179
48,18,0.035379939209726444,0.8886210221793636,0.8881388621022179
48,19,0.035015197568389056,0.8886210221793636,0.8881388621022179
48,20,0.03440729483282675,0.8886210221793636,0.8881388621022179
48,21,0.03963525835866261,0.8886210221793636,0.8881388621022179
48,22,0.031124620060790274,0.8886210221793636,0.8881388621022179
48,23,0.03610942249240122,0.8886210221793636,0.8881388621022179
48,24,0.03696048632218845,0.8886210221793636,0.8881388621022179
48,25,0.039756838905775076,0.8886210221793636,0.8881388621022179
48,26,0.038054711246200607,0.8886210221793636,0.8881388621022179
48,27,0.0364741641337386,0.8886210221793636,0.8881388621022179
48,28,0.03708206686930091,0.8886210221793636,0.8881388621022179
48,29,0.03343465045592705,0.8886210221793636,0.8881388621022179
48,30,0.037203647416413375,0.8886210221793636,0.8881388621022179
49,1,0.033677811550151975,0.8862102217936355,0.8871745419479267
49,2,0.029300911854103343,0.8862102217936355,0.8871745419479267
49,3,0.03306990881458967,0.8862102217936355,0.8871745419479267
49,4,0.030759878419452887,0.8862102217936355,0.8871745419479267
49,5,0.029300911854103343,0.8862102217936355,0.8871745419479267
49,6,0.031610942249240125,0.8862102217936355,0.8871745419479267
49,7,0.029908814589665652,0.8862102217936355,0.8871745419479267
49,8,0.02723404255319149,0.8862102217936355,0.8871745419479267
49,9,0.02796352583586626,0.8862102217936355,0.8871745419479267
49,10,0.02857142857142857,0.8862102217936355,0.8871745419479267
49,11,0.030638297872340424,0.8862102217936355,0.8871745419479267
49,12,0.031124620060790274,0.8862102217936355,0.8871745419479267
49,13,0.03173252279635258,0.8862102217936355,0.8871745419479267
49,14,0.0313677811550152,0.8862102217936355,0.8871745419479267
49,15,0.03185410334346504,0.8862102217936355,0.8871745419479267
49,16,0.035501519756838906,0.8862102217936355,0.8871745419479267
49,17,0.03574468085106383,0.8862102217936355,0.8871745419479267
49,18,0.035379939209726444,0.8862102217936355,0.8871745419479267
49,19,0.035015197568389056,0.8862102217936355,0.8871745419479267
49,20,0.03440729483282675,0.8862102217936355,0.8871745419479267
49,21,0.03963525835866261,0.8862102217936355,0.8871745419479267
49,22,0.031124620060790274,0.8862102217936355,0.8871745419479267
49,23,0.03610942249240122,0.8862102217936355,0.8871745419479267
49,24,0.03696048632218845,0.8862102217936355,0.8871745419479267
49,25,0.039756838905775076,0.8862102217936355,0.8871745419479267
49,26,0.038054711246200607,0.8862102217936355,0.8871745419479267
49,27,0.0364741641337386,0.8862102217936355,0.8871745419479267
49,28,0.03708206686930091,0.8862102217936355,0.8871745419479267
49,29,0.03343465045592705,0.8862102217936355,0.8871745419479267
49,30,0.037203647416413375,0.8862102217936355,0.8871745419479267
50,1,0.033677811550151975,0.8881388621022179,0.8876567020250723
50,2,0.029300911854103343,0.8881388621022179,0.8876567020250723
50,3,0.03306990881458967,0.8881388621022179,0.8876567020250723
50,4,0.030759878419452887,0.8881388621022179,0.8876567020250723
50,5,0.029300911854103343,0.8881388621022179,0.8876567020250723
50,6,0.031610942249240125,0.8881388621022179,0.8876567020250723
50,7,0.029908814589665652,0.8881388621022179,0.8876567020250723
50,8,0.02723404255319149,0.8881388621022179,0.8876567020250723
50,9,0.02796352583586626,0.8881388621022179,0.8876567020250723
50,10,0.02857142857142857,0.8881388621022179,0.8876567020250723
50,11,0.030638297872340424,0.8881388621022179,0.8876567020250723
50,12,0.031124620060790274,0.8881388621022179,0.8876567020250723
50,13,0.03173252279635258,0.8881388621022179,0.8876567020250723
50,14,0.0313677811550152,0.8881388621022179,0.8876567020250723
50,15,0.03185410334346504,0.8881388621022179,0.8876567020250723
50,16,0.035501519756838906,0.8881388621022179,0.8876567020250723
50,17,0.03574468085106383,0.8881388621022179,0.8876567020250723
50,18,0.035379939209726444,0.8881388621022179,0.8876567020250723
50,19,0.035015197568389056,0.8881388621022179,0.8876567020250723
50,20,0.03440729483282675,0.8881388621022179,0.8876567020250723
50,21,0.03963525835866261,0.8881388621022179,0.8876567020250723
50,22,0.031124620060790274,0.8881388621022179,0.8876567020250723
50,23,0.03610942249240122,0.8881388621022179,0.8876567020250723
50,24,0.03696048632218845,0.8881388621022179,0.8876567020250723
50,25,0.039756838905775076,0.8881388621022179,0.8876567020250723
50,26,0.038054711246200607,0.8881388621022179,0.8876567020250723
50,27,0.0364741641337386,0.8881388621022179,0.8876567020250723
50,28,0.03708206686930091,0.8881388621022179,0.8876567020250723
50,29,0.03343465045592705,0.8881388621022179,0.8876567020250723
50,30,0.037203647416413375,0.8881388621022179,0.8876567020250723
