round,client_id,shapley_value,flagged_status,rolling_variance,trend_slope,z_score,evaluated_for_attack
1,1,0.065877534711817,0,,,7.551412256064353,1
1,2,0.0225024108003857,0,,,1.3106654177075523,0
1,3,0.0100554484088717,0,,,-0.480184594631323,0
1,4,0.0149831243972999,0,,,0.22880192971899413,0
1,5,0.0192936354869817,0,,,0.848991707379642,0
1,6,0.0098939247830279,0,,,-0.5034243681790123,0
1,7,0.0181147540983606,0,,,0.6793760467106963,0
1,8,0.0089850530376084,0,,,-0.6341914521712203,0
1,9,0.05730696234142443,0,,,6.31829134250451,1
1,10,0.0006492857856357909,0,,,-1.83352896252047,1
1,11,0.0183100289296046,0,,,0.7074718923429776,0
1,12,0.0068683702989392,0,,,-0.9387365443334327,0
1,13,0.03424233343322349,0,,,2.9997876252438185,1
1,14,0.0080785920925747,0,,,-0.7646116738716616,0
1,15,0.0126253616200578,0,,,-0.1104293916188829,0
1,16,0.06671661172710025,0,,,7.672137380468823,1
1,17,0.0188187078109932,0,,,0.7806598359035986,0
1,18,0.06185196284087505,0,,,6.972219099695338,1
1,19,0.012384281581485,0,,,-0.14511562079453333,0
1,20,0.0158751205400192,0,,,0.35714097766889163,0
1,21,0.0170588235294117,0,,,0.5274503629213423,0
1,22,-0.0041538090646094,0,,,-2.524590942244193,0
1,23,0.0086620057859209,0,,,-0.6806709992665844,0
1,24,-0.0018979122964738755,0,,,-2.2000159473197223,1
1,25,0.06014384177404856,0,,,6.726457239300545,1
1,26,0.020291706846673,0,,,0.9925926961668209,0
1,27,0.0098167791706846,0,,,-0.514523961515221,0
1,28,0.03435221256617723,0,,,3.0155968677253533,1
1,29,0.034621915892518264,0,,,3.0544013719982166,1
1,30,0.0087921890067502,0,,,-0.6619404355117349,0
2,1,-0.03008030009964245,0,,,1.7942056831172828,1
2,2,0.0081967213114753,0,,,1.129775073920389,0
2,3,-0.0063307618129218,0,,,-0.6977670722762424,0
2,4,0.0016730954676952,0,,,0.17027230753752584,0
2,5,0.0005424300867888,0,,,0.40782107312312094,0
2,6,0.0004556412729026,0,,,-0.2739555370161424,0
2,7,-0.0001398264223722,0,,,0.27923807673692497,0
2,8,0.0034956605593056,0,,,-0.14428436384890858,0
2,9,0.038626106324365514,0,,,5.586008224188037,1
2,10,0.005286911669890378,0,,,-0.6290222773924159,1
2,11,-0.0121576663452266,0,,,-0.4778065897326343,0
2,12,-0.0037873674059787,0,,,-0.7638529404680372,0
2,13,0.03289373424769943,0,,,3.5589540270576085,1
2,14,0.0127049180327868,0,,,0.3813929257163918,0
2,15,-0.006834619093539,0,,,-0.5452181269707689,0
2,16,0.0097649610222144,0,,,4.411132966304749,1
2,17,0.0121070395371263,0,,,1.115667404346683,0
2,18,0.01489947834241838,0,,,4.390616411322989,1
2,19,0.0019045323047251,0,,,-0.0018369414260725747,0
2,20,-0.0005713596914175,0,,,0.0904323629818937,0
2,21,-0.0024252651880424,0,,,0.05663616269724453,0
2,22,-0.0097010607521697,0,,,-1.9362164727268958,0
2,23,0.0066730954676952,0,,,0.03634748400332033,0
2,24,-0.016446867123849726,0,,,-2.2067556176021683,1
2,25,0.027935056561749026,0,,,5.104128529003079,1
2,26,0.0127531340405014,0,,,1.2630887620467115,0
2,27,0.0045274831243972,0,,,-0.018246480463882664,0
2,28,0.0005275189027606854,0,,,1.4901669170126375,1
2,29,-0.021933063712560815,0,,,0.06844589600764328,1
2,30,-0.0013572806171648,0,,,-0.4695348599789557,0
3,1,0.026381279993205088,0,0.0015506411361202056,-0.952811151149502,-0.6641248578454995,1
3,2,0.0110197685631629,0,3.82748244762706e-05,-0.4128575556197669,0.9378828045563661,0
3,3,-0.0092864030858244,0,7.237232444553032e-05,-0.967092574734805,-1.1230395160563595,0
3,4,0.0017912246865959,0,3.902189362183827e-05,-0.6595949855351999,0.0063038002989180275,0
3,5,0.003288331726133,0,6.83686031389127e-05,-0.8002651880424354,0.016980758752350004,0
3,6,-0.0013428158148505,0,2.4286664753111234e-05,-0.5618370298939199,-0.2460299069122015,0
3,7,-0.0079821600771456,0,0.00011953120406938283,-1.3048457087753098,-0.653312775961057,0
3,8,0.0040453230472516,0,6.092943445459195e-06,-0.24698649951784005,0.2485474935899265,0
3,9,0.02424087994224317,0,0.0001832527694249378,-0.4127277515075045,3.625254871872906,1
3,10,-0.021115216375759138,0,0.00013247483261272726,-1.088225108069746,-1.0351775876169498,1
3,11,0.0080279652844744,0,0.00016016233471694054,-0.5141031822565102,-0.5344142451863803,0
3,12,-0.0150385728061716,0,8.000539168932228e-05,-1.0953471552555398,-1.2796083030071106,0
3,13,0.014872382893786902,0,7.797586758717566e-05,-0.3542918516999146,2.7366646573811866,1
3,14,0.0123191899710703,0,4.392705356641814e-06,0.1921564343456398,1.2993730846464988,0
3,15,0.0106171648987463,0,7.636538532871457e-05,-0.10040983606557534,-0.048943433931789126,0
3,16,0.027409011763706616,0,0.0005666544954957622,-0.5675336241630295,1.9495707180762567,1
3,17,0.0214054966248794,0,1.5355474622096017e-05,0.07414658865803642,1.7661129274235803,0
3,18,0.01896632267380135,0,0.0004511392395481378,-0.6720639686762011,1.8096904125150677,1
3,19,-0.0011282545805207,0,3.351239719162003e-05,-0.6756268081002847,-0.1411383834505442,0
3,20,-0.0026157184185149,0,6.850858222205997e-05,-0.9245419479267049,-0.38268440147520133,0
3,21,0.002606075216972,0,6.820289257816457e-05,-0.722637415621985,-0.21135961812485718,0
3,22,-0.0034932497589199,0,7.749473023265187e-06,0.033027965284474825,-1.0172486004772563,0
3,23,-0.0110125361620057,0,7.820277013957167e-05,-0.9837270973963296,-0.38463622846703177,0
3,24,0.0031766254724593496,0,6.916716464608332e-05,0.25372688844666097,-1.0793017732910046,1
3,25,-0.0009173143075551016,0,0.0006220366590726531,-1.0508268653392934,1.5407666719098483,1
3,26,0.0074035679845708,0,2.7950228918838196e-05,-0.4779473119561351,1.029210916984063,0
3,27,0.0116706846673095,0,9.159882948705801e-06,0.09269527483124483,0.7386398883479008,0
3,28,-0.00624283348197222,0,0.0003153228151654227,-2.0297523024074717,-0.5138064571459051,1
3,29,-0.015466938463498557,0,0.0006387966471739707,-2.504442717800841,-2.4676909572383017,1
3,30,0.0056533269045322,0,1.8001422974087585e-05,-0.15694310511090015,0.026559243546680433,0
4,1,-0.002245862884160745,0,0.0005313532478894164,1.3917218607740864,0.863919209358365,1
4,2,0.0061041465766634,0,4.056867146687921e-06,-0.1046287367405949,0.7373475189520164,0
4,3,-0.0013476374156219,0,1.073237160660406e-05,0.2491562198649949,-1.0405773293616842,0
4,4,0.0037270973963355,0,8.86720175947856e-07,0.10270009643201498,0.017276453168563403,0
4,5,-0.006063162970106,0,1.5402698722226236e-05,-0.33027965284473987,-0.7523231667327903,0
4,6,0.0015212150433944,0,1.3969520126476104e-06,0.05327868852458995,-0.3490954202855988,0
4,7,0.0036885245901639,0,2.3595927692416745e-05,0.19141755062680485,-0.5293788838381941,0
4,8,0.0053423336547733,0,5.993963209114505e-07,0.09233365477338498,0.2832822224615205,0
4,9,-0.023887814313346228,0,0.0007145884691456705,-2.405666315051601,-1.14027924150678,1
4,10,0.04646464646464647,0,0.0007733017855215749,2.0161219860539377,2.4667620747605663,1
4,11,0.013129218900675,0,0.00011921211979846456,1.26434426229508,1.182984484304861,0
4,12,-0.0104315332690453,0,2.1328819585546036e-05,-0.3322082931533302,-2.15162800815442,0
4,13,0.0010423382763808183,0,0.00017006118489581553,-0.9788692050985969,0.5105809579436216,1
4,14,0.0156702025072324,0,2.2412203521665813e-06,0.10930094786730209,1.6428738121797468,0
4,15,-0.0011981677917068,0,5.288182604193344e-05,0.28182256509161024,0.07886760288117939,0
4,16,0.026273372018052885,0,6.501442642308683e-05,0.39028609582109364,3.4053405781841892,1
4,17,0.0032931533269045,0,5.468920823146892e-05,-0.3592061308705061,1.0698188735899394,0
4,18,-0.0067698259187620805,0,0.0001276052571508689,-1.0834652130590225,0.057647932052383055,1
4,19,0.0099493731918997,0,2.1847899806174987e-05,0.40224204435872984,0.3970028157258887,0
4,20,-0.0005785920925747,0,9.254820645027133e-07,-0.0003616200578600428,-0.6027678661514871,0
4,21,0.001417550626808,0,4.610467817713257e-06,0.19214079074252005,-0.13860960015267637,0
4,22,-0.0002290260366441,0,1.5434612832122588e-05,0.47360173577627995,-0.6210987358844411,0
4,23,0.000238669238187,0,5.341922555575394e-05,-0.3217213114754102,-0.9983497423413716,0
4,24,-0.0013754566946056316,0,7.032781400664842e-05,0.7535705214622049,-0.3501900354602425,1
4,25,0.03751343219428329,0,0.0002667918734695955,0.22264531168997506,2.8098146430940947,1
4,26,0.0060848601735776,0,8.313635960204249e-06,-0.33341369334619,0.5346455574614078,0
4,27,0.0040983606557377,0,1.2061062812444438e-05,-0.02145612343297482,0.5988088652680268,0
4,28,-0.022200730711369018,0,9.07850539910706e-05,-1.1364124807064853,-2.6878858335654603,1
4,29,-0.021985815602836883,0,9.367701961808444e-06,-0.0013324365711139523,-3.1819259564177926,1
4,30,-0.0001253616200578,0,9.33994258921509e-06,0.061595949855350086,-0.10361711675101212,0
5,1,0.0,0,0.00016894768261060567,-1.3190639996602544,-0.5387145083424335,1
5,2,0.0043635486981677,0,7.94425370888197e-06,-0.3328109932497601,0.5395559823550906,0
5,3,0.0008992285438765,0,1.909105541136687e-05,0.509281581485045,-0.38815672801082834,0
5,4,0.0031123432979749,0,6.523200150108526e-07,0.06605593056895002,0.23187369932499285,0
5,5,-0.0003423336547733,0,1.4817785801896404e-05,-0.1815332690453151,-0.8987665597553053,0
5,6,-0.0044889103182256,0,6.024687804837109e-06,-0.1573047251687549,-0.5715553374961484,0
5,7,-0.0014199614271938,0,2.2818217901637933e-05,0.32810993249759013,-0.13596437448927,0
5,8,0.0033196721311475,0,6.999961563580858e-07,-0.036282545805205055,0.38924872576024555,0
5,9,0.0,1,0.00038606879375457324,-1.212043997112159,-2.4239296910753088,1
5,10,0.0,0,0.0007968726216897496,1.055760818787958,3.704423735613931,1
5,11,0.0023240115718418,0,1.9478931314636177e-05,-0.28519768563162984,0.9874899857829839,0
5,12,-0.0074276759884281,0,9.797080247700001e-06,0.3470247691631267,-1.849079946228196,0
5,13,0.0,0,4.594937512680632e-05,-0.7436191446893453,-0.25228161563326984,1
5,14,-0.0021118611378977,0,5.9520700956291064e-05,-0.7215525554483998,0.8521101101799109,0
5,15,0.0075241080038572,0,2.502746473277692e-05,-0.1546528447444553,0.15762176873799294,0
5,16,0.0,0,0.0001603148534104356,-0.7658660951552172,1.9455760055468656,1
5,17,0.0053857280617164,0,6.545209262019722e-05,-0.7987418863691069,0.37689376209179287,0
5,18,0.0,0,0.00011865569812395541,-0.9483161336900676,-0.9327937496187693,1
5,19,0.00326181292189,0,2.0745554678337172e-05,0.21950337512053517,0.785911791857817,0
5,20,-0.0024204435872709,0,8.422703173411797e-07,0.009763741562200026,-0.588126495557107,0
5,21,0.0033341369334619,0,6.239964039217734e-07,0.03640308582449495,0.04852686159614619,0
5,22,0.002960462873674,0,6.942044751356923e-06,0.322685631629695,-0.12495532445678256,0
5,23,-0.0023746383799421,0,2.3114697528630693e-05,0.4318948891031801,-0.5132518807704408,0
5,24,0.0,0,3.63380917408045e-06,-0.15883127362296756,-0.4628940367429495,1
5,25,0.0,1,0.0003205579263580555,0.037598836728845356,2.924689749905649,1
5,26,0.0181388621022179,0,2.914272139764744e-05,0.5091470386462424,1.6456565040503301,0
5,27,0.0064585342333654,0,1.0008558044313606e-05,-0.26060752169720514,0.533307530456165,0
5,28,0.0,0,8.738887755403853e-05,0.3121416740986105,-2.2769690239009988,1
5,29,0.0,1,8.501089247926496e-05,0.6194579884340632,-2.2582479198023604,1
5,30,0.0045612343297974,0,6.283343205913133e-06,-0.05460462873674006,0.012805346089719283,0
6,1,-0.011197219482410412,0,2.3394267686749994e-05,-0.447567829912483,-1.3662156372583383,1
6,2,-0.0001205400192864,0,6.875939535379999e-06,-0.31123432979748994,0.17337469066245195,0
6,3,0.0026350048216007,0,2.6580850128857985e-06,0.19913211186113,0.19049031506952024,0
6,4,0.0001639344262295,0,2.4185742031080832e-06,-0.17815814850530004,0.10328359540633793,0
6,5,-0.0016634522661523,0,5.981188524331862e-06,0.21998553519768502,-0.37063822245937117,0
6,6,-0.0119889103182256,0,3.0543899349897325e-05,-0.6755062680809999,-1.812163524950266,0
6,7,-0.0037391513982642,0,9.627293566724887e-06,-0.3713837994214049,-0.6800503618253819,0
6,8,0.0034016393442622,0,8.737969633369097e-07,-0.09703471552555497,0.4674077422400169,0
6,9,-0.0021417500352261566,1,0.00011645623083004777,1.0873032139060037,-0.39443656839373165,1
6,10,-0.00390775445023719,0,0.0005235125210953005,-1.7754727329886362,-0.5839536482137998,1
6,11,0.0049421407907425,0,2.1181706000452018e-05,-0.40935390549662515,0.5526563435649061,0
6,12,0.0008871745419479,0,2.2919227157272164e-05,0.56593539054966,-0.666707857779203,0
6,13,0.04935418721525527,1,0.0005301063347392778,1.4379517774561377,5.131800833593586,1
6,14,-0.0005713596914175,0,6.470703053763094e-05,-0.812078109932495,-0.39574287547073567,0
6,15,0.002242044358727,0,1.2868150116120009e-05,0.17201060752169006,0.6810784405356944,0
6,16,0.017556714104551223,0,0.00011938982361432925,-0.29831077296262604,1.7194853272588422,1
6,17,0.001612825458052,0,2.381907202705898e-06,-0.08401639344262493,0.44159058064682444,0
6,18,-0.003240805974355357,0,7.643038677975629e-06,0.17645099722033625,-0.5123807084945181,1
6,19,0.0005279652844744,0,1.5662256914190118e-05,-0.4710703953712649,0.15436923976944913,0
6,20,-0.0006943105110896,0,7.09482564176148e-07,-0.0057859209257450275,-0.43375275046657036,0
6,21,-0.0031653809064609,0,7.435588517884269e-06,-0.2291465766634449,-0.2361625462363438,0
6,22,0.0092574734811957,0,1.5535428355806412e-05,0.4743249758919898,1.0669341767066005,0
6,23,-0.0003399228543876,0,1.2560236429437744e-06,-0.028929604628730052,-0.392038422519058,0
6,24,-0.007683997933399092,0,1.1192599768974967e-05,-0.31542706193967296,-0.9891976167652232,1
6,25,0.03386407402188721,1,0.0002852612132694867,-0.07669134926086858,3.469494106873945,1
6,26,0.0080641272902603,0,2.7857415816235093e-05,0.09195101918912728,2.159485005198362,0
6,27,-0.0027266152362584,0,1.5168631780243365e-05,-0.34124879459980484,0.06218036413052436,0
6,28,-0.022122023390164867,1,0.00010914028420401513,0.0026636652933568652,-2.5386005512516348,1
6,29,-0.02916725376919823,1,0.00015396420381066952,-0.21058672298227807,-3.2946527313848835,1
6,30,0.000566538090646,0,4.266722761106834e-06,0.03459498553519007,0.2630052685828924,0
7,1,0.04037825059101654,0,0.0004906455509136842,2.0189125295508257,20187.844338001643,1
7,2,0.0,0,4.351348751503306e-06,-0.21817743490838495,-0.09227421223037549,0
7,3,0.0,0,1.196086852254585e-06,-0.04496142719382494,0.2034344548144431,0
7,4,0.0,0,2.04518557505994e-06,-0.15561716489874503,-0.06174610837098078,0
7,5,0.0,0,5.144022398099604e-07,0.01711668273866497,-0.2578503687559063,0
7,6,0.0,0,2.4459365162614286e-05,0.22444551591127979,-1.3659170537541512,0
7,7,0.0,0,2.3751317506414328e-06,0.07099807135968993,-0.48060204183167227,0
7,8,0.0,0,2.510899101197305e-06,-0.16598360655737499,0.2857051075880669,0
7,9,0.02332545311268715,0,0.00013302692136696036,1.1662726556343572,11662.417377905813,1
7,10,-0.015382190701339648,0,4.261611365514919e-05,-0.7691095350669822,-7691.594046187407,1
7,11,0.0,0,4.075598443159677e-06,-0.11620057859208996,0.4510225513690403,0
7,12,0.0,0,1.3899354288827317e-05,0.37138379942140504,0.015867715000362787,0
7,13,-0.03572892040977149,0,0.0012168363058286823,-1.7864460204885733,-17859.24314592152,1
7,14,0.0,0,7.955060077052063e-07,0.10559305689488496,-0.1406534954651758,0
7,15,0.0,0,9.948795612379296e-06,-0.3762054001928599,0.16126427744934255,0
7,16,0.029345941686367217,0,0.00014537871006494046,0.9385164184684402,14674.7755866415,1
7,17,0.0,0,5.093562974404193e-06,-0.26928640308582,0.09374025111627451,0
7,18,0.005642237982663516,0,1.3471793639861974e-05,0.28211189913317564,2820.691868753895,1
7,19,0.0,0,2.0435659759579516e-06,-0.1630906460944999,-0.022680483940740858,0
7,20,0.0,0,1.0355721824063825e-06,0.12102217936354495,-0.15384784543830118,0
7,21,0.0,0,7.042204169504078e-06,-0.16670684667309513,-0.4190284086237358,0
7,22,0.0,0,1.4901944252520506e-05,-0.14802314368369981,0.9141183641513988,0
7,23,0.0,0,1.099391361373509e-06,0.118731918997105,-0.11581707198634456,0
7,24,0.009739952718676118,0,5.083383994760888e-05,0.4869976359338056,4869.072419851926,1
7,25,0.005027580772261628,0,0.00022262171341301917,0.19390718132999163,2517.3451383683196,1
7,26,0.0,0,5.5060972094229776e-05,-0.9069431051108949,0.7860555555886776,0
7,27,0.0,0,1.4834896207719956e-05,-0.32292671166827014,-0.37194268911178696,0
7,28,0.023293932230102437,0,0.00034384446916863287,1.1646966115051212,11644.512772630598,1
7,29,-0.032088258471237203,0,0.00020987969918034093,-0.785764185889594,-16047.338630219356,1
7,30,0.0,0,4.120380229173944e-06,-0.22806171648987006,-0.01854108002760768,0
8,1,0.0,0,0.0004906455509136842,0.5598609741205218,20189.011464975592,1
8,2,-0.0030737704918032,0,2.020462795147939e-06,-0.14766152362583998,-0.3515212126061112,0
8,3,0.0052073288331726,0,4.519597200795444e-06,0.12861620057859488,0.28884544273012025,0
8,4,-0.0048601735776277,0,5.432202548355067e-06,-0.2512054001928599,-0.4896614430585578,0
8,5,-0.0048095467695274,0,3.977413799356187e-06,-0.1573047251687549,-0.4857465377420909,0
8,6,-0.0101253616200578,0,2.7747748033982077e-05,0.09317743490839024,-0.8968115959710319,0
8,7,-0.0025554484088717,0,2.4347469462936405e-06,0.05918514946962505,-0.31144003912800855,0
8,8,-0.0031123432979749,0,7.076644544027564e-06,-0.325699132111855,-0.35450399760913687,0
8,9,0.0,1,0.00013302692136696038,0.10708750176130832,11662.612725810897,1
8,10,0.0,0,4.2616113655149196e-05,0.1953877225118591,-7691.209181202502,1
8,11,0.0056099324975892,0,6.26022710964017e-06,0.03338958534233484,0.31997826119916106,0
8,12,-0.0045323047251687,0,5.633291146263743e-06,-0.27097396335582996,-0.464307770532874,0
8,13,0.0,1,0.0012168363058286823,-2.467709360762765,-17864.574035418424,1
8,14,0.0124469623915139,0,3.6081114947519726e-05,0.6509161041465699,0.8486769029847654,0
8,15,-0.0014151398264223,0,2.2671533109924722e-06,-0.182859209257465,-0.22326145747617512,0
8,16,0.0,1,0.00014537871006494046,-0.5614835815315593,14672.857012650931,1
8,17,0.0150096432015429,0,4.52628134053418e-05,0.6698408871745448,1.0468456816230303,0
8,18,0.0,0,1.3471793639861973e-05,0.16204029871776796,2821.0051607990804,1
8,19,0.0035824493731919,0,2.4936182112579497e-06,0.15272420443587492,0.16319562447782876,0
8,20,-0.0002362584378013,0,8.307742634283581e-08,0.022902603664415003,-0.13210009082132365,0
8,21,0.0128784956605592,0,4.8142362451089555e-05,0.8021938283510048,0.8820468102060697,0
8,22,-0.0055038572806171,0,3.7098905120009375e-05,-0.7380665380906398,-0.5394366677964844,0
8,23,0.0024734811957569,0,1.5720999024519414e-06,0.14067020250722498,0.07744055564094549,0
8,24,0.0,0,5.083383994760889e-05,0.38419989666995474,4869.862528805382,1
8,25,0.0,1,0.0002226217134130192,-1.3060928186700087,2513.6765555981365,1
8,26,0.0072275795564127,0,1.310754081208903e-05,-0.04182738669238004,0.4450688072633848,0
8,27,0.0086764705882353,0,2.3638437648430865e-05,0.5701542912246849,0.5571096689393931,0
8,28,0.0,1,0.0003438444691686328,1.1061011695082439,11646.85228451854,1
8,29,0.0,1,0.00020987969918034093,0.7142358141104059,-16044.24306615128,1
8,30,-0.0017454194792671,0,9.680669302040373e-07,-0.11559787849565498,-0.24880155406455343,0
9,1,0.0,0,0.0003623118046202061,-1.4999999999999998,-0.11383053267781912,1
9,2,0.0,0,2.0995700080622415e-06,-5.704416951600594e-17,-0.3515212126061112,0
9,3,0.0,0,6.025838572620158e-06,1.204486841248874e-16,0.28884544273012025,0
9,4,0.0,0,5.2491749343712075e-06,-1.1314250949863104e-16,-0.4896614430585578,0
9,5,0.0,0,5.140386695171432e-06,-8.671200399971471e-17,-0.4857465377420909,0
9,6,0.0,0,2.2782877319319893e-05,-2.1302507452267208e-16,-0.8968115959710319,0
9,7,0.0,0,1.4511814600899787e-06,-4.770442976490498e-17,-0.31144003912800855,0
9,8,0.0,0,2.1525957343220613e-06,-4.4465718995196704e-17,-0.35450399760913687,0
9,9,0.0,0,0.00012090594731381482,-1.1662726556343574,-0.11383053267781912,1
9,10,0.0,0,5.258039794941777e-05,0.7691095350669824,-0.11383053267781912,1
9,11,0.0,0,6.993631695001645e-06,1.0041056416333245e-16,0.31997826119916106,0
9,12,0.0,0,4.564841360397006e-06,-6.363244856981123e-17,-0.464307770532874,0
9,13,0.0,0,0.00028367905636617465,1.5,-0.11383053267781912,1
9,14,0.0,0,3.44281939501692e-05,2.634219890932973e-16,0.8486769029847654,0
9,15,0.0,0,4.450268285170084e-07,-2.833069711855797e-17,-0.22326145747617512,0
9,16,0.0,0,0.00019137428743548117,-1.4672970843183608,-0.11383053267781912,1
9,17,0.0,0,5.0064308675027325e-05,3.0430787994194042e-16,1.0468456816230303,0
9,18,0.0,0,7.07441098955797e-06,-0.28211189913317586,-0.11383053267781912,1
9,19,0.0,0,2.8519874469962306e-06,5.320334034144879e-17,0.16319562447782876,0
9,20,0.0,0,1.240401098495794e-08,-4.655134723017869e-18,-0.13210009082132365,0
9,21,0.0,0,3.6856811217564925e-05,2.5398205321688116e-16,0.8820468102060697,0
9,22,0.0,0,6.731654436755968e-06,-8.421327337633467e-17,-0.5394366677964844,0
9,23,0.0,0,1.3595798279473295e-06,4.504014440376817e-17,0.07744055564094549,0
9,24,0.0,0,2.1081484213788067e-05,-0.4869976359338059,-0.11383053267781912,1
9,25,0.0,0,5.617015204803296e-06,-0.25137903861308136,-0.11383053267781912,1
9,26,0.0,0,1.1608423609838846e-05,1.604849325303063e-16,0.4450688072633848,0
9,27,0.0,0,1.6729142637447157e-05,1.2625225842888314e-16,0.5571096689393931,0
9,28,0.0,0,0.00012057939527569,-1.1646966115051216,-0.11383053267781912,1
9,29,0.0,0,0.00022881251815931692,1.5,-0.11383053267781912,1
9,30,0.0,0,6.769975908011188e-07,-2.4842094876134727e-17,-0.24880155406455343,0
10,1,0.0,0,0.0,0.0,-0.12128140350824676,1
10,2,-0.001427193828351,0,1.5773513298431835e-06,0.08232883317261006,-0.2694929032885038,0
10,3,0.0030978784956605,0,4.573656164121821e-06,-0.10547251687560515,0.2004276796296389,0
10,4,-0.0022227579556412,0,3.946433477459458e-06,0.13187078109932504,-0.3521108001254658,0
10,5,-0.0054243008678881,0,5.881411403899369e-06,-0.030737704918034865,-0.6845852455784812,0
10,6,0.0040694310511089,0,3.561948399934185e-05,0.7097396335583349,0.30132165667599625,0
10,7,0.002960462873674,0,5.079992697080219e-06,0.275795564127285,0.18615731563052612,0
10,8,0.0011427193828351,0,3.2331163122198104e-06,0.2127531340405,-0.00261206077878331,0
10,9,0.0,1,0.0,0.0,-0.12128140350824676,1
10,10,0.0,0,0.0,0.0,-0.12128140350824676,1
10,11,0.0043177434908389,0,5.753778212150601e-06,-0.06460945033751508,0.327108454779657,0
10,12,-0.0061041465766634,0,6.697008706365368e-06,-0.07859209257473489,-0.7551859937846165,0
10,13,0.0,1,0.0,0.0,-0.12128140350824676,1
10,14,-0.0154243008678881,0,0.00012996036063486521,-1.3935631629700995,-1.723067173092859,0
10,15,-0.0021600771456123,0,8.026095125383445e-07,-0.03724686595949995,-0.34560151128376837,0
10,16,0.0,1,0.0,0.0,-0.12128140350824676,1
10,17,0.0013404050144648,0,4.599268302838885e-05,-0.6834619093539053,0.01791723479888751,0
10,18,0.0,0,0.0,0.0,-0.12128140350824676,1
10,19,0.0083172613307618,0,1.1603247092135053e-05,0.2367405978784948,0.7424511543327843,0
10,20,0.0040766634522661,0,3.919588686921891e-06,0.21564609450336994,0.3020727284654249,0
10,21,0.0066345226615236,0,2.7651082248666438e-05,-0.31219864995178,0.567701784659438,0
10,22,-0.0012487945998071,0,5.550832370614579e-06,0.21275313404050003,-0.25096646581596904,0
10,23,0.00301350048216,0,1.7212128012698722e-06,0.02700096432015492,0.19166517541965553,0
10,24,0.0,0,0.0,0.0,-0.12128140350824676,1
10,25,0.0,1,0.0,0.0,-0.12128140350824676,1
10,26,0.000433944069431,0,1.095329964773847e-05,-0.3396817743490851,-0.07621709614263299,0
10,27,0.0031485053037608,0,1.286140307807526e-05,-0.2763982642237251,0.2056851821556289,0
10,28,0.0,1,0.0,0.0,-0.12128140350824676,1
10,29,0.0,1,0.0,0.0,-0.12128140350824676,1
10,30,-0.0035655737704917,0,2.119196346142973e-06,-0.09100771456122991,-0.49155979569573954,0
11,1,0.0,0,0.0,0.0,-0.12128140350824676,1
11,2,0.0,0,4.526404941518186e-07,-2.8934347982680676e-17,-0.2694929032885038,0
11,3,0.0,0,2.132633594194614e-06,6.572847542380583e-17,0.2004276796296389,0
11,4,0.0,0,1.0979228731924992e-06,-4.254709098278943e-17,-0.3521108001254658,0
11,5,0.0,0,6.538453312304798e-06,-1.3279736448226804e-16,-0.6845852455784812,0
11,6,0.0,0,3.680059795495397e-06,8.831769733058207e-17,0.30132165667599625,0
11,7,0.0,0,1.9476312058671375e-06,6.298009817722481e-17,0.18615731563052612,0
11,8,0.0,0,2.901794639793403e-07,1.8322274634763655e-17,-0.00261206077878331,0
11,9,0.0,0,0.0,0.0,-0.12128140350824676,1
11,10,0.0,0,0.0,0.0,-0.12128140350824676,1
11,11,0.0,0,4.1428686339292635e-06,7.28833633496776e-17,0.327108454779657,0
11,12,0.0,0,8.280134539864779e-06,-1.039063004244418e-16,-0.7551859937846165,0
11,13,0.0,0,0.0,0.0,-0.12128140350824676,1
11,14,0.0,0,5.286867939180748e-05,-2.5774990631265056e-16,-1.723067173092859,0
11,15,0.0,0,1.0368740611103512e-06,-3.955247730759293e-17,-0.34560151128376837,0
11,16,0.0,0,0.0,0.0,-0.12128140350824676,1
11,17,0.0,0,3.9926346728941805e-07,2.1688175258967606e-17,0.01791723479888751,0
11,18,0.0,0,0.0,0.0,-0.12128140350824676,1
11,19,0.0,0,1.5372630232041228e-05,1.3812152199963422e-16,0.7424511543327843,0
11,20,0.0,0,3.6931522006760342e-06,7.609387467480247e-17,0.3020727284654249,0
11,21,0.0,0,9.781531321393376e-06,1.2455128862591402e-16,0.567701784659438,0
11,22,0.0,0,3.465528783349722e-07,-1.7164826119661876e-17,-0.25096646581596904,0
11,23,0.0,0,2.0180411457730116e-06,6.653999783328293e-17,0.19166517541965553,0
11,24,0.0,0,0.0,0.0,-0.12128140350824676,1
11,25,0.0,0,0.0,0.0,-0.12128140350824676,1
11,26,0.0,0,4.184610119874145e-08,8.2290116766107e-18,-0.07621709614263299,0
11,27,0.0,0,2.2029079217355307e-06,8.045318478634723e-17,0.2056851821556289,0
11,28,0.0,0,0.0,0.0,-0.12128140350824676,1
11,29,0.0,0,0.0,0.0,-0.12128140350824676,1
11,30,0.0,0,2.8251814028485324e-06,-7.371311258385135e-17,-0.49155979569573954,0
12,1,0.008029811275393673,0,1.432841535965319e-05,0.40149056376968345,4014.9056376968365,1
12,2,0.0,0,4.526404941518186e-07,0.07135969141755003,0.0,0
12,3,0.0,0,2.132633594194614e-06,-0.15489392478302502,0.0,0
12,4,0.0,0,1.0979228731924992e-06,0.11113789778206004,0.0,0
12,5,0.0,0,6.538453312304798e-06,0.27121504339440505,0.0,0
12,6,0.0,0,3.680059795495397e-06,-0.20347155255544505,0.0,0
12,7,0.0,0,1.9476312058671375e-06,-0.14802314368369998,0.0,0
12,8,0.0,0,2.901794639793403e-07,-0.05713596914175497,0.0,0
12,9,0.02755138838802742,0,0.00016868422269065154,1.3775694194013703,13775.69419401371,1
12,10,0.007909604519774006,0,1.3902631924273193e-05,0.3954802259887002,3954.802259887003,1
12,11,0.0,0,4.1428686339292635e-06,-0.21588717454194498,0.0,0
12,12,0.0,0,8.280134539864779e-06,0.30520732883317003,0.0,0
12,13,0.005024642384902024,0,5.610451354700866e-06,0.2512321192451011,2512.321192451012,1
12,14,0.0,0,5.286867939180748e-05,0.7712150433944049,0.0,0
12,15,0.0,0,1.0368740611103512e-06,0.10800385728061501,0.0,0
12,16,0.008077893977641536,0,1.4500526914226086e-05,0.40389469888207663,4038.946988820768,1
12,17,0.0,0,3.9926346728941805e-07,-0.06702025072324,0.0,0
12,18,0.025411708137997344,0,0.00014350109122016899,1.2705854068998668,12705.854068998673,1
12,19,0.0,0,1.5372630232041228e-05,-0.41586306653809,0.0,0
12,20,0.0,0,3.6931522006760342e-06,-0.20383317261330494,0.0,0
12,21,0.0,0,9.781531321393376e-06,-0.33172613307618,0.0,0
12,22,0.0,0,3.465528783349722e-07,0.062439729990355006,0.0,0
12,23,0.0,0,2.0180411457730116e-06,-0.150675024108,0.0,0
12,24,0.014424810674359906,0,4.623892510913943e-05,0.7212405337179952,7212.405337179954,1
12,25,-0.013871859598509428,0,4.276188638239071e-05,-0.6935929799254711,-6935.929799254714,1
12,26,0.0,0,4.184610119874145e-08,-0.021697203471550002,0.0,0
12,27,0.0,0,2.2029079217355307e-06,-0.15742526518804004,0.0,0
12,28,0.009544416396201474,0,2.0243529854239896e-05,0.4772208198100735,4772.208198100738,1
12,29,-0.012645750691188846,0,3.553666900971182e-05,-0.6322875345594421,-6322.875345594423,1
12,30,0.0,0,2.8251814028485324e-06,0.17827868852458498,0.0,0
13,1,-0.014865248226950347,0,8.995969150924032e-05,-0.743262411347517,-3417.718475778337,1
13,2,0.0,0,0.0,0.0,0.0,0
13,3,0.0,0,0.0,0.0,0.0,0
13,4,0.0,0,0.0,0.0,0.0,0
13,5,0.0,0,0.0,0.0,0.0,0
13,6,0.0,0,0.0,0.0,0.0,0
13,7,0.0,0,0.0,0.0,0.0,0
13,8,0.0,0,0.0,0.0,0.0,0
13,9,0.011234042553191492,0,0.0001279487210320541,0.4344689080630766,19392.715470609455,1
13,10,-0.005730496453900703,0,3.127253198215996e-05,-0.286524822695035,1089.5540329366513,1
13,11,0.0,0,0.0,0.0,0.0,0
13,12,0.0,0,0.0,0.0,0.0,0
13,13,0.011716312056737597,0,2.3033049144885855e-05,0.5858156028368797,8370.47722081981,1
13,14,0.0,0,0.0,0.0,0.0,0
13,15,0.0,0,0.0,0.0,0.0,0
13,16,-0.0033758865248226994,0,2.3093118749014085e-05,-0.16879432624113477,2351.003726409418,1
13,17,0.0,0,0.0,0.0,0.0,0
13,18,-0.013843971631205664,0,0.0002642687616842891,-0.6921985815602825,5783.868253395841,1
13,19,0.0,0,0.0,0.0,0.0,0
13,20,0.0,0,0.0,0.0,0.0,0
13,21,0.0,0,0.0,0.0,0.0,0
13,22,0.0,0,0.0,0.0,0.0,0
13,23,0.0,0,0.0,0.0,0.0,0
13,24,-0.0018156028368794214,0,5.2791400852050775e-05,-0.09078014184397076,6304.603918740243,1
13,25,-0.02034042553191488,0,7.200041608610515e-05,-0.8918035782047135,-17106.142565212154,1
13,26,0.0,0,0.0,0.0,0.0,0
13,27,0.0,0,0.0,0.0,0.0,0
13,28,-0.004170212765957444,0,3.295306799033042e-05,-0.20851063829787198,2687.101815122016,1
13,29,-0.01957446808510639,0,6.567577067592525e-05,-0.9112818982241457,-16110.109388147619,1
13,30,0.0,0,0.0,0.0,0.0,0
14,1,-0.004952518331530253,0,8.788742729091578e-05,-0.6491164803461965,-9908.8832792403,1
14,2,0.0,0,0.0,0.0,0.0,0
14,3,0.0,0,0.0,0.0,0.0,0
14,4,0.0,0,0.0,0.0,0.0,0
14,5,0.0,0,0.0,0.0,0.0,0
14,6,0.0,0,0.0,0.0,0.0,0
14,7,0.0,0,0.0,0.0,0.0,0
14,8,0.0,0,0.0,0.0,0.0,0
14,9,0.010674359899026313,0,6.126701226506285e-05,-0.5118408772748491,10954.201226108904,1
14,10,0.016540449573265996,0,8.405987531715567e-05,0.4315422526745989,5404.976559682646,1
14,11,0.0,0,0.0,0.0,0.0,0
14,12,0.0,0,0.0,0.0,0.0,0
14,13,0.02014665224185597,0,3.828047341639978e-05,0.6149223770481116,15931.482149296786,1
14,14,0.0,0,0.0,0.0,0.0,0
14,15,0.0,0,0.0,0.0,0.0,0
14,16,-0.002981127539367714,0,2.8182986596544545e-05,-0.5529510758504625,-3178.5070320952073,1
14,17,0.0,0,0.0,0.0,0.0,0
14,18,-0.0020435148455343207,0,0.0002704498270631285,-1.3727611491765834,-7943.7432383699925,1
14,19,0.0,0,0.0,0.0,0.0,0
14,20,0.0,0,0.0,0.0,0.0,0
14,21,0.0,0,0.0,0.0,0.0,0
14,22,0.0,0,0.0,0.0,0.0,0
14,23,0.0,0,0.0,0.0,0.0,0
14,24,0.0047601875225387735,0,4.448855450375325e-05,-0.4832311575910568,1472.2923428296763,1
14,25,0.010025243418680125,0,0.00017055419207401257,1.1948551508594774,-5157.591056617377,1
14,26,0.0,0,0.0,0.0,0.0,0
14,27,0.0,0,0.0,0.0,0.0,0
14,28,0.005072725087149888,0,3.261321959726575e-05,-0.22358456545257943,451.25616059622234,1
14,29,-0.030051688904916447,0,5.119399621465996e-05,-0.4192726430391472,-24813.078495011418,1
14,30,0.0,0,0.0,0.0,0.0,0
15,1,0.0,0,3.819613962806098e-05,0.7432624113475172,-2476.3370396560754,1
15,2,0.0021841851494696,0,1.0601477260363419e-06,0.10920925747347997,0.09935229644001581,0
15,3,0.0015621986499517,0,5.423254715357587e-07,0.07810993249758497,0.048883911951874914,0
15,4,-0.001364513018322,0,4.137546171489367e-07,-0.06822565091609999,-0.18859135459306173,0
15,5,-0.0025650916104146,0,1.4621544377376371e-06,-0.12825458052072994,-0.28600707348876825,0
15,6,-0.0049083895853423,0,5.353841849221502e-06,-0.24541947926711494,-0.4761437778394222,0
15,7,0.0008461909353905,0,1.5911979980823322e-07,0.04230954676952499,-0.009213414377488202,0
15,8,-0.001639344262295,0,5.972110245154528e-07,-0.08196721311474997,-0.2108913384366568,0
15,9,0.0,1,2.6717657334914627e-05,-0.5617021276595745,5337.102075622208,1
15,10,0.0,1,8.915778873765512e-05,0.2865248226950355,8270.14691274205,1
15,11,0.0066947926711668,0,9.960055313313042e-06,0.33473963355833986,0.46534589092568424,0
15,12,-0.0022324011571841,0,1.1074699836882022e-06,-0.11162005785920497,-0.25901235620441415,0
15,13,0.0,1,6.824780004466184e-05,-0.5515641269410116,10073.248247037038,1
15,14,-0.0043539054966248,0,4.212554016342144e-06,-0.21769527483123996,-0.4311525823654988,0
15,15,0.0142598842815814,0,4.5187622160909386e-05,0.7129942140790698,1.0791822883046365,0
15,16,0.0,1,2.271062876783726e-06,0.16879432624113494,-1490.6416435748056,1
15,17,0.0037704918032786,0,3.159246319686912e-06,0.1885245901639299,0.22806623827409395,0
15,18,0.0,1,3.7231364866671466e-05,0.6921985815602832,-1021.835296658109,1
15,19,0.0173216007714561,0,6.667507850793523e-05,0.8660800385728046,1.3276119328780243,0
15,20,0.0049686595949855,0,5.486128482409216e-06,0.24843297974927492,0.3252863432764379,0
15,21,0.0039754098360655,0,3.511974081041405e-06,0.1987704918032749,0.24469341921010895,0
15,22,0.0020877531340405,0,9.68602921932429e-07,0.10438765670202495,0.0915277407054229,0
15,23,0.0003061716489874,0,2.083135080970304e-08,0.015308582449369994,-0.05303092649121986,0
15,24,0.0,1,7.688535306892856e-06,0.09078014184397121,2380.0158873784385,1
15,25,0.0,1,0.00015959025191558812,1.0170212765957438,5012.543835449114,1
15,26,0.0046046287367405,0,4.711690178492536e-06,0.2302314368370249,0.2957486453783376,0
15,27,0.0077314368370298,0,1.3283359014440302e-05,0.3865718418514898,0.5494598650725723,0
15,28,0.0,1,1.428390160883985e-05,0.2085106382978723,2536.2846696839956,1
15,29,0.0,1,0.00015511510699553203,0.5916577850983431,-15025.922326349173,1
15,30,0.0011716489874638,0,3.050580777388773e-07,0.058582449373189974,0.01719446122676997,0
16,1,0.03712828169715065,0,0.0003526478300734384,1.961762315496948,18564.062974684373,1
16,2,0.0,0,1.060147726036342e-06,3.995953538817481e-17,0.09935229644001581,0
16,3,0.0,0,5.423254715357587e-07,1.7803793697776045e-17,0.048883911951874914,0
16,4,0.0,0,4.137546171489367e-07,-3.2412539936912265e-17,-0.18859135459306173,0
16,5,0.0,0,1.4621544377376371e-06,-4.571899257513922e-17,-0.28600707348876825,0
16,6,0.0,0,5.3538418492215e-06,-8.202412613362002e-17,-0.4761437778394222,0
16,7,0.0,0,1.5911979980823317e-07,1.0951051390658614e-17,-0.009213414377488202,0
16,8,0.0,0,5.972110245154528e-07,-3.14681504705382e-17,-0.2108913384366568,0
16,9,0.010700510140599707,0,2.538261781757251e-05,0.001307512078669545,5350.177196408906,1
16,10,0.015304217991787964,0,5.659264766099615e-05,-0.05823101680772467,7652.031122003034,1
16,11,0.0,0,9.960055313313042e-06,1.2676125644501197e-16,0.46534589092568424,0
16,12,0.0,0,1.1074699836882022e-06,-4.1981805001927824e-17,-0.25901235620441415,0
16,13,-0.02117705611546597,0,0.00028466713051920824,-2.0661854178660968,-10588.605931623933,1
16,14,0.0,0,4.212554016342143e-06,-7.125772477903675e-17,-0.4311525823654988,0
16,15,0.0,0,4.5187622160909386e-05,3.2673722431336124e-16,1.0791822883046365,0
16,16,-0.017245240761478164,0,5.6638930704501195e-05,-0.7132056611055221,-8622.698254630031,1
16,17,0.0,0,3.159246319686912e-06,5.390993353982029e-17,0.22806623827409395,0
16,18,0.00739081746920491,0,1.642297355688406e-05,0.4717166157369614,3695.330860711507,1
16,19,0.0,0,6.667507850793523e-05,2.625565437589181e-16,1.3276119328780243,0
16,20,0.0,0,5.486128482409216e-06,9.794828718934572e-17,0.3252863432764379,0
16,21,0.0,0,3.5119740810414054e-06,7.17198588575806e-17,0.24469341921010895,0
16,22,0.0,0,9.686029219324287e-07,4.398024623157191e-17,0.0915277407054229,0
16,23,0.0,0,2.083135080970304e-08,5.815558834600017e-18,-0.05303092649121986,0
16,24,0.022097797685703614,0,9.017386377532207e-05,0.8668805081582418,11048.82096896086,1
16,25,0.011646136618141087,0,2.652947761069496e-05,0.08104465997304776,5822.990435179595,1
16,26,0.0,0,4.711690178492536e-06,8.829687675419874e-17,0.2957486453783376,0
16,27,0.0,0,1.3283359014440302e-05,1.648355340194582e-16,0.5494598650725723,0
16,28,-0.01371158392434988,0,6.295448206264458e-05,-0.9392154505749882,-6855.869836065889,1
16,29,-0.02861764339927833,0,0.00019157000069759754,0.036664270309130456,-14308.899573530114,1
16,30,0.0,0,3.050580777388773e-07,2.0470917660113503e-17,0.01719446122676997,0
17,1,0.0,1,0.00030633540039621605,5.069211527026706e-16,18564.267454679743,1
17,2,-0.0005713596914175,0,1.4100160038088612e-06,-0.13777724204435499,0.07209003111355641,0
17,3,0.0011234329797492,0,4.3278684391636994e-07,-0.02193828351012503,0.23379804602364837,0
17,4,0.0024469623915139,0,2.486318391381931e-06,0.190573770491795,0.3600821145665314,0
17,5,-7.955641272902379e-05,0,1.4182121568399508e-06,0.12427675988427882,0.11901525876883093,0
17,6,-0.0020877531340405,0,4.045221273400566e-06,0.14103182256509003,-0.07259608749022563,0
17,7,0.0020274831243973,0,6.91353128295707e-07,0.05906460945033994,0.3200576556840953,0
17,8,-0.005629218900675,0,5.588294963558236e-06,-0.1994937319189999,-0.41050373173338545,0
17,9,0.0,1,2.5444648282017145e-05,2.0136154160369954e-16,5350.381676404273,1
17,10,0.0,1,5.2048686297814755e-05,2.481366568898445e-16,7652.235601998402,1
17,11,0.0029459980713596,0,7.505846055322978e-06,-0.18743972999036,0.4076974190990932,0
17,12,-0.0028567984570877,0,1.5038649265713866e-06,-0.031219864995179904,-0.14597426210803463,0
17,13,0.0,1,9.965949015946548e-05,-4.763395756399513e-16,-10588.401451628566,1
17,14,0.0018804243008678,0,6.817706294304214e-06,0.31171648987463,0.30602609251265533,0
17,15,0.004742044358727,0,3.515784013570087e-05,-0.4758919961427201,0.579066510291166,0
17,16,0.0,1,6.608851753807733e-05,-3.757075508301201e-16,-8622.493774634664,1
17,17,-0.0054315332690453,0,1.4266158613668298e-05,-0.4601012536161948,-0.39164163042096944,0
17,18,0.0,1,1.2138707302912105e-05,1.6081072018010724e-16,3695.535340706874,1
17,19,0.0032714561234329,0,5.6460760342625576e-05,-0.7025072324011602,0.4387508785768526,0
17,20,0.0043563162970106,0,4.893337129446267e-06,-0.030617164898745105,0.5422624101693869,0
17,21,0.0022999035679845,0,2.655640115676986e-06,-0.0837753134040501,0.34605055139510094,0
17,22,-0.0001542912246865,0,1.0454757596900837e-06,-0.11210221793634999,0.11188446437024353,0
17,23,-0.0057762777242044,0,7.82836842258055e-06,-0.3041224686595899,-0.4245352949048159,0
17,24,0.0,1,0.00010851392501295291,2.851582639916323e-16,11049.025448956227,1
17,25,0.0,1,3.0140555139645932e-05,1.6979796286865355e-16,5823.194915174962,1
17,26,0.0001012536162005,0,4.610360619367638e-06,-0.22516875602699993,0.13626718070091115,0
17,27,-0.0027242044358727,0,1.9612982200114672e-05,-0.5227820636451251,-0.1333228526911743,0
17,28,0.0,1,4.1779451936553354e-05,-2.537820586544737e-16,-6855.665356070522,1
17,29,0.0,1,0.00018199322527294635,-5.165569403696895e-16,-14308.695093534747,1
17,30,-0.0023191899710703,0,2.104151122906383e-06,-0.174541947926705,-0.09467854756328918,0
18,1,-0.0017267961763798919,0,0.0003212453559306505,-1.6463325183374085,-863.271482085527,1
18,2,0.0,0,7.25448659948224e-08,-1.1895440857032676e-17,0.07209003111355641,0
18,3,0.0,0,2.804670355529258e-07,2.2497103916758037e-17,0.23379804602364837,0
18,4,0.0,0,1.3305833212185385e-06,3.899974094902668e-17,0.3600821145665314,0
18,5,0.0,0,1.4064939569579509e-09,-1.7310925248863654e-18,0.11901525876883093,0
18,6,0.0,0,9.686029219324287e-07,-4.398024623157191e-17,-0.07259608749022563,0
18,7,0.0,0,9.134861821590747e-07,3.7509824785761506e-17,0.3200576556840953,0
18,8,0.0,0,7.041801207048145e-06,-1.1583448785604525e-16,-0.41050373173338545,0
18,9,-0.004526672833795869,0,4.076208728322502e-05,-0.7613591487197786,-2263.2098107935158,1
18,10,0.008251618871415373,0,3.911638407688278e-05,-0.35262995601862973,4125.936041812105,1
18,11,0.0,0,1.9286454747676626e-06,5.515065749746744e-17,0.4076974190990932,0
18,12,0.0,0,1.813621649870814e-06,-6.208189013061683e-17,-0.14597426210803463,0
18,13,-0.010977489978415043,0,7.477823792531925e-05,0.4758067229718366,-5488.618383103103,1
18,14,0.0,0,7.857767891764787e-07,3.310633866347441e-17,0.30602609251265533,0
18,15,0.0,0,4.997107711141015e-06,7.449075834634374e-17,0.579066510291166,0
18,16,0.0006907184705519595,0,6.884156161110625e-05,0.8967979616015063,345.4858413803987,1
18,17,0.0,0,6.555900811721315e-06,-1.0519553795474966e-16,-0.39164163042096944,0
18,18,0.002442183163737292,0,9.453046995288592e-06,-0.247431715273381,1221.218187973065,1
18,19,0.0,0,2.3783167038992486e-06,7.25318189353626e-17,0.4387508785768526,0
18,20,0.0,0,4.2172203732444776e-06,9.625420655554871e-17,0.5422624101693869,0
18,21,0.0,0,1.1754569826728519e-06,3.823680089221141e-17,0.34605055139510094,0
18,22,0.0,0,5.290173781168895e-09,-3.4540738789279305e-18,0.11188446437024353,0
18,23,0.0,0,7.414529854919991e-06,-1.0974033129454664e-16,-0.4245352949048159,0
18,24,-0.002207832254085726,0,0.00012043898139893926,-1.2152814969894672,-1103.789520938444,1
18,25,0.0018748072772124577,0,2.6069586393776466e-05,-0.48856646704643164,937.5302447106478,1
18,26,0.0,0,2.2782877319284794e-09,1.822732646770588e-18,0.13626718070091115,0
18,27,0.0,0,1.6491755129841097e-06,-4.4072987845698014e-17,-0.1333228526911743,0
18,28,-0.020228183780450198,0,7.107255849496502e-05,-0.28800726832222856,-10113.96528412068,1
18,29,-0.016749922910884996,0,0.00013781913564883108,0.39238562216201717,-8374.83484933808,1
18,30,0.0,0,1.1952538048695684e-06,-4.8223779175514495e-17,-0.09467854756328918,0
19,1,-0.014589665653495442,0,4.236595334453953e-05,-0.7294832826747719,-8158.230914937667,1
19,2,0.0,0,7.25448659948224e-08,0.028567984570874998,0.0,0
19,3,0.0,0,2.804670355529258e-07,-0.05617164898745999,0.0,0
19,4,0.0,0,1.3305833212185385e-06,-0.12234811957569504,0.0,0
19,5,0.0,0,1.4064939569579509e-09,0.0039778206364511895,0.0,0
19,6,0.0,0,9.686029219324287e-07,0.10438765670202502,0.0,0
19,7,0.0,0,9.134861821590747e-07,-0.101374156219865,0.0,0
19,8,0.0,0,7.041801207048145e-06,0.2814609450337501,0.0,0
19,9,0.018731003039513687,0,0.00010136230320426912,0.9365501519756838,7102.165102858909,1
19,10,0.0033181357649442684,0,1.1493166057281818e-05,0.1659067882472135,5784.877318179821,1
19,11,0.0,0,1.9286454747676626e-06,-0.14729990356798003,0.0,0
19,12,0.0,0,1.813621649870814e-06,0.14283992285438502,0.0,0
19,13,0.01904761904761904,0,0.0001538693610705173,0.9523809523809514,4035.0645346019974,1
19,14,0.0,0,7.857767891764787e-07,-0.09402121504339,0.0,0
19,15,0.0,0,4.997107711141015e-06,-0.23710221793635,0.0,0
19,16,0.0027735562310030417,0,1.389768812050924e-06,0.13867781155015207,1732.1373507775006,1
19,17,0.0,0,6.555900811721315e-06,0.27157666345226505,0.0,0
19,18,0.026443768996960455,0,0.00014236814443104753,1.3221884498480223,14442.976080348873,1
19,19,0.0,0,2.3783167038992486e-06,-0.16357280617164507,0.0,0
19,20,0.0,0,4.2172203732444776e-06,-0.21781581485052995,0.0,0
19,21,0.0,0,1.1754569826728519e-06,-0.11499517839922498,0.0,0
19,22,0.0,0,5.290173781168895e-09,0.0077145612343249995,0.0,0
19,23,0.0,0,7.414529854919991e-06,0.28881388621022,0.0,0
19,24,0.0094858156028369,0,2.573295790165737e-05,0.47429078014184484,3638.9916743755875,1
19,25,-0.014146403242147944,0,5.11460903913119e-05,-0.707320162107397,-6135.797982467743,1
19,26,0.0,0,2.2782877319284794e-09,-0.005062680810025001,0.0,0
19,27,0.0,0,1.6491755129841097e-06,0.136210221793635,0.0,0
19,28,0.00020263424518743208,0,9.184875609885675e-05,0.010131712259371225,-10012.774767631383,1
19,29,-0.02018743667679839,0,7.776766866568657e-05,-0.8197974991502834,-18468.679793841693,1
19,30,0.0,0,1.1952538048695684e-06,0.11595949855351499,0.0,0
20,1,-0.007815892314372543,0,2.7601612023648902e-05,-0.3044548068996327,-11202.778983933993,1
20,2,0.0,0,0.0,0.0,0.0,0
20,3,0.0,0,0.0,0.0,0.0,0
20,4,0.0,0,0.0,0.0,0.0,0
20,5,0.0,0,0.0,0.0,0.0,0
20,6,0.0,0,0.0,0.0,0.0,0
20,7,0.0,0,0.0,0.0,0.0,0
20,8,0.0,0,0.0,0.0,0.0,0
20,9,0.017194963091619626,0,0.00011278981922508364,1.0376811216603443,17962.98306556666,1
20,10,-0.008250108554059919,0,4.7830060023410194e-05,-0.8250863712737644,-2465.9863945578254,1
20,11,0.0,0,0.0,0.0,0.0,0
20,12,0.0,0,0.0,0.0,0.0,0
20,13,0.015487045882182667,0,0.00017939516795650236,1.3232267930298856,17267.332464900854,1
20,14,0.0,0,0.0,0.0,0.0,0
20,15,0.0,0,0.0,0.0,0.0,0
20,16,0.004342162396873644,0,2.2368645763377416e-06,0.18257219631608426,3557.8593139383433,1
20,17,0.0,0,0.0,0.0,0.0,0
20,18,0.012273845708496177,0,9.705827076717288e-05,0.35829849952144954,19358.807352728316,1
20,19,0.0,0,0.0,0.0,0.0,0
20,20,0.0,0,0.0,0.0,0.0,0
20,21,0.0,0,0.0,0.0,0.0,0
20,22,0.0,0,0.0,0.0,0.0,0
20,23,0.0,0,0.0,0.0,0.0,0
20,24,0.007034303082935307,0,2.535204215830647e-05,0.4621067668510516,8260.059342886103,1
20,25,0.007931683311622528,0,8.675631551973956e-05,0.3028438017205032,-3107.3599652627076,1
20,26,0.0,0,0.0,0.0,0.0,0
20,27,0.0,0,0.0,0.0,0.0,0
20,28,-0.011839629468808809,0,7.031136488816749e-05,0.39487716249308774,-5818.497611810689,1
20,29,0.004313214647561157,0,0.00011730602000163448,0.9684454993581463,-7937.111014618617,1
20,30,0.0,0,0.0,0.0,0.0,0
21,1,-0.004964539007092195,1,1.6295253765783617e-05,0.48125633232016224,-3908.306688826787,1
21,2,-0.0052531340405014,0,6.132314943883237e-06,-0.2626567020250699,-0.3860374300001239,0
21,3,-0.0021456123432979,0,1.0230338506027344e-06,-0.10728061716489497,-0.11139724201180475,0
21,4,0.0032401157184185,0,2.332966637498363e-06,0.16200578592092496,0.364588933291445,0
21,5,-0.0115573770491803,0,2.968288094598212e-05,-0.5778688524590149,-0.9432011938398831,0
21,6,-0.0083919961427193,0,1.565013316875903e-05,-0.41959980713596495,-0.663447456967373,0
21,7,0.0016465766634522,0,6.024921574723066e-07,0.08232883317260997,0.22375327443940227,0
21,8,-0.0018273866923818,0,7.420760274431322e-07,-0.09136933461908997,-0.08327272314876571,0
21,9,0.015498539841468496,1,1.7428987657662507e-06,-0.0942876300970416,8598.929524091158,1
21,10,-0.004046725073007932,1,2.2859320497261708e-05,-0.36824304189761015,-4125.333693036875,1
21,11,0.0028712632594021,0,1.8320339343983046e-06,0.14356316297010496,0.33199005915473967,0
21,12,0.0025120540019286,0,1.4023145130234437e-06,0.12560270009643,0.3002434431653981,0
21,13,-0.023821443471005427,1,0.00037728794863576225,-2.1434531259312233,7741.495851887758,1
21,14,-0.0105930568948891,0,2.4936189861857223e-05,-0.529652844744455,-0.8579753791034024,0
21,15,0.0076398264223722,0,1.2970432836439202e-05,0.3819913211186099,0.7534317130266478,0
21,16,-0.0160826032540676,1,8.613181419176623e-05,-0.9428079742535318,2169.7380615074676,1
21,17,-0.0075241080038572,0,1.2580489167490663e-05,-0.37620540019285986,-0.5867442237045384,0
21,18,-0.0034000834376303655,1,0.00014856825655737665,-1.267522871641574,6136.700587892119,1
21,19,0.0050192864030858,0,5.598496888044887e-06,0.25096432015428993,0.5218305614802553,0
21,20,0.0037994214079074,0,3.2079117855255667e-06,0.18997107039536995,0.41401990583860426,0
21,21,-0.001063162970106,0,2.511812224454692e-07,-0.05315814850529998,-0.015731264970102528,0
21,22,0.0028037608486017,0,1.7469055324781608e-06,0.14018804243008495,0.3260242521231846,0
21,23,0.0013018322082931,0,3.76614910788731e-07,0.06509161041465497,0.19328504567111074,0
21,24,0.016583229036295367,1,1.6396130882602703e-05,0.3216025230913642,3518.6953836796165,1
21,25,0.005986649979140595,1,9.961832139460923e-05,1.0066526610644269,3966.4489811625704,1
21,26,-0.0008220829315332,0,1.5018229918182667e-07,-0.04110414657665999,0.005575188714017681,0
21,27,0.0081316297010607,0,1.4694089243371672e-05,0.40658148505303493,0.796896878542252,0
21,28,-0.004839382561535254,1,2.438238951105528e-05,-0.25210084033613445,-5920.1642048221565,1
21,29,-0.0036712557363370885,1,0.00010409087949858299,0.8258090470230653,2156.3610914419546,1
21,30,0.0010390549662487,0,2.3991893841913044e-07,0.051952748312434974,0.17006101115541544,0
22,1,0.0,1,1.0429448433971813e-05,0.39079461571862717,-0.4619266537973792,1
22,2,-1.20540019286382e-05,0,6.118275835240325e-06,-0.000602700096432027,-0.4892173572584037,0
22,3,0.0036499517839922,0,5.723818211856889e-06,0.1824975891996099,0.32767969673842573,0
22,4,-0.0031967213114754,0,6.9055831068218845e-06,-0.1598360655737699,-0.21016526651275808,0
22,5,0.0029146576663452,0,3.905644248625329e-05,0.14573288331725978,-0.6130040076456673,0
22,6,-0.0022806171648987,0,1.2552862991421528e-05,-0.11403085824493514,-1.1025481945706235,0
22,7,0.0058751205400192,0,6.123204376048127e-06,0.29375602700096,0.992325333219828,0
22,8,-0.0002073288331726,0,6.67434981749367e-07,-0.01036644165863004,-0.21536825682356156,0
22,9,0.0,1,5.986103830926676e-05,-0.7889165223505513,1.3465832680628613,1
22,10,0.0,1,1.1345411962118267e-05,0.4125054277029958,-0.38081102019712454,1
22,11,0.0024879459980713,0,1.6201066796606128e-06,0.12439729990356503,0.5990012905869304,0
22,12,0.002463837994214,0,1.3759153059708774e-06,0.1231918997107,0.5636848466449293,0
22,13,0.0,1,0.0002613852327143156,-0.7743522941091339,-2.128484216857174,1
22,14,-0.0015453230472516,0,2.1829151719601086e-05,-0.07726615236258014,-1.1881963641506232,0
22,15,0.0028423336547733,0,9.94019391379968e-06,0.14211668273866512,1.0729194153628854,0
22,16,0.0,1,7.718617262271541e-05,-0.21710811984368264,-1.4445319426368393,1
22,17,-0.0014488910318225,0,1.0624416414789125e-05,-0.07244455159112516,-0.9026858969411367,0
22,18,0.0,1,4.531999008184593e-05,-0.613692285424809,-0.3236613692514889,1
22,19,0.0014657666345226,0,4.441023396516796e-06,0.07328833172613007,0.6374810877198098,0
22,20,0.0046745419479267,0,4.116975713039452e-06,0.233727097396335,1.004814532576747,0
22,21,-0.0045973963355834,0,3.861908227677109e-06,-0.2298698167791699,-0.7978924688236481,0
22,22,0.0034016393442622,0,2.198853757795284e-06,0.17008196721311003,0.7283319629610516,0
22,23,-0.0025168756027,0,2.512439915972833e-06,-0.12584378013499994,-0.2808000058681661,0
22,24,0.0,1,4.61852102217307e-05,-0.3517151541467649,1.4424471986813456,1
22,25,0.0,1,1.139274808812013e-05,-0.39658416558112614,0.5059303380238508,1
22,26,0.0029435872709739,0,2.613422049134184e-06,0.14717936354869496,0.34005616845141584,0
22,27,-0.0002073288331726,0,1.5078290697322183e-05,-0.010366441658629849,0.6648013448674561,0
22,28,0.0,1,2.362221181093005e-05,0.5919814734404402,-0.45086543103370846,1
22,29,0.0,1,1.0648189620985809e-05,-0.21566073237805797,-0.34762735190611044,1
22,30,-0.0054797492767598,0,8.178010679744585e-06,-0.2739874638379899,-0.7427558957653477,0
23,1,0.01674849972722314,0,8.629054908262353e-05,1.0856519367157664,8374.148468598289,1
23,2,0.0,0,6.118275835240325e-06,0.2626567020250701,-0.1031799272582798,0
23,3,0.0,0,5.72381821185689e-06,0.10728061716489502,0.43907693875023046,0
23,4,0.0,0,6.905583106821886e-06,-0.1620057859209251,-0.5747541998042031,0
23,5,0.0,0,3.905644248625329e-05,0.5778688524590149,0.3301971861942158,0
23,6,0.0,0,1.2552862991421532e-05,0.4195998071359651,-0.43910073760325047,0
23,7,0.0,0,6.123204376048127e-06,-0.08232883317260983,0.7685720587804257,0
23,8,0.0,0,6.67434981749367e-07,0.09136933461908997,-0.13209553367479585,0
23,9,-0.006901254773595203,0,8.773142816274374e-05,-1.1199897307531852,-3450.728781810884,1
23,10,0.003491543917075824,0,9.488040234248736e-06,0.3769134495041877,1745.67056352463,1
23,11,0.0,0,1.6201066796606124e-06,-0.143563162970105,0.2670112314321907,0
23,12,0.0,0,1.3759153059708776e-06,-0.12560270009642996,0.2634414034795313,0
23,13,-0.005482815057283143,0,0.00010375863578791779,0.9169314206861142,-2741.5089236548533,1
23,14,0.0,0,2.1829151719601086e-05,0.5296528447444551,-0.3302209850472209,0
23,15,0.0,0,9.94019391379968e-06,-0.3819913211186101,0.31948770233623763,0
23,16,0.016503000545553745,0,0.00017698008104668778,1.629280189981067,8251.398877763591,1
23,17,0.0,0,1.0624416414789124e-05,0.37620540019286,-0.3159416732365982,0
23,18,0.010447354064375343,0,3.471769996680248e-05,0.6923718751002852,5223.575637174389,1
23,19,0.0,0,4.441023396516796e-06,-0.25096432015429,0.11565052623955455,0
23,20,0.0,0,4.1169757130394514e-06,-0.18997107039536992,0.5907946267381428,0
23,21,0.0,0,3.86190822767711e-06,0.05315814850529992,-0.7821612038535455,0
23,22,0.0,0,2.198853757795284e-06,-0.14018804243008495,0.402307710837867,0
23,23,0.0,0,2.512439915972833e-06,-0.06509161041465505,-0.4740850515392768,0
23,24,-0.002400436442989624,0,7.123834837960656e-05,-0.9491832739642497,-1200.319616508094,1
23,25,-0.005210038188761598,0,2.0927811314482144e-05,-0.5598344083951097,-2605.120489394081,1
23,26,0.0,0,2.6134220491341837e-06,0.04110414657666003,0.33448097973739815,0
23,27,0.0,0,1.5078290697322183e-05,-0.4065814850530351,-0.13209553367479585,0
23,28,0.01620294599018005,0,8.097051924621291e-05,1.0521164275857648,8101.371600076743,1
23,29,-0.01726677577741408,0,5.516198106848973e-05,-0.6797760020538492,-8633.489283720322,1
23,30,0.0,0,8.178010679744585e-06,-0.051952748312435106,-0.9128169069207631,0
24,1,-0.021594521887992168,0,0.0002463358805854039,-1.0797260943996076,-2423.0110803845146,1
24,2,0.0,0,3.228865833235855e-11,0.0006027000964319102,0.0,0
24,3,0.0,0,2.960477338992854e-06,-0.18249758919961,0.0,0
24,4,0.0,0,2.2708949207202227e-06,0.15983606557377006,0.0,0
24,5,0.0,0,1.8878287359966328e-06,-0.14573288331726,0.0,0
24,6,0.0,0,1.1558254784067966e-06,0.114030858244935,0.0,0
24,7,0.0,0,7.670453635501217e-06,-0.29375602700096,0.0,0
24,8,0.0,0,9.552276681047066e-09,0.010366441658630002,0.0,0
24,9,0.011225238444607454,0,5.580033910865674e-05,0.5612619222303725,2161.991835506125,1
24,10,0.003497187576424533,0,2.7134701911620144e-06,0.17485937882122665,3494.3657467501785,1
24,11,0.0,0,1.3755278420708882e-06,-0.124397299903565,0.0,0
24,12,0.0,0,1.3489994803849927e-06,-0.12319189971070003,0.0,0
24,13,-0.021985815602836863,0,8.730959729787357e-05,-1.099290780141843,-13734.315330060004,1
24,14,0.0,0,5.306718489704377e-07,0.07726615236258001,0.0,0
24,15,0.0,0,1.7953023566793211e-06,-0.14211668273866507,0.0,0
24,16,0.0025189532893127894,0,5.269419226056301e-05,0.12594766446563976,9510.976917433269,1
24,17,0.0,0,4.665078271323708e-07,0.07244455159112499,0.0,0
24,18,-0.006921007581315725,0,5.0967504349173585e-05,-0.3460503790657859,1763.1732415298088,1
24,19,0.0,0,4.774381837510463e-07,-0.07328833172613004,0.0,0
24,20,0.0,0,4.855853871761409e-06,-0.233727097396335,0.0,0
24,21,0.0,0,4.6969006814301506e-06,0.22986981677916998,0.0,0
24,22,0.0,0,2.57136671742946e-06,-0.17008196721311003,0.0,0
24,23,0.0,0,1.4077028443258864e-06,0.12584378013499997,0.0,0
24,24,0.01570066030814377,0,6.443583698027175e-05,0.7850330154071881,6650.111932577072,1
24,25,-0.03372462704817802,0,0.0002197307494765122,-1.2992776556422578,-19467.332618469805,1
24,26,0.0,0,1.9254902270754607e-06,-0.14717936354869504,0.0,0
24,27,0.0,0,9.552276681047066e-09,0.010366441658630002,0.0,0
24,28,-0.00770359501100514,0,9.926705972173595e-05,-0.38517975055025655,4249.675489587455,1
24,29,0.0053558327219369,0,9.317876724530785e-05,0.26779163609684453,-5955.47152773859,1
24,30,0.0,0,6.672811585811011e-06,0.27398746383799005,0.0,0
25,1,0.01052523383698223,0,0.0002822883391952811,-0.31116329451204616,-5534.64402550497,1
25,2,0.0,0,0.0,0.0,0.0,0
25,3,0.0,0,0.0,0.0,0.0,0
25,4,0.0,0,0.0,0.0,0.0,0
25,5,0.0,0,0.0,0.0,0.0,0
25,6,0.0,0,0.0,0.0,0.0,0
25,7,0.0,0,0.0,0.0,0.0,0
25,8,0.0,0,0.0,0.0,0.0,0
25,9,0.01223147291602426,0,7.72937258940162e-05,0.9566363844809733,11728.355680315857,1
25,10,-0.0004728132387706567,0,3.4974517758502793e-06,-0.19821785779232398,1512.187168826938,1
25,11,0.0,0,0.0,0.0,0.0,0
25,12,0.0,0,0.0,0.0,0.0,0
25,13,0.004892589166409705,0,0.00012249407586122516,0.5187702111846418,-8546.61321821358,1
25,14,0.0,0,0.0,0.0,0.0,0
25,15,0.0,0,0.0,0.0,0.0,0
25,16,0.0011923116455956448,0,4.79700833674361e-05,-0.765534444997905,1855.632467454217,1
25,17,0.0,0,0.0,0.0,0.0,0
25,18,0.008037825059101654,0,5.9025832249642674e-05,-0.12047645026368459,558.4087388929652,1
25,19,0.0,0,0.0,0.0,0.0,0
25,20,0.0,0,0.0,0.0,0.0,0
25,21,0.0,0,0.0,0.0,0.0,0
25,22,0.0,0,0.0,0.0,0.0,0
25,23,0.0,0,0.0,0.0,0.0,0
25,24,-0.0015623393976770493,0,6.959591878826925e-05,0.04190485226562906,7069.16045523336,1
25,25,0.0018501387604070417,0,0.0002364990931900889,0.2855710030558042,-15937.244143885488,1
25,26,0.0,0,0.0,0.0,0.0,0
25,27,0.0,0,0.0,0.0,0.0,0
25,28,0.02244835029293865,0,0.00016885195368425356,0.30270766709834185,7372.377640966755,1
25,29,0.0026724226539212746,0,0.00010183941544357787,0.9969599215667679,4014.127687929087,1
25,30,0.0,0,0.0,0.0,0.0,0
26,1,0.0,0,0.00017875362563623938,1.079726094399609,5262.616918491115,1
26,2,0.0,0,0.0,0.0,0.0,0
26,3,0.0,0,0.0,0.0,0.0,0
26,4,0.0,0,0.0,0.0,0.0,0
26,5,0.0,0,0.0,0.0,0.0,0
26,6,0.0,0,0.0,0.0,0.0,0
26,7,0.0,0,0.0,0.0,0.0,0
26,8,0.0,0,0.0,0.0,0.0,0
26,9,0.0,0,3.0736379516132854e-05,-0.5612619222303726,6115.73645801213,1
26,10,0.0,0,3.1349755306783743e-06,-0.17485937882122662,-236.40661938532836,1
26,11,0.0,0,0.0,0.0,0.0,0
26,12,0.0,0,0.0,0.0,0.0,0
26,13,0.0,0,0.0001366402399347412,1.0992907801418434,2446.2945832048526,1
26,14,0.0,0,0.0,0.0,0.0,0
26,15,0.0,0,0.0,0.0,0.0,0
26,16,0.0,0,1.058523420534138e-06,-0.12594766446563946,596.1558227978225,1
26,17,0.0,0,0.0,0.0,0.0,0
26,18,0.0,0,3.736373906504096e-05,0.3460503790657865,4018.9125295508275,1
26,19,0.0,0,0.0,0.0,0.0,0
26,20,0.0,0,0.0,0.0,0.0,0
26,21,0.0,0,0.0,0.0,0.0,0
26,22,0.0,0,0.0,0.0,0.0,0
26,23,0.0,0,0.0,0.0,0.0,0
26,24,0.0,0,6.077364414982497e-05,-0.7850330154071884,-781.1696988385247,1
26,25,0.0,0,0.0002673708272563481,1.5870667511759025,925.0693802035208,1
26,26,0.0,0,0.0,0.0,0.0,0
26,27,0.0,0,0.0,0.0,0.0,0
26,28,0.0,0,0.00016360151250889782,0.3851797505502573,11224.175146469326,1
26,29,0.0,0,4.780830731076585e-06,-0.267791636096845,1336.2113269606373,1
26,30,0.0,0,0.0,0.0,0.0,0
27,1,0.0,0,2.4617899405145705e-05,-0.5262616918491115,0.0,1
27,2,0.0,0,0.0,0.0,0.0,0
27,3,0.0,0,0.0,0.0,0.0,0
27,4,0.0,0,0.0,0.0,0.0,0
27,5,0.0,0,0.0,0.0,0.0,0
27,6,0.0,0,0.0,0.0,0.0,0
27,7,0.0,0,0.0,0.0,0.0,0
27,8,0.0,0,0.0,0.0,0.0,0
27,9,0.0,0,3.3246428821207784e-05,-0.6115736458012131,0.0,1
27,10,0.0,0,4.967830194595511e-08,0.023640661938532835,0.0,1
27,11,0.0,0,0.0,0.0,0.0,0
27,12,0.0,0,0.0,0.0,0.0,0
27,13,0.0,0,5.319428611393245e-06,-0.24462945832048527,0.0,1
27,14,0.0,0,0.0,0.0,0.0,0
27,15,0.0,0,0.0,0.0,0.0,0
27,16,0.0,0,3.159126800495544e-07,-0.05961558227978224,0.0,1
27,17,0.0,0,0.0,0.0,0.0,0
27,18,0.0,0,1.435702926238278e-05,-0.4018912529550826,0.0,1
27,19,0.0,0,0.0,0.0,0.0,0
27,20,0.0,0,0.0,0.0,0.0,0
27,21,0.0,0,0.0,0.0,0.0,0
27,22,0.0,0,0.0,0.0,0.0,0
27,23,0.0,0,0.0,0.0,0.0,0
27,24,0.0,0,5.424231985630857e-07,0.07811696988385247,0.0,1
27,25,0.0,0,7.606696517245565e-07,-0.09250693802035208,0.0,1
27,26,0.0,0,0.0,0.0,0.0,0
27,27,0.0,0,0.0,0.0,0.0,0
27,28,0.0,0,0.0001119840957498842,-1.1224175146469326,0.0,1
27,29,0.0,0,1.5870761869314728e-06,-0.13362113269606374,0.0,1
27,30,0.0,0,0.0,0.0,0.0,0
28,1,0.012785125551082991,0,3.6324318968212255e-05,0.6392562775541494,6392.562775541496,1
28,2,0.0,0,0.0,0.0,0.0,0
28,3,0.0,0,0.0,0.0,0.0,0
28,4,0.0,0,0.0,0.0,0.0,0
28,5,0.0,0,0.0,0.0,0.0,0
28,6,0.0,0,0.0,0.0,0.0,0
28,7,0.0,0,0.0,0.0,0.0,0
28,8,0.0,0,0.0,0.0,0.0,0
28,9,0.0057312631780716775,0,7.29941724807117e-06,0.2865631589035838,2865.6315890358387,1
28,10,-0.0018209699060762867,0,7.368736441856623e-07,-0.09104849530381431,-910.4849530381434,1
28,11,0.0,0,0.0,0.0,0.0,0
28,12,0.0,0,0.0,0.0,0.0,0
28,13,0.011500862564692344,0,2.939329771820928e-05,0.5750431282346171,5750.431282346172,1
28,14,0.0,0,0.0,0.0,0.0,0
28,15,0.0,0,0.0,0.0,0.0,0
28,16,-0.0055779183438757814,0,6.914038455765765e-06,-0.278895917193789,-2788.959171937891,1
28,17,0.0,0,0.0,0.0,0.0,0
28,18,-0.019838987924094307,0,8.74634315227466e-05,-0.991949396204715,-9919.493962047154,1
28,19,0.0,0,0.0,0.0,0.0,0
28,20,0.0,0,0.0,0.0,0.0,0
28,21,0.0,0,0.0,0.0,0.0,0
28,22,0.0,0,0.0,0.0,0.0,0
28,23,0.0,0,0.0,0.0,0.0,0
28,24,-0.014337741997316477,0,4.5682410129247255e-05,-0.7168870998658237,-7168.870998658239,1
28,25,0.0016292888633314066,0,5.899071555946104e-07,0.0814644431665703,814.6444316657033,1
28,26,0.0,0,0.0,0.0,0.0,0
28,27,0.0,0,0.0,0.0,0.0,0
28,28,0.01278512555108299,0,3.632431896821225e-05,0.6392562775541493,6392.562775541495,1
28,29,-0.03862373011309183,0,0.00033150945063310154,-1.4999999999999996,-19311.865056545914,1
28,30,0.0,0,0.0,0.0,0.0,0
29,1,0.0,0,3.6324318968212255e-05,2.577890099034382e-16,6392.562775541496,1
29,2,0.0,0,0.0,0.0,0.0,0
29,3,0.0,0,0.0,0.0,0.0,0
29,4,0.0,0,0.0,0.0,0.0,0
29,5,0.0,0,0.0,0.0,0.0,0
29,6,0.0,0,0.0,0.0,0.0,0
29,7,0.0,0,0.0,0.0,0.0,0
29,8,0.0,0,0.0,0.0,0.0,0
29,9,0.0,0,7.29941724807117e-06,1.222633623544187e-16,2865.6315890358387,1
29,10,0.0,0,7.368736441856623e-07,-3.73534343197496e-17,-910.4849530381434,1
29,11,0.0,0,0.0,0.0,0.0,0
29,12,0.0,0,0.0,0.0,0.0,0
29,13,0.0,0,2.939329771820928e-05,2.1351423493970777e-16,5750.431282346172,1
29,14,0.0,0,0.0,0.0,0.0,0
29,15,0.0,0,0.0,0.0,0.0,0
29,16,0.0,0,6.914038455765764e-06,-9.001307775480668e-17,-2788.959171937891,1
29,17,0.0,0,0.0,0.0,0.0,0
29,18,0.0,0,8.74634315227466e-05,-3.7391985938021343e-16,-9919.493962047154,1
29,19,0.0,0,0.0,0.0,0.0,0
29,20,0.0,0,0.0,0.0,0.0,0
29,21,0.0,0,0.0,0.0,0.0,0
29,22,0.0,0,0.0,0.0,0.0,0
29,23,0.0,0,0.0,0.0,0.0,0
29,24,0.0,0,4.5682410129247255e-05,-3.0473789105600183e-16,-7168.870998658239,1
29,25,0.0,0,5.899071555946103e-07,3.119557377757012e-17,814.6444316657033,1
29,26,0.0,0,0.0,0.0,0.0,0
29,27,0.0,0,0.0,0.0,0.0,0
29,28,0.0,0,3.6324318968212255e-05,2.497554215024271e-16,6392.562775541495,1
29,29,0.0,0,0.00033150945063310154,-6.714089543753864e-16,-19311.865056545914,1
29,30,0.0,0,0.0,0.0,0.0,0
30,1,0.004954260458423255,0,2.770295334958757e-05,-0.39154325463298695,2477.130229211628,1
30,2,0.0,0,0.0,0.0,0.0,0
30,3,0.0,0,0.0,0.0,0.0,0
30,4,0.0,0,0.0,0.0,0.0,0
30,5,0.0,0,0.0,0.0,0.0,0
30,6,0.0,0,0.0,0.0,0.0,0
30,7,0.0,0,0.0,0.0,0.0,0
30,8,0.0,0,0.0,0.0,0.0,0
30,9,0.00863398088189948,0,1.2868752617049038e-05,0.14513588519139006,4316.99044094974,1
30,10,-0.00028779936272997815,0,6.388190874453417e-07,0.07665852716731543,-143.89968136498908,1
30,11,0.0,0,0.0,0.0,0.0,0
30,12,0.0,0,0.0,0.0,0.0,0
30,13,0.011655874190564295,0,2.9794807942484457e-05,0.007750581293597357,5827.937095282148,1
30,14,0.0,0,0.0,0.0,0.0,0
30,15,0.0,0,0.0,0.0,0.0,0
30,16,0.00964127865145441,0,3.952126491873377e-05,0.7609598497665094,4820.639325727205,1
30,17,0.0,0,0.0,0.0,0.0,0
30,18,0.0073388837496145415,0,0.0001317868183617002,1.3588935836854423,3669.441874807271,1
30,19,0.0,0,0.0,0.0,0.0,0
30,20,0.0,0,0.0,0.0,0.0,0
30,21,0.0,0,0.0,0.0,0.0,0
30,22,0.0,0,0.0,0.0,0.0,0
30,23,0.0,0,0.0,0.0,0.0,0
30,24,0.006537156953438165,0,7.600740809107944e-05,1.043744947537732,3268.5784767190826,1
30,25,-0.012868742933497804,0,4.205022809672181e-05,-0.7249015898414604,-6434.371466748902,1
30,26,0.0,0,0.0,0.0,0.0,0
30,27,0.0,0,0.0,0.0,0.0,0
30,28,0.005694315962586089,0,2.7351583362115273e-05,-0.35454047942484535,2847.1579812930445,1
30,29,0.0072155411655874125,0,0.00040501059483573224,2.1892031735081057,3607.7705827937066,1
30,30,0.0,0,0.0,0.0,0.0,0
31,1,0.0,0,5.454377042199157e-06,9.18418185714473e-17,2477.130229211628,1
31,2,0.0,0,0.0,0.0,0.0,0
31,3,0.0,0,0.0,0.0,0.0,0
31,4,0.0,0,0.0,0.0,0.0,0
31,5,0.0,0,0.0,0.0,0.0,0
31,6,0.0,0,0.0,0.0,0.0,0
31,7,0.0,0,0.0,0.0,0.0,0
31,8,0.0,0,0.0,0.0,0.0,0
31,9,0.0,0,1.6565694637556824e-05,1.4877180818647824e-16,4316.99044094974,1
31,10,0.0,0,1.8406327375062567e-08,-5.1103723080399106e-18,-143.89968136498908,1
31,11,0.0,0,0.0,0.0,0.0,0
31,12,0.0,0,0.0,0.0,0.0,0
31,13,0.0,0,3.0190978476947304e-05,1.8268072771710737e-16,5827.937095282148,1
31,14,0.0,0,0.0,0.0,0.0,0
31,15,0.0,0,0.0,0.0,0.0,0
31,16,0.0,0,2.0656500896664563e-05,1.925897546667911e-16,4820.639325727205,1
31,17,0.0,0,0.0,0.0,0.0,0
31,18,0.0,0,1.1968714375634754e-05,1.1024409903352319e-16,3669.441874807271,1
31,19,0.0,0,0.0,0.0,0.0,0
31,20,0.0,0,0.0,0.0,0.0,0
31,21,0.0,0,0.0,0.0,0.0,0
31,22,0.0,0,0.0,0.0,0.0,0
31,23,0.0,0,0.0,0.0,0.0,0
31,24,0.0,0,9.496538007529988e-06,1.2260806345045427e-16,3268.5784767190826,1
31,25,0.0,0,3.6801009930766586e-05,-2.352864710000765e-16,-6434.371466748902,1
31,26,0.0,0,0.0,0.0,0.0,0
31,27,0.0,0,0.0,0.0,0.0,0
31,28,0.0,0,7.205607618169498e-06,1.081292699965626e-16,2847.1579812930445,1
31,29,0.0,0,1.1569785402730346e-05,1.4596637047332541e-16,3607.7705827937066,1
31,30,0.0,0,0.0,0.0,0.0,0
32,1,0.0,0,5.454377042199157e-06,-0.24771302292116276,0.0,1
32,2,0.0,0,0.0,0.0,0.0,0
32,3,0.0,0,0.0,0.0,0.0,0
32,4,0.0,0,0.0,0.0,0.0,0
32,5,0.0,0,0.0,0.0,0.0,0
32,6,0.0,0,0.0,0.0,0.0,0
32,7,0.0,0,0.0,0.0,0.0,0
32,8,0.0,0,0.0,0.0,0.0,0
32,9,0.0,0,1.6565694637556824e-05,-0.43169904409497406,0.0,1
32,10,0.0,0,1.8406327375062567e-08,0.014389968136498907,0.0,1
32,11,0.0,0,0.0,0.0,0.0,0
32,12,0.0,0,0.0,0.0,0.0,0
32,13,0.0,0,3.0190978476947304e-05,-0.5827937095282147,0.0,1
32,14,0.0,0,0.0,0.0,0.0,0
32,15,0.0,0,0.0,0.0,0.0,0
32,16,0.0,0,2.0656500896664563e-05,-0.4820639325727205,0.0,1
32,17,0.0,0,0.0,0.0,0.0,0
32,18,0.0,0,1.1968714375634754e-05,-0.3669441874807271,0.0,1
32,19,0.0,0,0.0,0.0,0.0,0
32,20,0.0,0,0.0,0.0,0.0,0
32,21,0.0,0,0.0,0.0,0.0,0
32,22,0.0,0,0.0,0.0,0.0,0
32,23,0.0,0,0.0,0.0,0.0,0
32,24,0.0,0,9.496538007529988e-06,-0.3268578476719083,0.0,1
32,25,0.0,0,3.6801009930766586e-05,0.6434371466748905,0.0,1
32,26,0.0,0,0.0,0.0,0.0,0
32,27,0.0,0,0.0,0.0,0.0,0
32,28,0.0,0,7.205607618169498e-06,-0.2847157981293045,0.0,1
32,29,0.0,0,1.1569785402730346e-05,-0.3607770582793706,0.0,1
32,30,0.0,0,0.0,0.0,0.0,0
33,1,0.0,0,0.0,0.0,0.0,1
33,2,0.0,0,0.0,0.0,0.0,0
33,3,0.0,0,0.0,0.0,0.0,0
33,4,0.0,0,0.0,0.0,0.0,0
33,5,0.0,0,0.0,0.0,0.0,0
33,6,0.0,0,0.0,0.0,0.0,0
33,7,0.0,0,0.0,0.0,0.0,0
33,8,0.0,0,0.0,0.0,0.0,0
33,9,0.0,0,0.0,0.0,0.0,1
33,10,0.0,0,0.0,0.0,0.0,1
33,11,0.0,0,0.0,0.0,0.0,0
33,12,0.0,0,0.0,0.0,0.0,0
33,13,0.0,0,0.0,0.0,0.0,1
33,14,0.0,0,0.0,0.0,0.0,0
33,15,0.0,0,0.0,0.0,0.0,0
33,16,0.0,0,0.0,0.0,0.0,1
33,17,0.0,0,0.0,0.0,0.0,0
33,18,0.0,0,0.0,0.0,0.0,1
33,19,0.0,0,0.0,0.0,0.0,0
33,20,0.0,0,0.0,0.0,0.0,0
33,21,0.0,0,0.0,0.0,0.0,0
33,22,0.0,0,0.0,0.0,0.0,0
33,23,0.0,0,0.0,0.0,0.0,0
33,24,0.0,0,0.0,0.0,0.0,1
33,25,0.0,0,0.0,0.0,0.0,1
33,26,0.0,0,0.0,0.0,0.0,0
33,27,0.0,0,0.0,0.0,0.0,0
33,28,0.0,0,0.0,0.0,0.0,1
33,29,0.0,0,0.0,0.0,0.0,1
33,30,0.0,0,0.0,0.0,0.0,0
34,1,0.0,0,0.0,0.0,0.0,1
34,2,0.0,0,0.0,0.0,0.0,0
34,3,0.0,0,0.0,0.0,0.0,0
34,4,0.0,0,0.0,0.0,0.0,0
34,5,0.0,0,0.0,0.0,0.0,0
34,6,0.0,0,0.0,0.0,0.0,0
34,7,0.0,0,0.0,0.0,0.0,0
34,8,0.0,0,0.0,0.0,0.0,0
34,9,0.0,0,0.0,0.0,0.0,1
34,10,0.0,0,0.0,0.0,0.0,1
34,11,0.0,0,0.0,0.0,0.0,0
34,12,0.0,0,0.0,0.0,0.0,0
34,13,0.0,0,0.0,0.0,0.0,1
34,14,0.0,0,0.0,0.0,0.0,0
34,15,0.0,0,0.0,0.0,0.0,0
34,16,0.0,0,0.0,0.0,0.0,1
34,17,0.0,0,0.0,0.0,0.0,0
34,18,0.0,0,0.0,0.0,0.0,1
34,19,0.0,0,0.0,0.0,0.0,0
34,20,0.0,0,0.0,0.0,0.0,0
34,21,0.0,0,0.0,0.0,0.0,0
34,22,0.0,0,0.0,0.0,0.0,0
34,23,0.0,0,0.0,0.0,0.0,0
34,24,0.0,0,0.0,0.0,0.0,1
34,25,0.0,0,0.0,0.0,0.0,1
34,26,0.0,0,0.0,0.0,0.0,0
34,27,0.0,0,0.0,0.0,0.0,0
34,28,0.0,0,0.0,0.0,0.0,1
34,29,0.0,0,0.0,0.0,0.0,1
34,30,0.0,0,0.0,0.0,0.0,0
35,1,0.0,0,0.0,0.0,0.0,1
35,2,0.0,0,0.0,0.0,0.0,0
35,3,0.0,0,0.0,0.0,0.0,0
35,4,0.0,0,0.0,0.0,0.0,0
35,5,0.0,0,0.0,0.0,0.0,0
35,6,0.0,0,0.0,0.0,0.0,0
35,7,0.0,0,0.0,0.0,0.0,0
35,8,0.0,0,0.0,0.0,0.0,0
35,9,0.0,0,0.0,0.0,0.0,1
35,10,0.0,0,0.0,0.0,0.0,1
35,11,0.0,0,0.0,0.0,0.0,0
35,12,0.0,0,0.0,0.0,0.0,0
35,13,0.0,0,0.0,0.0,0.0,1
35,14,0.0,0,0.0,0.0,0.0,0
35,15,0.0,0,0.0,0.0,0.0,0
35,16,0.0,0,0.0,0.0,0.0,1
35,17,0.0,0,0.0,0.0,0.0,0
35,18,0.0,0,0.0,0.0,0.0,1
35,19,0.0,0,0.0,0.0,0.0,0
35,20,0.0,0,0.0,0.0,0.0,0
35,21,0.0,0,0.0,0.0,0.0,0
35,22,0.0,0,0.0,0.0,0.0,0
35,23,0.0,0,0.0,0.0,0.0,0
35,24,0.0,0,0.0,0.0,0.0,1
35,25,0.0,0,0.0,0.0,0.0,1
35,26,0.0,0,0.0,0.0,0.0,0
35,27,0.0,0,0.0,0.0,0.0,0
35,28,0.0,0,0.0,0.0,0.0,1
35,29,0.0,0,0.0,0.0,0.0,1
35,30,0.0,0,0.0,0.0,0.0,0
36,1,0.0,0,0.0,0.0,0.0,1
36,2,0.0,0,0.0,0.0,0.0,0
36,3,0.0,0,0.0,0.0,0.0,0
36,4,0.0,0,0.0,0.0,0.0,0
36,5,0.0,0,0.0,0.0,0.0,0
36,6,0.0,0,0.0,0.0,0.0,0
36,7,0.0,0,0.0,0.0,0.0,0
36,8,0.0,0,0.0,0.0,0.0,0
36,9,0.0,0,0.0,0.0,0.0,1
36,10,0.0,0,0.0,0.0,0.0,1
36,11,0.0,0,0.0,0.0,0.0,0
36,12,0.0,0,0.0,0.0,0.0,0
36,13,0.0,0,0.0,0.0,0.0,1
36,14,0.0,0,0.0,0.0,0.0,0
36,15,0.0,0,0.0,0.0,0.0,0
36,16,0.0,0,0.0,0.0,0.0,1
36,17,0.0,0,0.0,0.0,0.0,0
36,18,0.0,0,0.0,0.0,0.0,1
36,19,0.0,0,0.0,0.0,0.0,0
36,20,0.0,0,0.0,0.0,0.0,0
36,21,0.0,0,0.0,0.0,0.0,0
36,22,0.0,0,0.0,0.0,0.0,0
36,23,0.0,0,0.0,0.0,0.0,0
36,24,0.0,0,0.0,0.0,0.0,1
36,25,0.0,0,0.0,0.0,0.0,1
36,26,0.0,0,0.0,0.0,0.0,0
36,27,0.0,0,0.0,0.0,0.0,0
36,28,0.0,0,0.0,0.0,0.0,1
36,29,0.0,0,0.0,0.0,0.0,1
36,30,0.0,0,0.0,0.0,0.0,0
37,1,-0.009408983451536646,0,1.96731043536201e-05,-0.4704491725768321,-4704.491725768323,1
37,2,0.0,0,0.0,0.0,0.0,0
37,3,0.0,0,0.0,0.0,0.0,0
37,4,0.0,0,0.0,0.0,0.0,0
37,5,0.0,0,0.0,0.0,0.0,0
37,6,0.0,0,0.0,0.0,0.0,0
37,7,0.0,0,0.0,0.0,0.0,0
37,8,0.0,0,0.0,0.0,0.0,0
37,9,0.01728132387706856,0,6.636536776536443e-05,0.8640661938534278,8640.661938534282,1
37,10,-0.0022931442080378183,0,1.1685578575238651e-06,-0.11465721040189089,-1146.5721040189092,1
37,11,0.0,0,0.0,0.0,0.0,0
37,12,0.0,0,0.0,0.0,0.0,0
37,13,0.006406619385342806,0,9.121060433033384e-06,0.3203309692671402,3203.309692671403,1
37,14,0.0,0,0.0,0.0,0.0,0
37,15,0.0,0,0.0,0.0,0.0,0
37,16,-0.010401891252955082,0,2.4044298141845212e-05,-0.5200945626477539,-5200.945626477542,1
37,17,0.0,0,0.0,0.0,0.0,0
37,18,-0.023096926713947977,0,0.00011854844969544083,-1.1548463356973986,-11548.463356973989,1
37,19,0.0,0,0.0,0.0,0.0,0
37,20,0.0,0,0.0,0.0,0.0,0
37,21,0.0,0,0.0,0.0,0.0,0
37,22,0.0,0,0.0,0.0,0.0,0
37,23,0.0,0,0.0,0.0,0.0,0
37,24,0.010921985815602829,0,2.6508838701384304e-05,0.5460992907801413,5460.992907801415,1
37,25,0.009148936170212762,0,1.8600674010361637e-05,0.4574468085106379,4574.468085106381,1
37,26,0.0,0,0.0,0.0,0.0,0
37,27,0.0,0,0.0,0.0,0.0,0
37,28,0.0028841607565011835,0,1.8485296154092176e-06,0.14420803782505914,1442.0803782505918,1
37,29,-0.03586288416075646,0,0.00028581032451729704,-1.4999999999999993,-17931.44208037823,1
37,30,0.0,0,0.0,0.0,0.0,0
38,1,-0.00984633569739952,0,2.0630063693792872e-05,-0.4923167848699759,-9627.659574468082,1
38,2,0.0,0,0.0,0.0,0.0,0
38,3,0.0,0,0.0,0.0,0.0,0
38,4,0.0,0,0.0,0.0,0.0,0
38,5,0.0,0,0.0,0.0,0.0,0
38,6,0.0,0,0.0,0.0,0.0,0
38,7,0.0,0,0.0,0.0,0.0,0
38,8,0.0,0,0.0,0.0,0.0,0
38,9,0.006430260047281307,0,5.0859776161991045e-05,0.3215130023640656,11855.791962174935,1
38,10,0.0015366430260047319,0,2.4763391562512953e-06,0.07683215130023653,-378.25059101654324,1
38,11,0.0,0,0.0,0.0,0.0,0
38,12,0.0,0,0.0,0.0,0.0,0
38,13,0.006583924349881803,0,9.380474316007437e-06,0.32919621749409017,6495.271867612304,1
38,14,0.0,0,0.0,0.0,0.0,0
38,15,0.0,0,0.0,0.0,0.0,0
38,16,0.006524822695035448,0,4.858736643522779e-05,0.326241134751772,-1938.5342789598176,1
38,17,0.0,0,0.0,0.0,0.0,0
38,18,0.0004728132387706789,0,0.00012102491304744696,0.023640661938533463,-11312.05673758865,1
38,19,0.0,0,0.0,0.0,0.0,0
38,20,0.0,0,0.0,0.0,0.0,0
38,21,0.0,0,0.0,0.0,0.0,0
38,22,0.0,0,0.0,0.0,0.0,0
38,23,0.0,0,0.0,0.0,0.0,0
38,24,-0.0009574468085106487,0,2.903637755757869e-05,-0.0478723404255322,4982.26950354609,1
38,25,0.007884160756501174,0,1.6384742303123314e-05,0.39420803782505875,8516.548463356969,1
38,26,0.0,0,0.0,0.0,0.0,0
38,27,0.0,0,0.0,0.0,0.0,0
38,28,0.009066193853427894,0,1.4303531940974718e-05,0.4533096926713947,5975.177304964539,1
38,29,0.0009101654846335679,0,0.0002932480046399527,0.039059857964152234,-17476.359338061447,1
38,30,0.0,0,0.0,0.0,0.0,0
39,1,0.0,0,2.0630063693792872e-05,0.4704491725768321,-4923.16784869976,1
39,2,0.0,0,0.0,0.0,0.0,0
39,3,0.0,0,0.0,0.0,0.0,0
39,4,0.0,0,0.0,0.0,0.0,0
39,5,0.0,0,0.0,0.0,0.0,0
39,6,0.0,0,0.0,0.0,0.0,0
39,7,0.0,0,0.0,0.0,0.0,0
39,8,0.0,0,0.0,0.0,0.0,0
39,9,0.0,0,5.0859776161991045e-05,-0.8640661938534281,3215.1300236406532,1
39,10,0.0,0,2.4763391562512953e-06,0.11465721040189092,768.3215130023659,1
39,11,0.0,0,0.0,0.0,0.0,0
39,12,0.0,0,0.0,0.0,0.0,0
39,13,0.0,0,9.380474316007437e-06,-0.3203309692671403,3291.9621749409016,1
39,14,0.0,0,0.0,0.0,0.0,0
39,15,0.0,0,0.0,0.0,0.0,0
39,16,0.0,0,4.8587366435227804e-05,0.5200945626477542,3262.411347517724,1
39,17,0.0,0,0.0,0.0,0.0,0
39,18,0.0,0,0.00012102491304744696,1.1548463356973988,236.40661938533947,1
39,19,0.0,0,0.0,0.0,0.0,0
39,20,0.0,0,0.0,0.0,0.0,0
39,21,0.0,0,0.0,0.0,0.0,0
39,22,0.0,0,0.0,0.0,0.0,0
39,23,0.0,0,0.0,0.0,0.0,0
39,24,0.0,0,2.903637755757869e-05,-0.5460992907801416,-478.72340425532434,1
39,25,0.0,0,1.6384742303123314e-05,-0.4574468085106383,3942.080378250587,1
39,26,0.0,0,0.0,0.0,0.0,0
39,27,0.0,0,0.0,0.0,0.0,0
39,28,0.0,0,1.4303531940974718e-05,-0.14420803782505903,4533.096926713947,1
39,29,0.0,0,0.0002932480046399527,1.5390598579641528,455.08274231678394,1
39,30,0.0,0,0.0,0.0,0.0,0
40,1,0.0,0,2.154451703686313e-05,0.49231678486997615,0.0,1
40,2,0.0,0,0.0,0.0,0.0,0
40,3,0.0,0,0.0,0.0,0.0,0
40,4,0.0,0,0.0,0.0,0.0,0
40,5,0.0,0,0.0,0.0,0.0,0
40,6,0.0,0,0.0,0.0,0.0,0
40,7,0.0,0,0.0,0.0,0.0,0
40,8,0.0,0,0.0,0.0,0.0,0
40,9,0.0,0,9.18849872792493e-06,-0.32151300236406527,0.0,1
40,10,0.0,0,5.247270643042174e-07,-0.07683215130023661,0.0,1
40,11,0.0,0,0.0,0.0,0.0,0
40,12,0.0,0,0.0,0.0,0.0,0
40,13,0.0,0,9.632902187770336e-06,-0.3291962174940903,0.0,1
40,14,0.0,0,0.0,0.0,0.0,0
40,15,0.0,0,0.0,0.0,0.0,0
40,16,0.0,0,9.46073582258881e-06,-0.32624113475177247,0.0,1
40,17,0.0,0,0.0,0.0,0.0,0
40,18,0.0,0,4.967830194595978e-08,-0.023640661938533945,0.0,1
40,19,0.0,0,0.0,0.0,0.0,0
40,20,0.0,0,0.0,0.0,0.0,0
40,21,0.0,0,0.0,0.0,0.0,0
40,22,0.0,0,0.0,0.0,0.0,0
40,23,0.0,0,0.0,0.0,0.0,0
40,24,0.0,0,2.037120869171615e-07,0.04787234042553244,0.0,1
40,25,0.0,0,1.3813331296522926e-05,-0.39420803782505875,0.0,1
40,26,0.0,0,0.0,0.0,0.0,0
40,27,0.0,0,0.0,0.0,0.0,0
40,28,0.0,0,1.826574910842972e-05,-0.45330969267139487,0.0,1
40,29,0.0,0,1.8408915764850165e-07,-0.04550827423167839,0.0,1
40,30,0.0,0,0.0,0.0,0.0,0
41,1,0.0,0,0.0,0.0,0.0,1
41,2,0.0,0,0.0,0.0,0.0,0
41,3,0.0,0,0.0,0.0,0.0,0
41,4,0.0,0,0.0,0.0,0.0,0
41,5,0.0,0,0.0,0.0,0.0,0
41,6,0.0,0,0.0,0.0,0.0,0
41,7,0.0,0,0.0,0.0,0.0,0
41,8,0.0,0,0.0,0.0,0.0,0
41,9,0.0,0,0.0,0.0,0.0,1
41,10,0.0,0,0.0,0.0,0.0,1
41,11,0.0,0,0.0,0.0,0.0,0
41,12,0.0,0,0.0,0.0,0.0,0
41,13,0.0,0,0.0,0.0,0.0,1
41,14,0.0,0,0.0,0.0,0.0,0
41,15,0.0,0,0.0,0.0,0.0,0
41,16,0.0,0,0.0,0.0,0.0,1
41,17,0.0,0,0.0,0.0,0.0,0
41,18,0.0,0,0.0,0.0,0.0,1
41,19,0.0,0,0.0,0.0,0.0,0
41,20,0.0,0,0.0,0.0,0.0,0
41,21,0.0,0,0.0,0.0,0.0,0
41,22,0.0,0,0.0,0.0,0.0,0
41,23,0.0,0,0.0,0.0,0.0,0
41,24,0.0,0,0.0,0.0,0.0,1
41,25,0.0,0,0.0,0.0,0.0,1
41,26,0.0,0,0.0,0.0,0.0,0
41,27,0.0,0,0.0,0.0,0.0,0
41,28,0.0,0,0.0,0.0,0.0,1
41,29,0.0,0,0.0,0.0,0.0,1
41,30,0.0,0,0.0,0.0,0.0,0
42,1,-0.0045656028368794436,0,4.632162058693693e-06,-0.22828014184397208,-2282.801418439722,1
42,2,0.0,0,0.0,0.0,0.0,0
42,3,0.0,0,0.0,0.0,0.0,0
42,4,0.0,0,0.0,0.0,0.0,0
42,5,0.0,0,0.0,0.0,0.0,0
42,6,0.0,0,0.0,0.0,0.0,0
42,7,0.0,0,0.0,0.0,0.0,0
42,8,0.0,0,0.0,0.0,0.0,0
42,9,0.0077866430260047385,0,1.3473735469872942e-05,0.3893321513002368,3893.3215130023696,1
42,10,0.0008865248226950578,0,1.746502802787786e-07,0.04432624113475287,443.2624113475289,1
42,11,0.0,0,0.0,0.0,0.0,0
42,12,0.0,0,0.0,0.0,0.0,0
42,13,-0.0007387706855791856,0,1.212849168602533e-07,-0.03693853427895927,-369.3853427895928,1
42,14,0.0,0,0.0,0.0,0.0,0
42,15,0.0,0,0.0,0.0,0.0,0
42,16,-0.007683215130023633,0,1.311817660760535e-05,-0.3841607565011815,-3841.6075650118164,1
42,17,0.0,0,0.0,0.0,0.0,0
42,18,-0.01031323877068558,0,2.363619865359383e-05,-0.5156619385342788,-5156.61938534279,1
42,19,0.0,0,0.0,0.0,0.0,0
42,20,0.0,0,0.0,0.0,0.0,0
42,21,0.0,0,0.0,0.0,0.0,0
42,22,0.0,0,0.0,0.0,0.0,0
42,23,0.0,0,0.0,0.0,0.0,0
42,24,-0.0032505910165484503,0,2.3480759904145527e-06,-0.16252955082742246,-1625.2955082742253,1
42,25,0.006117021276595749,0,8.315099844072242e-06,0.3058510638297874,3058.5106382978747,1
42,26,0.0,0,0.0,0.0,0.0,0
42,27,0.0,0,0.0,0.0,0.0,0
42,28,-0.014258274231678502,0,4.517741868127715e-05,-0.712913711583925,-7129.137115839251,1
42,29,-0.00930851063829786,0,1.925519340073432e-05,-0.46542553191489283,-4654.2553191489305,1
42,30,0.0,0,0.0,0.0,0.0,0
43,1,0.0,0,4.632162058693693e-06,-8.260248068793791e-17,-2282.801418439722,1
43,2,0.0,0,0.0,0.0,0.0,0
43,3,0.0,0,0.0,0.0,0.0,0
43,4,0.0,0,0.0,0.0,0.0,0
43,5,0.0,0,0.0,0.0,0.0,0
43,6,0.0,0,0.0,0.0,0.0,0
43,7,0.0,0,0.0,0.0,0.0,0
43,8,0.0,0,0.0,0.0,0.0,0
43,9,0.0,0,1.3473735469872942e-05,1.3889807758364334e-16,3893.3215130023696,1
43,10,0.0,0,1.746502802787786e-07,1.665274176117588e-17,443.2624113475289,1
43,11,0.0,0,0.0,0.0,0.0,0
43,12,0.0,0,0.0,0.0,0.0,0
43,13,0.0,0,1.2128491686025334e-07,-1.396005019111697e-17,-369.3853427895928,1
43,14,0.0,0,0.0,0.0,0.0,0
43,15,0.0,0,0.0,0.0,0.0,0
43,16,0.0,0,1.311817660760535e-05,-1.725325149057386e-16,-3841.6075650118164,1
43,17,0.0,0,0.0,0.0,0.0,0
43,18,0.0,0,2.363619865359383e-05,-1.8665694121041394e-16,-5156.61938534279,1
43,19,0.0,0,0.0,0.0,0.0,0
43,20,0.0,0,0.0,0.0,0.0,0
43,21,0.0,0,0.0,0.0,0.0,0
43,22,0.0,0,0.0,0.0,0.0,0
43,23,0.0,0,0.0,0.0,0.0,0
43,24,0.0,0,2.3480759904145527e-06,-4.971657000685799e-17,-1625.2955082742253,1
43,25,0.0,0,8.315099844072242e-06,1.4426045234829657e-16,3058.5106382978747,1
43,26,0.0,0,0.0,0.0,0.0,0
43,27,0.0,0,0.0,0.0,0.0,0
43,28,0.0,0,4.517741868127715e-05,-2.740615632851711e-16,-7129.137115839251,1
43,29,0.0,0,1.925519340073432e-05,-1.6504234772421509e-16,-4654.2553191489305,1
43,30,0.0,0,0.0,0.0,0.0,0
44,1,0.0,0,4.632162058693693e-06,0.22828014184397216,0.0,1
44,2,0.0,0,0.0,0.0,0.0,0
44,3,0.0,0,0.0,0.0,0.0,0
44,4,0.0,0,0.0,0.0,0.0,0
44,5,0.0,0,0.0,0.0,0.0,0
44,6,0.0,0,0.0,0.0,0.0,0
44,7,0.0,0,0.0,0.0,0.0,0
44,8,0.0,0,0.0,0.0,0.0,0
44,9,0.0,0,1.3473735469872942e-05,-0.3893321513002371,0.0,1
44,10,0.0,0,1.746502802787786e-07,-0.0443262411347529,0.0,1
44,11,0.0,0,0.0,0.0,0.0,0
44,12,0.0,0,0.0,0.0,0.0,0
44,13,0.0,0,1.2128491686025334e-07,0.036938534278959274,0.0,1
44,14,0.0,0,0.0,0.0,0.0,0
44,15,0.0,0,0.0,0.0,0.0,0
44,16,0.0,0,1.311817660760535e-05,0.38416075650118164,0.0,1
44,17,0.0,0,0.0,0.0,0.0,0
44,18,0.0,0,2.363619865359383e-05,0.5156619385342791,0.0,1
44,19,0.0,0,0.0,0.0,0.0,0
44,20,0.0,0,0.0,0.0,0.0,0
44,21,0.0,0,0.0,0.0,0.0,0
44,22,0.0,0,0.0,0.0,0.0,0
44,23,0.0,0,0.0,0.0,0.0,0
44,24,0.0,0,2.3480759904145527e-06,0.16252955082742251,0.0,1
44,25,0.0,0,8.315099844072242e-06,-0.30585106382978755,0.0,1
44,26,0.0,0,0.0,0.0,0.0,0
44,27,0.0,0,0.0,0.0,0.0,0
44,28,0.0,0,4.517741868127715e-05,0.712913711583925,0.0,1
44,29,0.0,0,1.925519340073432e-05,0.465425531914893,0.0,1
44,30,0.0,0,0.0,0.0,0.0,0
45,1,-0.005442850074220685,0,6.583248206765359e-06,-0.27214250371103416,-2721.4250371103426,1
45,2,0.0,0,0.0,0.0,0.0,0
45,3,0.0,0,0.0,0.0,0.0,0
45,4,0.0,0,0.0,0.0,0.0,0
45,5,0.0,0,0.0,0.0,0.0,0
45,6,0.0,0,0.0,0.0,0.0,0
45,7,0.0,0,0.0,0.0,0.0,0
45,8,0.0,0,0.0,0.0,0.0,0
45,9,0.006877783275606126,0,1.0511978396934964e-05,0.3438891637803062,3438.891637803063,1
45,10,-0.0022596074550552568,0,1.1346279668758432e-06,-0.11298037275276278,-1129.8037275276286,1
45,11,0.0,0,0.0,0.0,0.0,0
45,12,0.0,0,0.0,0.0,0.0,0
45,13,0.007768431469569531,0,1.3410783888310717e-05,0.38842157347847645,3884.2157347847656,1
45,14,0.0,0,0.0,0.0,0.0,0
45,15,0.0,0,0.0,0.0,0.0,0
45,16,-0.0007092198581560295,0,1.1177617937841304e-07,-0.03546099290780147,-354.6099290780148,1
45,17,0.0,0,0.0,0.0,0.0,0
45,18,0.009071416790367784,0,1.828680057434812e-05,0.453570839518389,4535.708395183892,1
45,19,0.0,0,0.0,0.0,0.0,0
45,20,0.0,0,0.0,0.0,0.0,0
45,21,0.0,0,0.0,0.0,0.0,0
45,22,0.0,0,0.0,0.0,0.0,0
45,23,0.0,0,0.0,0.0,0.0,0
45,24,0.0047171367309912435,0,4.9447508753037234e-06,0.23585683654956205,2358.568365495622,1
45,25,0.0006267524327890259,0,8.729302489043609e-08,0.03133762163945128,313.376216394513,1
45,26,0.0,0,0.0,0.0,0.0,0
45,27,0.0,0,0.0,0.0,0.0,0
45,28,0.006317004783110665,0,8.867677651076226e-06,0.3158502391555332,3158.5023915553325,1
45,29,-0.0013524657760184851,0,4.064808167336185e-07,-0.06762328880092425,-676.2328880092426,1
45,30,0.0,0,0.0,0.0,0.0,0
46,1,0.0,0,6.583248206765359e-06,-8.897511739479733e-17,-2721.4250371103426,1
46,2,0.0,0,0.0,0.0,0.0,0
46,3,0.0,0,0.0,0.0,0.0,0
46,4,0.0,0,0.0,0.0,0.0,0
46,5,0.0,0,0.0,0.0,0.0,0
46,6,0.0,0,0.0,0.0,0.0,0
46,7,0.0,0,0.0,0.0,0.0,0
46,8,0.0,0,0.0,0.0,0.0,0
46,9,0.0,0,1.0511978396934964e-05,1.3000982059442018e-16,3438.891637803063,1
46,10,0.0,0,1.1346279668758434e-06,-3.1274590032905613e-17,-1129.8037275276286,1
46,11,0.0,0,0.0,0.0,0.0,0
46,12,0.0,0,0.0,0.0,0.0,0
46,13,0.0,0,1.3410783888310717e-05,1.5715271108370396e-16,3884.2157347847656,1
46,14,0.0,0,0.0,0.0,0.0,0
46,15,0.0,0,0.0,0.0,0.0,0
46,16,0.0,0,1.1177617937841304e-07,-1.6142013317499074e-17,-354.6099290780148,1
46,17,0.0,0,0.0,0.0,0.0,0
46,18,0.0,0,1.8286800574348118e-05,1.3671725434738541e-16,4535.708395183892,1
46,19,0.0,0,0.0,0.0,0.0,0
46,20,0.0,0,0.0,0.0,0.0,0
46,21,0.0,0,0.0,0.0,0.0,0
46,22,0.0,0,0.0,0.0,0.0,0
46,23,0.0,0,0.0,0.0,0.0,0
46,24,0.0,0,4.9447508753037234e-06,7.998089741403278e-17,2358.568365495622,1
46,25,0.0,0,8.729302489043609e-08,1.1792011948585818e-17,313.376216394513,1
46,26,0.0,0,0.0,0.0,0.0,0
46,27,0.0,0,0.0,0.0,0.0,0
46,28,0.0,0,8.867677651076224e-06,1.0645898796904236e-16,3158.5023915553325,1
46,29,0.0,0,4.064808167336185e-07,-2.6540738878214218e-17,-676.2328880092426,1
46,30,0.0,0,0.0,0.0,0.0,0
47,1,0.0,0,6.583248206765359e-06,0.2721425037110343,0.0,1
47,2,0.0,0,0.0,0.0,0.0,0
47,3,0.0,0,0.0,0.0,0.0,0
47,4,0.0,0,0.0,0.0,0.0,0
47,5,0.0,0,0.0,0.0,0.0,0
47,6,0.0,0,0.0,0.0,0.0,0
47,7,0.0,0,0.0,0.0,0.0,0
47,8,0.0,0,0.0,0.0,0.0,0
47,9,0.0,0,1.0511978396934964e-05,-0.3438891637803064,0.0,1
47,10,0.0,0,1.1346279668758434e-06,0.11298037275276282,0.0,1
47,11,0.0,0,0.0,0.0,0.0,0
47,12,0.0,0,0.0,0.0,0.0,0
47,13,0.0,0,1.3410783888310717e-05,-0.3884215734784766,0.0,1
47,14,0.0,0,0.0,0.0,0.0,0
47,15,0.0,0,0.0,0.0,0.0,0
47,16,0.0,0,1.1177617937841304e-07,0.03546099290780149,0.0,1
47,17,0.0,0,0.0,0.0,0.0,0
47,18,0.0,0,1.8286800574348118e-05,-0.45357083951838917,0.0,1
47,19,0.0,0,0.0,0.0,0.0,0
47,20,0.0,0,0.0,0.0,0.0,0
47,21,0.0,0,0.0,0.0,0.0,0
47,22,0.0,0,0.0,0.0,0.0,0
47,23,0.0,0,0.0,0.0,0.0,0
47,24,0.0,0,4.9447508753037234e-06,-0.23585683654956213,0.0,1
47,25,0.0,0,8.729302489043609e-08,-0.0313376216394513,0.0,1
47,26,0.0,0,0.0,0.0,0.0,0
47,27,0.0,0,0.0,0.0,0.0,0
47,28,0.0,0,8.867677651076224e-06,-0.3158502391555333,0.0,1
47,29,0.0,0,4.064808167336185e-07,0.06762328880092426,0.0,1
47,30,0.0,0,0.0,0.0,0.0,0
48,1,0.0,0,0.0,0.0,0.0,1
48,2,0.0,0,0.0,0.0,0.0,0
48,3,0.0,0,0.0,0.0,0.0,0
48,4,0.0,0,0.0,0.0,0.0,0
48,5,0.0,0,0.0,0.0,0.0,0
48,6,0.0,0,0.0,0.0,0.0,0
48,7,0.0,0,0.0,0.0,0.0,0
48,8,0.0,0,0.0,0.0,0.0,0
48,9,0.0,0,0.0,0.0,0.0,1
48,10,0.0,0,0.0,0.0,0.0,1
48,11,0.0,0,0.0,0.0,0.0,0
48,12,0.0,0,0.0,0.0,0.0,0
48,13,0.0,0,0.0,0.0,0.0,1
48,14,0.0,0,0.0,0.0,0.0,0
48,15,0.0,0,0.0,0.0,0.0,0
48,16,0.0,0,0.0,0.0,0.0,1
48,17,0.0,0,0.0,0.0,0.0,0
48,18,0.0,0,0.0,0.0,0.0,1
48,19,0.0,0,0.0,0.0,0.0,0
48,20,0.0,0,0.0,0.0,0.0,0
48,21,0.0,0,0.0,0.0,0.0,0
48,22,0.0,0,0.0,0.0,0.0,0
48,23,0.0,0,0.0,0.0,0.0,0
48,24,0.0,0,0.0,0.0,0.0,1
48,25,0.0,0,0.0,0.0,0.0,1
48,26,0.0,0,0.0,0.0,0.0,0
48,27,0.0,0,0.0,0.0,0.0,0
48,28,0.0,0,0.0,0.0,0.0,1
48,29,0.0,0,0.0,0.0,0.0,1
48,30,0.0,0,0.0,0.0,0.0,0
49,1,0.0,0,0.0,0.0,0.0,1
49,2,0.0,0,0.0,0.0,0.0,0
49,3,0.0,0,0.0,0.0,0.0,0
49,4,0.0,0,0.0,0.0,0.0,0
49,5,0.0,0,0.0,0.0,0.0,0
49,6,0.0,0,0.0,0.0,0.0,0
49,7,0.0,0,0.0,0.0,0.0,0
49,8,0.0,0,0.0,0.0,0.0,0
49,9,0.0,0,0.0,0.0,0.0,1
49,10,0.0,0,0.0,0.0,0.0,1
49,11,0.0,0,0.0,0.0,0.0,0
49,12,0.0,0,0.0,0.0,0.0,0
49,13,0.0,0,0.0,0.0,0.0,1
49,14,0.0,0,0.0,0.0,0.0,0
49,15,0.0,0,0.0,0.0,0.0,0
49,16,0.0,0,0.0,0.0,0.0,1
49,17,0.0,0,0.0,0.0,0.0,0
49,18,0.0,0,0.0,0.0,0.0,1
49,19,0.0,0,0.0,0.0,0.0,0
49,20,0.0,0,0.0,0.0,0.0,0
49,21,0.0,0,0.0,0.0,0.0,0
49,22,0.0,0,0.0,0.0,0.0,0
49,23,0.0,0,0.0,0.0,0.0,0
49,24,0.0,0,0.0,0.0,0.0,1
49,25,0.0,0,0.0,0.0,0.0,1
49,26,0.0,0,0.0,0.0,0.0,0
49,27,0.0,0,0.0,0.0,0.0,0
49,28,0.0,0,0.0,0.0,0.0,1
49,29,0.0,0,0.0,0.0,0.0,1
49,30,0.0,0,0.0,0.0,0.0,0
50,1,0.0,0,0.0,0.0,0.0,1
50,2,0.0,0,0.0,0.0,0.0,0
50,3,0.0,0,0.0,0.0,0.0,0
50,4,0.0,0,0.0,0.0,0.0,0
50,5,0.0,0,0.0,0.0,0.0,0
50,6,0.0,0,0.0,0.0,0.0,0
50,7,0.0,0,0.0,0.0,0.0,0
50,8,0.0,0,0.0,0.0,0.0,0
50,9,0.0,0,0.0,0.0,0.0,1
50,10,0.0,0,0.0,0.0,0.0,1
50,11,0.0,0,0.0,0.0,0.0,0
50,12,0.0,0,0.0,0.0,0.0,0
50,13,0.0,0,0.0,0.0,0.0,1
50,14,0.0,0,0.0,0.0,0.0,0
50,15,0.0,0,0.0,0.0,0.0,0
50,16,0.0,0,0.0,0.0,0.0,1
50,17,0.0,0,0.0,0.0,0.0,0
50,18,0.0,0,0.0,0.0,0.0,1
50,19,0.0,0,0.0,0.0,0.0,0
50,20,0.0,0,0.0,0.0,0.0,0
50,21,0.0,0,0.0,0.0,0.0,0
50,22,0.0,0,0.0,0.0,0.0,0
50,23,0.0,0,0.0,0.0,0.0,0
50,24,0.0,0,0.0,0.0,0.0,1
50,25,0.0,0,0.0,0.0,0.0,1
50,26,0.0,0,0.0,0.0,0.0,0
50,27,0.0,0,0.0,0.0,0.0,0
50,28,0.0,0,0.0,0.0,0.0,1
50,29,0.0,0,0.0,0.0,0.0,1
50,30,0.0,0,0.0,0.0,0.0,0
