round,client_id,shapley_value,flagged_status,rolling_variance,trend_slope,z_score
1,1,0.065877534711817,0,,,7.551412256064353
1,9,0.05730696234142443,0,,,6.31829134250451
1,10,0.0006492857856357909,0,,,-1.83352896252047
1,13,0.03424233343322349,0,,,2.9997876252438185
1,16,0.06671661172710025,0,,,7.672137380468823
1,18,0.06185196284087505,0,,,6.972219099695338
1,24,-0.0018979122964738755,0,,,-2.2000159473197223
1,25,0.06014384177404856,0,,,6.726457239300545
1,28,0.03435221256617723,0,,,3.0155968677253533
1,29,0.034621915892518264,0,,,3.0544013719982166
2,1,-0.03008030009964245,0,,,1.7942056831172828
2,9,0.038626106324365514,0,,,5.586008224188037
2,10,0.005286911669890378,0,,,-0.6290222773924159
2,13,0.03289373424769943,0,,,3.5589540270576085
2,16,0.0097649610222144,0,,,4.411132966304749
2,18,0.01489947834241838,0,,,4.390616411322989
2,24,-0.016446867123849726,0,,,-2.2067556176021683
2,25,0.027935056561749026,0,,,5.104128529003079
2,28,0.0005275189027606854,0,,,1.4901669170126375
2,29,-0.021933063712560815,0,,,0.06844589600764328
3,1,0.026381279993205088,0,0.0015506411361202056,-0.952811151149502,-0.6641248578454995
3,9,0.02424087994224317,0,0.0001832527694249378,-0.4127277515075045,3.625254871872906
3,10,-0.021115216375759138,0,0.00013247483261272726,-1.088225108069746,-1.0351775876169498
3,13,0.014872382893786902,0,7.797586758717566e-05,-0.3542918516999146,2.7366646573811866
3,16,0.027409011763706616,0,0.0005666544954957622,-0.5675336241630295,1.9495707180762567
3,18,0.01896632267380135,0,0.0004511392395481378,-0.6720639686762011,1.8096904125150677
3,24,0.0031766254724593496,0,6.916716464608332e-05,0.25372688844666097,-1.0793017732910046
3,25,-0.0009173143075551016,0,0.0006220366590726531,-1.0508268653392934,1.5407666719098483
3,28,-0.00624283348197222,0,0.0003153228151654227,-2.0297523024074717,-0.5138064571459051
3,29,-0.015466938463498557,0,0.0006387966471739707,-2.504442717800841,-2.4676909572383017
4,1,-0.002245862884160745,0,0.0005313532478894164,1.3917218607740864,0.863919209358365
4,9,-0.023887814313346228,0,0.0007145884691456705,-2.405666315051601,-1.14027924150678
4,10,0.04646464646464647,0,0.0007733017855215749,2.0161219860539377,2.4667620747605663
4,13,0.0010423382763808183,0,0.00017006118489581553,-0.9788692050985969,0.5105809579436216
4,16,0.026273372018052885,0,6.501442642308683e-05,0.39028609582109364,3.4053405781841892
4,18,-0.0067698259187620805,0,0.0001276052571508689,-1.0834652130590225,0.057647932052383055
4,24,-0.0013754566946056316,0,7.032781400664842e-05,0.7535705214622049,-0.3501900354602425
4,25,0.03751343219428329,0,0.0002667918734695955,0.22264531168997506,2.8098146430940947
4,28,-0.022200730711369018,0,9.07850539910706e-05,-1.1364124807064853,-2.6878858335654603
4,29,-0.021985815602836883,0,9.367701961808444e-06,-0.0013324365711139523,-3.1819259564177926
5,1,0.0,0,0.00016894768261060567,-1.3190639996602544,-0.5387145083424335
5,9,0.0,1,0.00038606879375457324,-1.212043997112159,-2.4239296910753088
5,10,0.0,0,0.0007968726216897496,1.055760818787958,3.704423735613931
5,13,0.0,0,4.594937512680632e-05,-0.7436191446893453,-0.25228161563326984
5,16,0.0,0,0.0001603148534104356,-0.7658660951552172,1.9455760055468656
5,18,0.0,0,0.00011865569812395541,-0.9483161336900676,-0.9327937496187693
5,24,0.0,0,3.63380917408045e-06,-0.15883127362296756,-0.4628940367429495
5,25,0.0,1,0.0003205579263580555,0.037598836728845356,2.924689749905649
5,28,0.0,0,8.738887755403853e-05,0.3121416740986105,-2.2769690239009988
5,29,0.0,1,8.501089247926496e-05,0.6194579884340632,-2.2582479198023604
6,1,-0.011197219482410412,0,2.3394267686749994e-05,-0.447567829912483,-1.3662156372583383
6,9,-0.0021417500352261566,1,0.00011645623083004777,1.0873032139060037,-0.39443656839373165
6,10,-0.00390775445023719,0,0.0005235125210953005,-1.7754727329886362,-0.5839536482137998
6,13,0.04935418721525527,1,0.0005301063347392778,1.4379517774561377,5.131800833593586
6,16,0.017556714104551223,0,0.00011938982361432925,-0.29831077296262604,1.7194853272588422
6,18,-0.003240805974355357,0,7.643038677975629e-06,0.17645099722033625,-0.5123807084945181
6,24,-0.007683997933399092,0,1.1192599768974967e-05,-0.31542706193967296,-0.9891976167652232
6,25,0.03386407402188721,1,0.0002852612132694867,-0.07669134926086858,3.469494106873945
6,28,-0.022122023390164867,1,0.00010914028420401513,0.0026636652933568652,-2.5386005512516348
6,29,-0.02916725376919823,1,0.00015396420381066952,-0.21058672298227807,-3.2946527313848835
7,1,0.04037825059101654,0,0.0004906455509136842,2.0189125295508257,20187.844338001643
7,9,0.02332545311268715,0,0.00013302692136696036,1.1662726556343572,11662.417377905813
7,10,-0.015382190701339648,0,4.261611365514919e-05,-0.7691095350669822,-7691.594046187407
7,13,-0.03572892040977149,0,0.0012168363058286823,-1.7864460204885733,-17859.24314592152
7,16,0.029345941686367217,0,0.00014537871006494046,0.9385164184684402,14674.7755866415
7,18,0.005642237982663516,0,1.3471793639861974e-05,0.28211189913317564,2820.691868753895
7,24,0.009739952718676118,0,5.083383994760888e-05,0.4869976359338056,4869.072419851926
7,25,0.005027580772261628,0,0.00022262171341301917,0.19390718132999163,2517.3451383683196
7,28,0.023293932230102437,0,0.00034384446916863287,1.1646966115051212,11644.512772630598
7,29,-0.032088258471237203,0,0.00020987969918034093,-0.785764185889594,-16047.338630219356
8,1,0.0,0,0.0004906455509136842,0.5598609741205218,20189.011464975592
8,9,0.0,1,0.00013302692136696038,0.10708750176130832,11662.612725810897
8,10,0.0,0,4.2616113655149196e-05,0.1953877225118591,-7691.209181202502
8,13,0.0,1,0.0012168363058286823,-2.467709360762765,-17864.574035418424
8,16,0.0,1,0.00014537871006494046,-0.5614835815315593,14672.857012650931
8,18,0.0,0,1.3471793639861973e-05,0.16204029871776796,2821.0051607990804
8,24,0.0,0,5.083383994760889e-05,0.38419989666995474,4869.862528805382
8,25,0.0,1,0.0002226217134130192,-1.3060928186700087,2513.6765555981365
8,28,0.0,1,0.0003438444691686328,1.1061011695082439,11646.85228451854
8,29,0.0,1,0.00020987969918034093,0.7142358141104059,-16044.24306615128
9,1,0.0,0,0.0003623118046202061,-1.4999999999999998,-0.11383053267781912
9,9,0.0,0,0.00012090594731381482,-1.1662726556343574,-0.11383053267781912
9,10,0.0,0,5.258039794941777e-05,0.7691095350669824,-0.11383053267781912
9,13,0.0,0,0.00028367905636617465,1.5,-0.11383053267781912
9,16,0.0,0,0.00019137428743548117,-1.4672970843183608,-0.11383053267781912
9,18,0.0,0,7.07441098955797e-06,-0.28211189913317586,-0.11383053267781912
9,24,0.0,0,2.1081484213788067e-05,-0.4869976359338059,-0.11383053267781912
9,25,0.0,0,5.617015204803296e-06,-0.25137903861308136,-0.11383053267781912
9,28,0.0,0,0.00012057939527569,-1.1646966115051216,-0.11383053267781912
9,29,0.0,0,0.00022881251815931692,1.5,-0.11383053267781912
10,1,0.0,0,0.0,0.0,-0.12128140350824676
10,9,0.0,1,0.0,0.0,-0.12128140350824676
10,10,0.0,0,0.0,0.0,-0.12128140350824676
10,13,0.0,1,0.0,0.0,-0.12128140350824676
10,16,0.0,1,0.0,0.0,-0.12128140350824676
10,18,0.0,0,0.0,0.0,-0.12128140350824676
10,24,0.0,0,0.0,0.0,-0.12128140350824676
10,25,0.0,1,0.0,0.0,-0.12128140350824676
10,28,0.0,1,0.0,0.0,-0.12128140350824676
10,29,0.0,1,0.0,0.0,-0.12128140350824676
11,1,0.0,0,0.0,0.0,-0.12128140350824676
11,9,0.0,0,0.0,0.0,-0.12128140350824676
11,10,0.0,0,0.0,0.0,-0.12128140350824676
11,13,0.0,0,0.0,0.0,-0.12128140350824676
11,16,0.0,0,0.0,0.0,-0.12128140350824676
11,18,0.0,0,0.0,0.0,-0.12128140350824676
11,24,0.0,0,0.0,0.0,-0.12128140350824676
11,25,0.0,0,0.0,0.0,-0.12128140350824676
11,28,0.0,0,0.0,0.0,-0.12128140350824676
11,29,0.0,0,0.0,0.0,-0.12128140350824676
12,1,0.008029811275393673,0,1.432841535965319e-05,0.40149056376968345,4014.9056376968365
12,9,0.02755138838802742,0,0.00016868422269065154,1.3775694194013703,13775.69419401371
12,10,0.007909604519774006,0,1.3902631924273193e-05,0.3954802259887002,3954.802259887003
12,13,0.005024642384902024,0,5.610451354700866e-06,0.2512321192451011,2512.321192451012
12,16,0.008077893977641536,0,1.4500526914226086e-05,0.40389469888207663,4038.946988820768
12,18,0.025411708137997344,0,0.00014350109122016899,1.2705854068998668,12705.854068998673
12,24,0.014424810674359906,0,4.623892510913943e-05,0.7212405337179952,7212.405337179954
12,25,-0.013871859598509428,0,4.276188638239071e-05,-0.6935929799254711,-6935.929799254714
12,28,0.009544416396201474,0,2.0243529854239896e-05,0.4772208198100735,4772.208198100738
12,29,-0.012645750691188846,0,3.553666900971182e-05,-0.6322875345594421,-6322.875345594423
13,1,-0.014865248226950347,0,8.995969150924032e-05,-0.743262411347517,-3417.718475778337
13,9,0.011234042553191492,0,0.0001279487210320541,0.4344689080630766,19392.715470609455
13,10,-0.005730496453900703,0,3.127253198215996e-05,-0.286524822695035,1089.5540329366513
13,13,0.011716312056737597,0,2.3033049144885855e-05,0.5858156028368797,8370.47722081981
13,16,-0.0033758865248226994,0,2.3093118749014085e-05,-0.16879432624113477,2351.003726409418
13,18,-0.013843971631205664,0,0.0002642687616842891,-0.6921985815602825,5783.868253395841
13,24,-0.0018156028368794214,0,5.2791400852050775e-05,-0.09078014184397076,6304.603918740243
13,25,-0.02034042553191488,0,7.200041608610515e-05,-0.8918035782047135,-17106.142565212154
13,28,-0.004170212765957444,0,3.295306799033042e-05,-0.20851063829787198,2687.101815122016
13,29,-0.01957446808510639,0,6.567577067592525e-05,-0.9112818982241457,-16110.109388147619
14,1,-0.004952518331530253,0,8.788742729091578e-05,-0.6491164803461965,-9908.8832792403
14,9,0.010674359899026313,0,6.126701226506285e-05,-0.5118408772748491,10954.201226108904
14,10,0.016540449573265996,0,8.405987531715567e-05,0.4315422526745989,5404.976559682646
14,13,0.02014665224185597,0,3.828047341639978e-05,0.6149223770481116,15931.482149296786
14,16,-0.002981127539367714,0,2.8182986596544545e-05,-0.5529510758504625,-3178.5070320952073
14,18,-0.0020435148455343207,0,0.0002704498270631285,-1.3727611491765834,-7943.7432383699925
14,24,0.0047601875225387735,0,4.448855450375325e-05,-0.4832311575910568,1472.2923428296763
14,25,0.010025243418680125,0,0.00017055419207401257,1.1948551508594774,-5157.591056617377
14,28,0.005072725087149888,0,3.261321959726575e-05,-0.22358456545257943,451.25616059622234
14,29,-0.030051688904916447,0,5.119399621465996e-05,-0.4192726430391472,-24813.078495011418
15,1,0.0,0,3.819613962806098e-05,0.7432624113475172,-2476.3370396560754
15,9,0.0,1,2.6717657334914627e-05,-0.5617021276595745,5337.102075622208
15,10,0.0,1,8.915778873765512e-05,0.2865248226950355,8270.14691274205
15,13,0.0,1,6.824780004466184e-05,-0.5515641269410116,10073.248247037038
15,16,0.0,1,2.271062876783726e-06,0.16879432624113494,-1490.6416435748056
15,18,0.0,1,3.7231364866671466e-05,0.6921985815602832,-1021.835296658109
15,24,0.0,1,7.688535306892856e-06,0.09078014184397121,2380.0158873784385
15,25,0.0,1,0.00015959025191558812,1.0170212765957438,5012.543835449114
15,28,0.0,1,1.428390160883985e-05,0.2085106382978723,2536.2846696839956
15,29,0.0,1,0.00015511510699553203,0.5916577850983431,-15025.922326349173
16,1,0.03712828169715065,0,0.0003526478300734384,1.961762315496948,18564.062974684373
16,9,0.010700510140599707,0,2.538261781757251e-05,0.001307512078669545,5350.177196408906
16,10,0.015304217991787964,0,5.659264766099615e-05,-0.05823101680772467,7652.031122003034
16,13,-0.02117705611546597,0,0.00028466713051920824,-2.0661854178660968,-10588.605931623933
16,16,-0.017245240761478164,0,5.6638930704501195e-05,-0.7132056611055221,-8622.698254630031
16,18,0.00739081746920491,0,1.642297355688406e-05,0.4717166157369614,3695.330860711507
16,24,0.022097797685703614,0,9.017386377532207e-05,0.8668805081582418,11048.82096896086
16,25,0.011646136618141087,0,2.652947761069496e-05,0.08104465997304776,5822.990435179595
16,28,-0.01371158392434988,0,6.295448206264458e-05,-0.9392154505749882,-6855.869836065889
16,29,-0.02861764339927833,0,0.00019157000069759754,0.036664270309130456,-14308.899573530114
17,1,0.0,1,0.00030633540039621605,5.069211527026706e-16,18564.267454679743
17,9,0.0,1,2.5444648282017145e-05,2.0136154160369954e-16,5350.381676404273
17,10,0.0,1,5.2048686297814755e-05,2.481366568898445e-16,7652.235601998402
17,13,0.0,1,9.965949015946548e-05,-4.763395756399513e-16,-10588.401451628566
17,16,0.0,1,6.608851753807733e-05,-3.757075508301201e-16,-8622.493774634664
17,18,0.0,1,1.2138707302912105e-05,1.6081072018010724e-16,3695.535340706874
17,24,0.0,1,0.00010851392501295291,2.851582639916323e-16,11049.025448956227
17,25,0.0,1,3.0140555139645932e-05,1.6979796286865355e-16,5823.194915174962
17,28,0.0,1,4.1779451936553354e-05,-2.537820586544737e-16,-6855.665356070522
17,29,0.0,1,0.00018199322527294635,-5.165569403696895e-16,-14308.695093534747
18,1,-0.0017267961763798919,0,0.0003212453559306505,-1.6463325183374085,-863.271482085527
18,9,-0.004526672833795869,0,4.076208728322502e-05,-0.7613591487197786,-2263.2098107935158
18,10,0.008251618871415373,0,3.911638407688278e-05,-0.35262995601862973,4125.936041812105
18,13,-0.010977489978415043,0,7.477823792531925e-05,0.4758067229718366,-5488.618383103103
18,16,0.0006907184705519595,0,6.884156161110625e-05,0.8967979616015063,345.4858413803987
18,18,0.002442183163737292,0,9.453046995288592e-06,-0.247431715273381,1221.218187973065
18,24,-0.002207832254085726,0,0.00012043898139893926,-1.2152814969894672,-1103.789520938444
18,25,0.0018748072772124577,0,2.6069586393776466e-05,-0.48856646704643164,937.5302447106478
18,28,-0.020228183780450198,0,7.107255849496502e-05,-0.28800726832222856,-10113.96528412068
18,29,-0.016749922910884996,0,0.00013781913564883108,0.39238562216201717,-8374.83484933808
19,1,-0.014589665653495442,0,4.236595334453953e-05,-0.7294832826747719,-8158.230914937667
19,9,0.018731003039513687,0,0.00010136230320426912,0.9365501519756838,7102.165102858909
19,10,0.0033181357649442684,0,1.1493166057281818e-05,0.1659067882472135,5784.877318179821
19,13,0.01904761904761904,0,0.0001538693610705173,0.9523809523809514,4035.0645346019974
19,16,0.0027735562310030417,0,1.389768812050924e-06,0.13867781155015207,1732.1373507775006
19,18,0.026443768996960455,0,0.00014236814443104753,1.3221884498480223,14442.976080348873
19,24,0.0094858156028369,0,2.573295790165737e-05,0.47429078014184484,3638.9916743755875
19,25,-0.014146403242147944,0,5.11460903913119e-05,-0.707320162107397,-6135.797982467743
19,28,0.00020263424518743208,0,9.184875609885675e-05,0.010131712259371225,-10012.774767631383
19,29,-0.02018743667679839,0,7.776766866568657e-05,-0.8197974991502834,-18468.679793841693
20,1,-0.007815892314372543,0,2.7601612023648902e-05,-0.3044548068996327,-11202.778983933993
20,9,0.017194963091619626,0,0.00011278981922508364,1.0376811216603443,17962.98306556666
20,10,-0.008250108554059919,0,4.7830060023410194e-05,-0.8250863712737644,-2465.9863945578254
20,13,0.015487045882182667,0,0.00017939516795650236,1.3232267930298856,17267.332464900854
20,16,0.004342162396873644,0,2.2368645763377416e-06,0.18257219631608426,3557.8593139383433
20,18,0.012273845708496177,0,9.705827076717288e-05,0.35829849952144954,19358.807352728316
20,24,0.007034303082935307,0,2.535204215830647e-05,0.4621067668510516,8260.059342886103
20,25,0.007931683311622528,0,8.675631551973956e-05,0.3028438017205032,-3107.3599652627076
20,28,-0.011839629468808809,0,7.031136488816749e-05,0.39487716249308774,-5818.497611810689
20,29,0.004313214647561157,0,0.00011730602000163448,0.9684454993581463,-7937.111014618617
21,1,-0.004964539007092195,1,1.6295253765783617e-05,0.48125633232016224,-3908.306688826787
21,9,0.015498539841468496,1,1.7428987657662507e-06,-0.0942876300970416,8598.929524091158
21,10,-0.004046725073007932,1,2.2859320497261708e-05,-0.36824304189761015,-4125.333693036875
21,13,-0.023821443471005427,1,0.00037728794863576225,-2.1434531259312233,7741.495851887758
21,16,-0.0160826032540676,1,8.613181419176623e-05,-0.9428079742535318,2169.7380615074676
21,18,-0.0034000834376303655,1,0.00014856825655737665,-1.267522871641574,6136.700587892119
21,24,0.016583229036295367,1,1.6396130882602703e-05,0.3216025230913642,3518.6953836796165
21,25,0.005986649979140595,1,9.961832139460923e-05,1.0066526610644269,3966.4489811625704
21,28,-0.004839382561535254,1,2.438238951105528e-05,-0.25210084033613445,-5920.1642048221565
21,29,-0.0036712557363370885,1,0.00010409087949858299,0.8258090470230653,2156.3610914419546
22,1,0.0,1,1.0429448433971813e-05,0.39079461571862717,-0.4619266537973792
22,9,0.0,1,5.986103830926676e-05,-0.7889165223505513,1.3465832680628613
22,10,0.0,1,1.1345411962118267e-05,0.4125054277029958,-0.38081102019712454
22,13,0.0,1,0.0002613852327143156,-0.7743522941091339,-2.128484216857174
22,16,0.0,1,7.718617262271541e-05,-0.21710811984368264,-1.4445319426368393
22,18,0.0,1,4.531999008184593e-05,-0.613692285424809,-0.3236613692514889
22,24,0.0,1,4.61852102217307e-05,-0.3517151541467649,1.4424471986813456
22,25,0.0,1,1.139274808812013e-05,-0.39658416558112614,0.5059303380238508
22,28,0.0,1,2.362221181093005e-05,0.5919814734404402,-0.45086543103370846
22,29,0.0,1,1.0648189620985809e-05,-0.21566073237805797,-0.34762735190611044
23,1,0.01674849972722314,0,8.629054908262353e-05,1.0856519367157664,8374.148468598289
23,9,-0.006901254773595203,0,8.773142816274374e-05,-1.1199897307531852,-3450.728781810884
23,10,0.003491543917075824,0,9.488040234248736e-06,0.3769134495041877,1745.67056352463
23,13,-0.005482815057283143,0,0.00010375863578791779,0.9169314206861142,-2741.5089236548533
23,16,0.016503000545553745,0,0.00017698008104668778,1.629280189981067,8251.398877763591
23,18,0.010447354064375343,0,3.471769996680248e-05,0.6923718751002852,5223.575637174389
23,24,-0.002400436442989624,0,7.123834837960656e-05,-0.9491832739642497,-1200.319616508094
23,25,-0.005210038188761598,0,2.0927811314482144e-05,-0.5598344083951097,-2605.120489394081
23,28,0.01620294599018005,0,8.097051924621291e-05,1.0521164275857648,8101.371600076743
23,29,-0.01726677577741408,0,5.516198106848973e-05,-0.6797760020538492,-8633.489283720322
24,1,-0.021594521887992168,0,0.0002463358805854039,-1.0797260943996076,-2423.0110803845146
24,9,0.011225238444607454,0,5.580033910865674e-05,0.5612619222303725,2161.991835506125
24,10,0.003497187576424533,0,2.7134701911620144e-06,0.17485937882122665,3494.3657467501785
24,13,-0.021985815602836863,0,8.730959729787357e-05,-1.099290780141843,-13734.315330060004
24,16,0.0025189532893127894,0,5.269419226056301e-05,0.12594766446563976,9510.976917433269
24,18,-0.006921007581315725,0,5.0967504349173585e-05,-0.3460503790657859,1763.1732415298088
24,24,0.01570066030814377,0,6.443583698027175e-05,0.7850330154071881,6650.111932577072
24,25,-0.03372462704817802,0,0.0002197307494765122,-1.2992776556422578,-19467.332618469805
24,28,-0.00770359501100514,0,9.926705972173595e-05,-0.38517975055025655,4249.675489587455
24,29,0.0053558327219369,0,9.317876724530785e-05,0.26779163609684453,-5955.47152773859
25,1,0.01052523383698223,0,0.0002822883391952811,-0.31116329451204616,-5534.64402550497
25,9,0.01223147291602426,0,7.72937258940162e-05,0.9566363844809733,11728.355680315857
25,10,-0.0004728132387706567,0,3.4974517758502793e-06,-0.19821785779232398,1512.187168826938
25,13,0.004892589166409705,0,0.00012249407586122516,0.5187702111846418,-8546.61321821358
25,16,0.0011923116455956448,0,4.79700833674361e-05,-0.765534444997905,1855.632467454217
25,18,0.008037825059101654,0,5.9025832249642674e-05,-0.12047645026368459,558.4087388929652
25,24,-0.0015623393976770493,0,6.959591878826925e-05,0.04190485226562906,7069.16045523336
25,25,0.0018501387604070417,0,0.0002364990931900889,0.2855710030558042,-15937.244143885488
25,28,0.02244835029293865,0,0.00016885195368425356,0.30270766709834185,7372.377640966755
25,29,0.0026724226539212746,0,0.00010183941544357787,0.9969599215667679,4014.127687929087
26,1,0.0,0,0.00017875362563623938,1.079726094399609,5262.616918491115
26,9,0.0,0,3.0736379516132854e-05,-0.5612619222303726,6115.73645801213
26,10,0.0,0,3.1349755306783743e-06,-0.17485937882122662,-236.40661938532836
26,13,0.0,0,0.0001366402399347412,1.0992907801418434,2446.2945832048526
26,16,0.0,0,1.058523420534138e-06,-0.12594766446563946,596.1558227978225
26,18,0.0,0,3.736373906504096e-05,0.3460503790657865,4018.9125295508275
26,24,0.0,0,6.077364414982497e-05,-0.7850330154071884,-781.1696988385247
26,25,0.0,0,0.0002673708272563481,1.5870667511759025,925.0693802035208
26,28,0.0,0,0.00016360151250889782,0.3851797505502573,11224.175146469326
26,29,0.0,0,4.780830731076585e-06,-0.267791636096845,1336.2113269606373
27,1,0.0,0,2.4617899405145705e-05,-0.5262616918491115,0.0
27,9,0.0,0,3.3246428821207784e-05,-0.6115736458012131,0.0
27,10,0.0,0,4.967830194595511e-08,0.023640661938532835,0.0
27,13,0.0,0,5.319428611393245e-06,-0.24462945832048527,0.0
27,16,0.0,0,3.159126800495544e-07,-0.05961558227978224,0.0
27,18,0.0,0,1.435702926238278e-05,-0.4018912529550826,0.0
27,24,0.0,0,5.424231985630857e-07,0.07811696988385247,0.0
27,25,0.0,0,7.606696517245565e-07,-0.09250693802035208,0.0
27,28,0.0,0,0.0001119840957498842,-1.1224175146469326,0.0
27,29,0.0,0,1.5870761869314728e-06,-0.13362113269606374,0.0
28,1,0.012785125551082991,0,3.6324318968212255e-05,0.6392562775541494,6392.562775541496
28,9,0.0057312631780716775,0,7.29941724807117e-06,0.2865631589035838,2865.6315890358387
28,10,-0.0018209699060762867,0,7.368736441856623e-07,-0.09104849530381431,-910.4849530381434
28,13,0.011500862564692344,0,2.939329771820928e-05,0.5750431282346171,5750.431282346172
28,16,-0.0055779183438757814,0,6.914038455765765e-06,-0.278895917193789,-2788.959171937891
28,18,-0.019838987924094307,0,8.74634315227466e-05,-0.991949396204715,-9919.493962047154
28,24,-0.014337741997316477,0,4.5682410129247255e-05,-0.7168870998658237,-7168.870998658239
28,25,0.0016292888633314066,0,5.899071555946104e-07,0.0814644431665703,814.6444316657033
28,28,0.01278512555108299,0,3.632431896821225e-05,0.6392562775541493,6392.562775541495
28,29,-0.03862373011309183,0,0.00033150945063310154,-1.4999999999999996,-19311.865056545914
29,1,0.0,0,3.6324318968212255e-05,2.577890099034382e-16,6392.562775541496
29,9,0.0,0,7.29941724807117e-06,1.222633623544187e-16,2865.6315890358387
29,10,0.0,0,7.368736441856623e-07,-3.73534343197496e-17,-910.4849530381434
29,13,0.0,0,2.939329771820928e-05,2.1351423493970777e-16,5750.431282346172
29,16,0.0,0,6.914038455765764e-06,-9.001307775480668e-17,-2788.959171937891
29,18,0.0,0,8.74634315227466e-05,-3.7391985938021343e-16,-9919.493962047154
29,24,0.0,0,4.5682410129247255e-05,-3.0473789105600183e-16,-7168.870998658239
29,25,0.0,0,5.899071555946103e-07,3.119557377757012e-17,814.6444316657033
29,28,0.0,0,3.6324318968212255e-05,2.497554215024271e-16,6392.562775541495
29,29,0.0,0,0.00033150945063310154,-6.714089543753864e-16,-19311.865056545914
30,1,0.004954260458423255,0,2.770295334958757e-05,-0.39154325463298695,2477.130229211628
30,9,0.00863398088189948,0,1.2868752617049038e-05,0.14513588519139006,4316.99044094974
30,10,-0.00028779936272997815,0,6.388190874453417e-07,0.07665852716731543,-143.89968136498908
30,13,0.011655874190564295,0,2.9794807942484457e-05,0.007750581293597357,5827.937095282148
30,16,0.00964127865145441,0,3.952126491873377e-05,0.7609598497665094,4820.639325727205
30,18,0.0073388837496145415,0,0.0001317868183617002,1.3588935836854423,3669.441874807271
30,24,0.006537156953438165,0,7.600740809107944e-05,1.043744947537732,3268.5784767190826
30,25,-0.012868742933497804,0,4.205022809672181e-05,-0.7249015898414604,-6434.371466748902
30,28,0.005694315962586089,0,2.7351583362115273e-05,-0.35454047942484535,2847.1579812930445
30,29,0.0072155411655874125,0,0.00040501059483573224,2.1892031735081057,3607.7705827937066
31,1,0.0,0,5.454377042199157e-06,9.18418185714473e-17,2477.130229211628
31,9,0.0,0,1.6565694637556824e-05,1.4877180818647824e-16,4316.99044094974
31,10,0.0,0,1.8406327375062567e-08,-5.1103723080399106e-18,-143.89968136498908
31,13,0.0,0,3.0190978476947304e-05,1.8268072771710737e-16,5827.937095282148
31,16,0.0,0,2.0656500896664563e-05,1.925897546667911e-16,4820.639325727205
31,18,0.0,0,1.1968714375634754e-05,1.1024409903352319e-16,3669.441874807271
31,24,0.0,0,9.496538007529988e-06,1.2260806345045427e-16,3268.5784767190826
31,25,0.0,0,3.6801009930766586e-05,-2.352864710000765e-16,-6434.371466748902
31,28,0.0,0,7.205607618169498e-06,1.081292699965626e-16,2847.1579812930445
31,29,0.0,0,1.1569785402730346e-05,1.4596637047332541e-16,3607.7705827937066
32,1,0.0,0,5.454377042199157e-06,-0.24771302292116276,0.0
32,9,0.0,0,1.6565694637556824e-05,-0.43169904409497406,0.0
32,10,0.0,0,1.8406327375062567e-08,0.014389968136498907,0.0
32,13,0.0,0,3.0190978476947304e-05,-0.5827937095282147,0.0
32,16,0.0,0,2.0656500896664563e-05,-0.4820639325727205,0.0
32,18,0.0,0,1.1968714375634754e-05,-0.3669441874807271,0.0
32,24,0.0,0,9.496538007529988e-06,-0.3268578476719083,0.0
32,25,0.0,0,3.6801009930766586e-05,0.6434371466748905,0.0
32,28,0.0,0,7.205607618169498e-06,-0.2847157981293045,0.0
32,29,0.0,0,1.1569785402730346e-05,-0.3607770582793706,0.0
33,1,0.0,0,0.0,0.0,0.0
33,9,0.0,0,0.0,0.0,0.0
33,10,0.0,0,0.0,0.0,0.0
33,13,0.0,0,0.0,0.0,0.0
33,16,0.0,0,0.0,0.0,0.0
33,18,0.0,0,0.0,0.0,0.0
33,24,0.0,0,0.0,0.0,0.0
33,25,0.0,0,0.0,0.0,0.0
33,28,0.0,0,0.0,0.0,0.0
33,29,0.0,0,0.0,0.0,0.0
34,1,0.0,0,0.0,0.0,0.0
34,9,0.0,0,0.0,0.0,0.0
34,10,0.0,0,0.0,0.0,0.0
34,13,0.0,0,0.0,0.0,0.0
34,16,0.0,0,0.0,0.0,0.0
34,18,0.0,0,0.0,0.0,0.0
34,24,0.0,0,0.0,0.0,0.0
34,25,0.0,0,0.0,0.0,0.0
34,28,0.0,0,0.0,0.0,0.0
34,29,0.0,0,0.0,0.0,0.0
35,1,0.0,0,0.0,0.0,0.0
35,9,0.0,0,0.0,0.0,0.0
35,10,0.0,0,0.0,0.0,0.0
35,13,0.0,0,0.0,0.0,0.0
35,16,0.0,0,0.0,0.0,0.0
35,18,0.0,0,0.0,0.0,0.0
35,24,0.0,0,0.0,0.0,0.0
35,25,0.0,0,0.0,0.0,0.0
35,28,0.0,0,0.0,0.0,0.0
35,29,0.0,0,0.0,0.0,0.0
36,1,0.0,0,0.0,0.0,0.0
36,9,0.0,0,0.0,0.0,0.0
36,10,0.0,0,0.0,0.0,0.0
36,13,0.0,0,0.0,0.0,0.0
36,16,0.0,0,0.0,0.0,0.0
36,18,0.0,0,0.0,0.0,0.0
36,24,0.0,0,0.0,0.0,0.0
36,25,0.0,0,0.0,0.0,0.0
36,28,0.0,0,0.0,0.0,0.0
36,29,0.0,0,0.0,0.0,0.0
37,1,-0.009408983451536646,0,1.96731043536201e-05,-0.4704491725768321,-4704.491725768323
37,9,0.01728132387706856,0,6.636536776536443e-05,0.8640661938534278,8640.661938534282
37,10,-0.0022931442080378183,0,1.1685578575238651e-06,-0.11465721040189089,-1146.5721040189092
37,13,0.006406619385342806,0,9.121060433033384e-06,0.3203309692671402,3203.309692671403
37,16,-0.010401891252955082,0,2.4044298141845212e-05,-0.5200945626477539,-5200.945626477542
37,18,-0.023096926713947977,0,0.00011854844969544083,-1.1548463356973986,-11548.463356973989
37,24,0.010921985815602829,0,2.6508838701384304e-05,0.5460992907801413,5460.992907801415
37,25,0.009148936170212762,0,1.8600674010361637e-05,0.4574468085106379,4574.468085106381
37,28,0.0028841607565011835,0,1.8485296154092176e-06,0.14420803782505914,1442.0803782505918
37,29,-0.03586288416075646,0,0.00028581032451729704,-1.4999999999999993,-17931.44208037823
38,1,-0.00984633569739952,0,2.0630063693792872e-05,-0.4923167848699759,-9627.659574468082
38,9,0.006430260047281307,0,5.0859776161991045e-05,0.3215130023640656,11855.791962174935
38,10,0.0015366430260047319,0,2.4763391562512953e-06,0.07683215130023653,-378.25059101654324
38,13,0.006583924349881803,0,9.380474316007437e-06,0.32919621749409017,6495.271867612304
38,16,0.006524822695035448,0,4.858736643522779e-05,0.326241134751772,-1938.5342789598176
38,18,0.0004728132387706789,0,0.00012102491304744696,0.023640661938533463,-11312.05673758865
38,24,-0.0009574468085106487,0,2.903637755757869e-05,-0.0478723404255322,4982.26950354609
38,25,0.007884160756501174,0,1.6384742303123314e-05,0.39420803782505875,8516.548463356969
38,28,0.009066193853427894,0,1.4303531940974718e-05,0.4533096926713947,5975.177304964539
38,29,0.0009101654846335679,0,0.0002932480046399527,0.039059857964152234,-17476.359338061447
39,1,0.0,0,2.0630063693792872e-05,0.4704491725768321,-4923.16784869976
39,9,0.0,0,5.0859776161991045e-05,-0.8640661938534281,3215.1300236406532
39,10,0.0,0,2.4763391562512953e-06,0.11465721040189092,768.3215130023659
39,13,0.0,0,9.380474316007437e-06,-0.3203309692671403,3291.9621749409016
39,16,0.0,0,4.8587366435227804e-05,0.5200945626477542,3262.411347517724
39,18,0.0,0,0.00012102491304744696,1.1548463356973988,236.40661938533947
39,24,0.0,0,2.903637755757869e-05,-0.5460992907801416,-478.72340425532434
39,25,0.0,0,1.6384742303123314e-05,-0.4574468085106383,3942.080378250587
39,28,0.0,0,1.4303531940974718e-05,-0.14420803782505903,4533.096926713947
39,29,0.0,0,0.0002932480046399527,1.5390598579641528,455.08274231678394
40,1,0.0,0,2.154451703686313e-05,0.49231678486997615,0.0
40,9,0.0,0,9.18849872792493e-06,-0.32151300236406527,0.0
40,10,0.0,0,5.247270643042174e-07,-0.07683215130023661,0.0
40,13,0.0,0,9.632902187770336e-06,-0.3291962174940903,0.0
40,16,0.0,0,9.46073582258881e-06,-0.32624113475177247,0.0
40,18,0.0,0,4.967830194595978e-08,-0.023640661938533945,0.0
40,24,0.0,0,2.037120869171615e-07,0.04787234042553244,0.0
40,25,0.0,0,1.3813331296522926e-05,-0.39420803782505875,0.0
40,28,0.0,0,1.826574910842972e-05,-0.45330969267139487,0.0
40,29,0.0,0,1.8408915764850165e-07,-0.04550827423167839,0.0
41,1,0.0,0,0.0,0.0,0.0
41,9,0.0,0,0.0,0.0,0.0
41,10,0.0,0,0.0,0.0,0.0
41,13,0.0,0,0.0,0.0,0.0
41,16,0.0,0,0.0,0.0,0.0
41,18,0.0,0,0.0,0.0,0.0
41,24,0.0,0,0.0,0.0,0.0
41,25,0.0,0,0.0,0.0,0.0
41,28,0.0,0,0.0,0.0,0.0
41,29,0.0,0,0.0,0.0,0.0
42,1,-0.0045656028368794436,0,4.632162058693693e-06,-0.22828014184397208,-2282.801418439722
42,9,0.0077866430260047385,0,1.3473735469872942e-05,0.3893321513002368,3893.3215130023696
42,10,0.0008865248226950578,0,1.746502802787786e-07,0.04432624113475287,443.2624113475289
42,13,-0.0007387706855791856,0,1.212849168602533e-07,-0.03693853427895927,-369.3853427895928
42,16,-0.007683215130023633,0,1.311817660760535e-05,-0.3841607565011815,-3841.6075650118164
42,18,-0.01031323877068558,0,2.363619865359383e-05,-0.5156619385342788,-5156.61938534279
42,24,-0.0032505910165484503,0,2.3480759904145527e-06,-0.16252955082742246,-1625.2955082742253
42,25,0.006117021276595749,0,8.315099844072242e-06,0.3058510638297874,3058.5106382978747
42,28,-0.014258274231678502,0,4.517741868127715e-05,-0.712913711583925,-7129.137115839251
42,29,-0.00930851063829786,0,1.925519340073432e-05,-0.46542553191489283,-4654.2553191489305
43,1,0.0,0,4.632162058693693e-06,-8.260248068793791e-17,-2282.801418439722
43,9,0.0,0,1.3473735469872942e-05,1.3889807758364334e-16,3893.3215130023696
43,10,0.0,0,1.746502802787786e-07,1.665274176117588e-17,443.2624113475289
43,13,0.0,0,1.2128491686025334e-07,-1.396005019111697e-17,-369.3853427895928
43,16,0.0,0,1.311817660760535e-05,-1.725325149057386e-16,-3841.6075650118164
43,18,0.0,0,2.363619865359383e-05,-1.8665694121041394e-16,-5156.61938534279
43,24,0.0,0,2.3480759904145527e-06,-4.971657000685799e-17,-1625.2955082742253
43,25,0.0,0,8.315099844072242e-06,1.4426045234829657e-16,3058.5106382978747
43,28,0.0,0,4.517741868127715e-05,-2.740615632851711e-16,-7129.137115839251
43,29,0.0,0,1.925519340073432e-05,-1.6504234772421509e-16,-4654.2553191489305
44,1,0.0,0,4.632162058693693e-06,0.22828014184397216,0.0
44,9,0.0,0,1.3473735469872942e-05,-0.3893321513002371,0.0
44,10,0.0,0,1.746502802787786e-07,-0.0443262411347529,0.0
44,13,0.0,0,1.2128491686025334e-07,0.036938534278959274,0.0
44,16,0.0,0,1.311817660760535e-05,0.38416075650118164,0.0
44,18,0.0,0,2.363619865359383e-05,0.5156619385342791,0.0
44,24,0.0,0,2.3480759904145527e-06,0.16252955082742251,0.0
44,25,0.0,0,8.315099844072242e-06,-0.30585106382978755,0.0
44,28,0.0,0,4.517741868127715e-05,0.712913711583925,0.0
44,29,0.0,0,1.925519340073432e-05,0.465425531914893,0.0
45,1,-0.005442850074220685,0,6.583248206765359e-06,-0.27214250371103416,-2721.4250371103426
45,9,0.006877783275606126,0,1.0511978396934964e-05,0.3438891637803062,3438.891637803063
45,10,-0.0022596074550552568,0,1.1346279668758432e-06,-0.11298037275276278,-1129.8037275276286
45,13,0.007768431469569531,0,1.3410783888310717e-05,0.38842157347847645,3884.2157347847656
45,16,-0.0007092198581560295,0,1.1177617937841304e-07,-0.03546099290780147,-354.6099290780148
45,18,0.009071416790367784,0,1.828680057434812e-05,0.453570839518389,4535.708395183892
45,24,0.0047171367309912435,0,4.9447508753037234e-06,0.23585683654956205,2358.568365495622
45,25,0.0006267524327890259,0,8.729302489043609e-08,0.03133762163945128,313.376216394513
45,28,0.006317004783110665,0,8.867677651076226e-06,0.3158502391555332,3158.5023915553325
45,29,-0.0013524657760184851,0,4.064808167336185e-07,-0.06762328880092425,-676.2328880092426
46,1,0.0,0,6.583248206765359e-06,-8.897511739479733e-17,-2721.4250371103426
46,9,0.0,0,1.0511978396934964e-05,1.3000982059442018e-16,3438.891637803063
46,10,0.0,0,1.1346279668758434e-06,-3.1274590032905613e-17,-1129.8037275276286
46,13,0.0,0,1.3410783888310717e-05,1.5715271108370396e-16,3884.2157347847656
46,16,0.0,0,1.1177617937841304e-07,-1.6142013317499074e-17,-354.6099290780148
46,18,0.0,0,1.8286800574348118e-05,1.3671725434738541e-16,4535.708395183892
46,24,0.0,0,4.9447508753037234e-06,7.998089741403278e-17,2358.568365495622
46,25,0.0,0,8.729302489043609e-08,1.1792011948585818e-17,313.376216394513
46,28,0.0,0,8.867677651076224e-06,1.0645898796904236e-16,3158.5023915553325
46,29,0.0,0,4.064808167336185e-07,-2.6540738878214218e-17,-676.2328880092426
47,1,0.0,0,6.583248206765359e-06,0.2721425037110343,0.0
47,9,0.0,0,1.0511978396934964e-05,-0.3438891637803064,0.0
47,10,0.0,0,1.1346279668758434e-06,0.11298037275276282,0.0
47,13,0.0,0,1.3410783888310717e-05,-0.3884215734784766,0.0
47,16,0.0,0,1.1177617937841304e-07,0.03546099290780149,0.0
47,18,0.0,0,1.8286800574348118e-05,-0.45357083951838917,0.0
47,24,0.0,0,4.9447508753037234e-06,-0.23585683654956213,0.0
47,25,0.0,0,8.729302489043609e-08,-0.0313376216394513,0.0
47,28,0.0,0,8.867677651076224e-06,-0.3158502391555333,0.0
47,29,0.0,0,4.064808167336185e-07,0.06762328880092426,0.0
48,1,0.0,0,0.0,0.0,0.0
48,9,0.0,0,0.0,0.0,0.0
48,10,0.0,0,0.0,0.0,0.0
48,13,0.0,0,0.0,0.0,0.0
48,16,0.0,0,0.0,0.0,0.0
48,18,0.0,0,0.0,0.0,0.0
48,24,0.0,0,0.0,0.0,0.0
48,25,0.0,0,0.0,0.0,0.0
48,28,0.0,0,0.0,0.0,0.0
48,29,0.0,0,0.0,0.0,0.0
49,1,0.0,0,0.0,0.0,0.0
49,9,0.0,0,0.0,0.0,0.0
49,10,0.0,0,0.0,0.0,0.0
49,13,0.0,0,0.0,0.0,0.0
49,16,0.0,0,0.0,0.0,0.0
49,18,0.0,0,0.0,0.0,0.0
49,24,0.0,0,0.0,0.0,0.0
49,25,0.0,0,0.0,0.0,0.0
49,28,0.0,0,0.0,0.0,0.0
49,29,0.0,0,0.0,0.0,0.0
50,1,0.0,0,0.0,0.0,0.0
50,9,0.0,0,0.0,0.0,0.0
50,10,0.0,0,0.0,0.0,0.0
50,13,0.0,0,0.0,0.0,0.0
50,16,0.0,0,0.0,0.0,0.0
50,18,0.0,0,0.0,0.0,0.0
50,24,0.0,0,0.0,0.0,0.0
50,25,0.0,0,0.0,0.0,0.0
50,28,0.0,0,0.0,0.0,0.0
50,29,0.0,0,0.0,0.0,0.0
