round,client_id,flagged_status,rolling_variance,trend_slope,z_score
1,1,0,,,2.4383147282079705
1,2,0,,,1.3106654177075523
1,3,0,,,-0.480184594631323
1,4,0,,,0.22880192971899413
1,5,0,,,0.848991707379642
1,6,0,,,-0.5034243681790123
1,7,0,,,0.6793760467106963
1,8,0,,,-0.6341914521712203
1,9,0,,,-1.496491109477901
1,10,0,,,-1.635929750764022
1,11,0,,,0.7074718923429776
1,12,0,,,-0.9387365443334327
1,13,0,,,0.036987082377631
1,14,0,,,-0.7646116738716616
1,15,0,,,-0.1104293916188829
1,16,0,,,0.3300857189118822
1,17,0,,,0.7806598359035986
1,18,0,,,0.08138545572246575
1,19,0,,,-0.14511562079453333
1,20,0,,,0.35714097766889163
1,21,0,,,0.5274503629213423
1,22,0,,,-2.524590942244193
1,23,0,,,-0.6806709992665844
1,24,0,,,0.05918626905004838
1,25,0,,,1.8975564153595743
1,26,0,,,0.9925926961668209
1,27,0,,,-0.514523961515221
1,28,0,,,-0.17425205330208654
1,29,0,,,-0.011573638468276607
1,30,0,,,-0.6619404355117349
2,1,0,,,1.8816937288840252
2,2,0,,,1.129775073920389
2,3,0,,,-0.6977670722762424
2,4,0,,,0.17027230753752584
2,5,0,,,0.40782107312312094
2,6,0,,,-0.2739555370161424
2,7,0,,,0.27923807673692497
2,8,0,,,-0.14428436384890858
2,9,0,,,-1.9794878400340954
2,10,0,,,-0.5330086531188001
2,11,0,,,-0.4778065897326343
2,12,0,,,-0.7638529404680372
2,13,0,,,-0.9723720372357226
2,14,0,,,0.3813929257163918
2,15,0,,,-0.5452181269707689
2,16,0,,,0.4113284403307028
2,17,0,,,1.115667404346683
2,18,0,,,0.6121210615300857
2,19,0,,,-0.0018369414260725747
2,20,0,,,0.0904323629818937
2,21,0,,,0.05663616269724453
2,22,0,,,-1.9362164727268958
2,23,0,,,0.03634748400332033
2,24,0,,,0.3884876231229514
2,25,0,,,0.7483405392351736
2,26,0,,,1.2630887620467115
2,27,0,,,-0.018246480463882664
2,28,0,,,-0.06466611813263162
2,29,0,,,-0.09438899278335285
2,30,0,,,-0.4695348599789557
3,1,0,6.312182273144263e-05,-0.3098922466175166,1.5164954195168883
3,2,0,3.82748244762706e-05,-0.4128575556197669,0.9378828045563661
3,3,0,7.237232444553032e-05,-0.967092574734805,-1.1230395160563595
3,4,0,3.902189362183827e-05,-0.6595949855351999,0.0063038002989180275
3,5,0,6.83686031389127e-05,-0.8002651880424354,0.016980758752350004
3,6,0,2.4286664753111234e-05,-0.5618370298939199,-0.2460299069122015
3,7,0,0.00011953120406938283,-1.3048457087753098,-0.653312775961057
3,8,0,6.092943445459195e-06,-0.24698649951784005,0.2485474935899265
3,9,0,0.00012239389456084298,0.18659594985534955,-1.0066159063305524
3,10,0,1.807752863332405e-06,0.11029411764706003,0.3708774650642019
3,11,0,0.00016016233471694054,-0.5141031822565102,-0.5344142451863803
3,12,0,8.000539168932228e-05,-1.0953471552555398,-1.2796083030071106
3,13,0,0.00018562867076840983,-1.4738428158148447,-2.0198119952805693
3,14,0,4.392705356641814e-06,0.1921564343456398,1.2993730846464988
3,15,0,7.636538532871457e-05,-0.10040983606557534,-0.048943433931789126
3,16,0,3.645794038036117e-05,-0.7020250723240098,0.1886771610368904
3,17,0,1.5355474622096017e-05,0.07414658865803642,1.7661129274235803
3,18,0,3.130510705317468e-06,-0.057584830339322025,1.1209061619673335
3,19,0,3.351239719162003e-05,-0.6756268081002847,-0.1411383834505442
3,20,0,6.850858222205997e-05,-0.9245419479267049,-0.38268440147520133
3,21,0,6.820289257816457e-05,-0.722637415621985,-0.21135961812485718
3,22,0,7.749473023265187e-06,0.033027965284474825,-1.0172486004772563
3,23,0,7.820277013957167e-05,-0.9837270973963296,-0.38463622846703177
3,24,0,1.999804382392339e-05,-0.5345949855351948,0.38276696034215574
3,25,0,0.00023928284280920196,-1.78351012536162,-0.8548132103467598
3,26,0,2.7950228918838196e-05,-0.4779473119561351,1.029210916984063
3,27,0,9.159882948705801e-06,0.09269527483124483,0.7386398883479008
3,28,0,2.0431515187396343e-05,-0.31774349083895514,0.19723284723869633
3,29,0,3.2411308738364435e-05,-0.4004339440694301,0.05708959169522215
3,30,0,1.8001422974087585e-05,-0.15694310511090015,0.026559243546680433
4,1,0,3.9344999768038506e-05,-0.3963548362701397,0.8317617241386961
4,2,0,4.056867146687921e-06,-0.1046287367405949,0.7373475189520164
4,3,0,1.073237160660406e-05,0.2491562198649949,-1.0405773293616842
4,4,0,8.86720175947856e-07,0.10270009643201498,0.017276453168563403
4,5,0,1.5402698722226236e-05,-0.33027965284473987,-0.7523231667327903
4,6,0,1.3969520126476104e-06,0.05327868852458995,-0.3490954202855988
4,7,0,2.3595927692416745e-05,0.19141755062680485,-0.5293788838381941
4,8,0,5.993963209114505e-07,0.09233365477338498,0.2832822224615205
4,9,0,0.00013704658586959333,1.22733847637415,0.5033635303640072
4,10,0,1.7943867794837174e-05,-0.47251687560269484,-0.5383550549199866
4,11,0,0.00011921211979846456,1.26434426229508,1.182984484304861
4,12,0,2.1328819585546036e-05,-0.3322082931533302,-2.15162800815442
4,13,0,3.373544466028811e-05,0.5244157530294349,-1.5442310912994492
4,14,0,2.2412203521665813e-06,0.10930094786730209,1.6428738121797468
4,15,0,5.288182604193344e-05,0.28182256509161024,0.07886760288117939
4,16,0,2.8255968933041294e-05,0.4738428158148496,0.9143490561072385
4,17,0,5.468920823146892e-05,-0.3592061308705061,1.0698188735899394
4,18,0,5.398358351618957e-05,-0.6979267116682698,-0.07857852572113988
4,19,0,2.1847899806174987e-05,0.40224204435872984,0.3970028157258887
4,20,0,9.254820645027133e-07,-0.0003616200578600428,-0.6027678661514871
4,21,0,4.610467817713257e-06,0.19214079074252005,-0.13860960015267637
4,22,0,1.5434612832122588e-05,0.47360173577627995,-0.6210987358844411
4,23,0,5.341922555575394e-05,-0.3217213114754102,-0.9983497423413716
4,24,0,1.800956746526573e-06,-0.07533751205400004,0.19193797484447575
4,25,0,4.022519634345638e-05,0.4363548698167747,-0.3542180714770812
4,26,0,8.313635960204249e-06,-0.33341369334619,0.5346455574614078
4,27,0,1.2061062812444438e-05,-0.02145612343297482,0.5988088652680268
4,28,0,5.509474473929855e-06,0.26181292189006494,0.47346038725143236
4,29,0,7.617551897689439e-06,0.29134522661523005,0.3450477343723374
4,30,0,9.33994258921509e-06,0.061595949855350086,-0.10361711675101212
5,1,0,9.140392093835255e-05,-1.1497107039537098,-0.5054732180390932
5,2,0,7.94425370888197e-06,-0.3328109932497601,0.5395559823550906
5,3,0,1.909105541136687e-05,0.509281581485045,-0.38815672801082834
5,4,0,6.523200150108526e-07,0.06605593056895002,0.23187369932499285
5,5,0,1.4817785801896404e-05,-0.1815332690453151,-0.8987665597553053
5,6,0,6.024687804837109e-06,-0.1573047251687549,-0.5715553374961484
5,7,0,2.2818217901637933e-05,0.32810993249759013,-0.13596437448927
5,8,0,6.999961563580858e-07,-0.036282545805205055,0.38924872576024555
5,9,0,3.3966996961560677e-06,0.17984570877531514,1.0234420100040675
5,10,0,1.2728797432942859e-05,-0.1119816779170701,-0.5495906147294592
5,11,0,1.9478931314636177e-05,-0.28519768563162984,0.9874899857829839
5,12,0,9.797080247700001e-06,0.3470247691631267,-1.849079946228196
5,13,0,2.7842118741463858e-05,0.2708534233365503,-1.437679032012753
5,14,0,5.9520700956291064e-05,-0.7215525554483998,0.8521101101799109
5,15,0,2.502746473277692e-05,-0.1546528447444553,0.15762176873799294
5,16,0,2.871786723131023e-05,0.13440212150434017,1.2352799233670613
5,17,0,6.545209262019722e-05,-0.7987418863691069,0.37689376209179287
5,18,0,6.67334977316817e-05,-0.8899469623915048,-1.1340151823016247
5,19,0,2.0745554678337172e-05,0.21950337512053517,0.785911791857817
5,20,0,8.422703173411797e-07,0.009763741562200026,-0.588126495557107
5,21,0,6.239964039217734e-07,0.03640308582449495,0.04852686159614619
5,22,0,6.942044751356923e-06,0.322685631629695,-0.12495532445678256
5,23,0,2.3114697528630693e-05,0.4318948891031801,-0.5132518807704408
5,24,0,1.9190557432430888e-06,0.16959980713596998,0.6058721108381222
5,25,0,7.914501260084169e-05,-0.2761571841851446,-0.960154544289434
5,26,0,2.914272139764744e-05,0.5091470386462424,1.6456565040503301
5,27,0,1.0008558044313606e-05,-0.26060752169720514,0.533307530456165
5,28,0,9.802156024789683e-06,-0.3171407907425249,0.17194086200240283
5,29,0,7.889680710114629e-06,-0.2993008678881348,0.05923226364160483
5,30,0,6.283343205913133e-06,-0.05460462873674006,0.012805346089719283
6,1,0,1.006164834788982e-05,-0.24915621986499,-0.8070980060624957
6,2,0,6.875939535379999e-06,-0.31123432979748994,0.17337469066245195
6,3,0,2.6580850128857985e-06,0.19913211186113,0.19049031506952024
6,4,0,2.4185742031080832e-06,-0.17815814850530004,0.10328359540633793
6,5,0,5.981188524331862e-06,0.21998553519768502,-0.37063822245937117
6,6,0,3.0543899349897325e-05,-0.6755062680809999,-1.812163524950266
6,7,0,9.627293566724887e-06,-0.3713837994214049,-0.6800503618253819
6,8,0,8.737969633369097e-07,-0.09703471552555497,0.4674077422400169
6,9,0,2.9143846334504556e-06,0.12198649951784017,1.588194643488123
6,10,0,8.015124730828461e-06,0.2897782063645051,0.16583880666207917
6,11,0,2.1181706000452018e-05,-0.40935390549662515,0.5526563435649061
6,12,0,2.2919227157272164e-05,0.56593539054966,-0.666707857779203
6,13,0,1.775821059251896e-05,0.1228302796528398,-1.0552864706973806
6,14,0,6.470703053763094e-05,-0.812078109932495,-0.39574287547073567
6,15,0,1.2868150116120009e-05,0.17201060752169006,0.6810784405356944
6,16,0,2.868540292267657e-05,-0.6230713596914201,0.3617195279405061
6,17,0,2.381907202705898e-06,-0.08401639344262493,0.44159058064682444
6,18,0,3.3500761650703602e-06,-0.21395853423336494,-1.5006230935765488
6,19,0,1.5662256914190118e-05,-0.4710703953712649,0.15436923976944913
6,20,0,7.09482564176148e-07,-0.0057859209257450275,-0.43375275046657036
6,21,0,7.435588517884269e-06,-0.2291465766634449,-0.2361625462363438
6,22,0,1.5535428355806412e-05,0.4743249758919898,1.0669341767066005
6,23,0,1.2560236429437744e-06,-0.028929604628730052,-0.392038422519058
6,24,0,4.845596410782291e-06,0.2631388621022149,1.44790740012517
6,25,0,7.887072948913245e-05,-0.2824252651880403,-1.2584147879209768
6,26,0,2.7857415816235093e-05,0.09195101918912728,2.159485005198362
6,27,0,1.5168631780243365e-05,-0.34124879459980484,0.06218036413052436
6,28,0,1.5059793170736513e-05,-0.45552073288330996,-0.4981718501513848
6,29,0,6.647718132101338e-06,-0.05424300867888013,0.22733462938625848
6,30,0,4.266722761106834e-06,0.03459498553519007,0.2630052685828924
7,1,0,4.091294605748233e-06,0.247468659594985,-0.3238221186215548
7,2,0,4.351348751503306e-06,-0.21817743490838495,-0.09227421223037549
7,3,0,1.196086852254585e-06,-0.04496142719382494,0.2034344548144431
7,4,0,2.04518557505994e-06,-0.15561716489874503,-0.06174610837098078
7,5,0,5.144022398099604e-07,0.01711668273866497,-0.2578503687559063
7,6,0,2.4459365162614286e-05,0.22444551591127979,-1.3659170537541512
7,7,0,2.3751317506414328e-06,0.07099807135968993,-0.48060204183167227
7,8,0,2.510899101197305e-06,-0.16598360655737499,0.2857051075880669
7,9,0,2.038075999959061e-05,-0.5160318225650897,0.8434897848834703
7,10,0,7.377713035142668e-07,-0.09944551591127995,0.0911531236705609
7,11,0,4.075598443159677e-06,-0.11620057859208996,0.4510225513690403
7,12,0,1.3899354288827317e-05,0.37138379942140504,0.015867715000362787
7,13,0,2.298196531195825e-05,0.5204918032786849,-0.13289211312804575
7,14,0,7.955060077052063e-07,0.10559305689488496,-0.1406534954651758
7,15,0,9.948795612379296e-06,-0.3762054001928599,0.16126427744934255
7,16,0,3.18953437274909e-06,-0.21673095467694994,0.0983970805185547
7,17,0,5.093562974404193e-06,-0.26928640308582,0.09374025111627451
7,18,0,1.2332826117257062e-05,0.26157184185148985,-0.9946642652945447
7,19,0,2.0435659759579516e-06,-0.1630906460944999,-0.022680483940740858
7,20,0,1.0355721824063825e-06,0.12102217936354495,-0.15384784543830118
7,21,0,7.042204169504078e-06,-0.16670684667309513,-0.4190284086237358
7,22,0,1.4901944252520506e-05,-0.14802314368369981,0.9141183641513988
7,23,0,1.099391361373509e-06,0.118731918997105,-0.11581707198634456
7,24,0,1.7630184770684696e-05,-0.32521697203471467,1.0101007923872949
7,25,0,5.003123863116282e-05,0.7305930568948851,0.00189722679352223
7,26,0,5.5060972094229776e-05,-0.9069431051108949,0.7860555555886776
7,27,0,1.4834896207719956e-05,-0.32292671166827014,-0.37194268911178696
7,28,0,1.3933602222946684e-06,0.02579556412728994,-0.37142526362263995
7,29,0,4.586744694663288e-06,0.034112825458050104,0.3674583348725543
7,30,0,4.120380229173944e-06,-0.22806171648987006,-0.01854108002760768
8,1,0,9.480350465746796e-07,0.026398264223725074,-0.24917440218992679
8,2,0,2.020462795147939e-06,-0.14766152362583998,-0.3515212126061112
8,3,0,4.519597200795444e-06,0.12861620057859488,0.28884544273012025
8,4,0,5.432202548355067e-06,-0.2512054001928599,-0.4896614430585578
8,5,0,3.977413799356187e-06,-0.1573047251687549,-0.4857465377420909
8,6,0,2.7747748033982077e-05,0.09317743490839024,-0.8968115959710319
8,7,0,2.4347469462936405e-06,0.05918514946962505,-0.31144003912800855
8,8,0,7.076644544027564e-06,-0.325699132111855,-0.35450399760913687
8,9,0,2.2116928907399893e-05,-0.5468900675024051,-0.294661873486013
8,10,0,1.9689129188833477e-05,0.4258678881388648,0.6676591381138848
8,11,0,6.26022710964017e-06,0.03338958534233484,0.31997826119916106
8,12,0,5.633291146263743e-06,-0.27097396335582996,-0.464307770532874
8,13,0,5.8380206132860125e-06,-0.2428881388620999,-0.5280647999724648
8,14,0,3.6081114947519726e-05,0.6509161041465699,0.8486769029847654
8,15,0,2.2671533109924722e-06,-0.182859209257465,-0.22326145747617512
8,16,0,1.923985446442571e-05,-0.5010848601735699,-0.7607220302081621
8,17,0,4.52628134053418e-05,0.6698408871745448,1.0468456816230303
8,18,0,2.520221095167175e-05,0.596793635486975,0.14958666790153793
8,19,0,2.4936182112579497e-06,0.15272420443587492,0.16319562447782876
8,20,0,8.307742634283581e-08,0.022902603664415003,-0.13210009082132365
8,21,0,4.8142362451089555e-05,0.8021938283510048,0.8820468102060697
8,22,0,3.7098905120009375e-05,-0.7380665380906398,-0.5394366677964844
8,23,0,1.5720999024519414e-06,0.14067020250722498,0.07744055564094549
8,24,0,1.9135528517807754e-05,-0.10535197685631514,0.5082665645149078
8,25,0,1.0201666177427924e-07,-0.010366441658635008,-0.07132584638476633
8,26,0,1.310754081208903e-05,-0.04182738669238004,0.4450688072633848
8,27,0,2.3638437648430865e-05,0.5701542912246849,0.5571096689393931
8,28,0,1.6380915915063762e-05,0.4808341369334549,0.4193422866123198
8,29,0,2.9034310289976125e-06,-0.11680327868852505,0.02747890684033226
8,30,0,9.680669302040373e-07,-0.11559787849565498,-0.24880155406455343
9,1,0,6.807430751676298e-07,-3.5276880306898463e-17,-0.24917440218992679
9,2,0,2.0995700080622415e-06,-5.704416951600594e-17,-0.3515212126061112
9,3,0,6.025838572620158e-06,1.204486841248874e-16,0.28884544273012025
9,4,0,5.2491749343712075e-06,-1.1314250949863104e-16,-0.4896614430585578
9,5,0,5.140386695171432e-06,-8.671200399971471e-17,-0.4857465377420909
9,6,0,2.2782877319319893e-05,-2.1302507452267208e-16,-0.8968115959710319
9,7,0,1.4511814600899787e-06,-4.770442976490498e-17,-0.31144003912800855
9,8,0,2.1525957343220613e-06,-4.4465718995196704e-17,-0.35450399760913687
9,9,0,1.2152159449970504e-06,-5.132199917061173e-17,-0.294661873486013
9,10,0,2.2696168064687924e-05,2.6949973828332003e-16,0.6676591381138848
9,11,0,6.993631695001645e-06,1.0041056416333245e-16,0.31997826119916106
9,12,0,4.564841360397006e-06,-6.363244856981123e-17,-0.464307770532874
9,13,0,6.3767310466349245e-06,-9.030742993783328e-17,-0.5280647999724648
9,14,0,3.44281939501692e-05,2.634219890932973e-16,0.8486769029847654
9,15,0,4.450268285170084e-07,-2.833069711855797e-17,-0.22326145747617512
9,16,0,1.5551380244569007e-05,-1.5611004137647462e-16,-0.7607220302081621
9,17,0,5.0064308675027325e-05,3.0430787994194042e-16,1.0468456816230303
9,18,0,2.5786613711199756e-06,5.73528087800604e-17,0.14958666790153793
9,19,0,2.8519874469962306e-06,5.320334034144879e-17,0.16319562447782876
9,20,0,1.240401098495794e-08,-4.655134723017869e-18,-0.13210009082132365
9,21,0,3.6856811217564925e-05,2.5398205321688116e-16,0.8820468102060697
9,22,0,6.731654436755968e-06,-8.421327337633467e-17,-0.5394366677964844
9,23,0,1.3595798279473295e-06,4.504014440376817e-17,0.07744055564094549
9,24,0,1.4382103311101021e-05,1.634344428274276e-16,0.5082665645149078
9,25,0,6.713974458997257e-08,1.0852877423645193e-17,-0.07132584638476633
9,26,0,1.1608423609838846e-05,1.604849325303063e-16,0.4450688072633848
9,27,0,1.6729142637447157e-05,1.2625225842888314e-16,0.5571096689393931
9,28,0,1.056433238781792e-05,1.5214270486524072e-16,0.4193422866123198
9,29,0,7.420760274431324e-07,3.096659021632045e-17,0.02747890684033226
9,30,0,6.769975908011188e-07,-2.4842094876134727e-17,-0.24880155406455343
10,1,0,8.466901180483374e-06,0.3429363548698099,0.40922563709034027
10,2,0,1.5773513298431835e-06,0.08232883317261006,-0.2694929032885038
10,3,0,4.573656164121821e-06,-0.10547251687560515,0.2004276796296389
10,4,0,3.946433477459458e-06,0.13187078109932504,-0.3521108001254658
10,5,0,5.881411403899369e-06,-0.030737704918034865,-0.6845852455784812
10,6,0,3.561948399934185e-05,0.7097396335583349,0.30132165667599625
10,7,0,5.079992697080219e-06,0.275795564127285,0.18615731563052612
10,8,0,3.2331163122198104e-06,0.2127531340405,-0.00261206077878331
10,9,0,2.1472958739433943e-05,0.5394165863066499,0.7562208038056079
10,10,0,1.725761239991926e-05,-0.3041224686595951,0.29656486867629545
10,11,0,5.753778212150601e-06,-0.06460945033751508,0.327108454779657
10,12,0,6.697008706365368e-06,-0.07859209257473489,-0.7551859937846165
10,13,0,1.7098403483413677e-05,0.5061475409835998,0.3736749057241281
10,14,0,0.00012996036063486521,-1.3935631629700995,-1.723067173092859
10,15,0,8.026095125383445e-07,-0.03724686595949995,-0.34560151128376837
10,16,0,1.81671632404004e-05,0.47962873674059003,0.006150443431189645
10,17,0,4.599268302838885e-05,-0.6834619093539053,0.01791723479888751
10,18,0,2.468815355473301e-06,-0.16272902603664505,-0.10550889593028713
10,19,0,1.1603247092135053e-05,0.2367405978784948,0.7424511543327843
10,20,0,3.919588686921891e-06,0.21564609450336994,0.3020727284654249
10,21,0,2.7651082248666438e-05,-0.31219864995178,0.567701784659438
10,22,0,5.550832370614579e-06,0.21275313404050003,-0.25096646581596904
10,23,0,1.7212128012698722e-06,0.02700096432015492,0.19166517541965553
10,24,0,1.1021512667331352e-05,-0.252531340405015,0.18966231731451946
10,25,0,1.5235235533103828e-06,-0.14247830279652,-0.36012223254602055
10,26,0,1.095329964773847e-05,-0.3396817743490851,-0.07621709614263299
10,27,0,1.286140307807526e-05,-0.2763982642237251,0.2056851821556289
10,28,0,1.0433028621389857e-05,-0.004339440694310269,0.5857275076056834
10,29,0,1.5206911922015376e-06,-0.149831243972995,-0.24270467613227492
10,30,0,2.119196346142973e-06,-0.09100771456122991,-0.49155979569573954
11,1,0,5.799250975453142e-06,9.604436488261558e-17,0.40922563709034027
11,2,0,4.526404941518186e-07,-2.8934347982680676e-17,-0.2694929032885038
11,3,0,2.132633594194614e-06,6.572847542380583e-17,0.2004276796296389
11,4,0,1.0979228731924992e-06,-4.254709098278943e-17,-0.3521108001254658
11,5,0,6.538453312304798e-06,-1.3279736448226804e-16,-0.6845852455784812
11,6,0,3.680059795495397e-06,8.831769733058207e-17,0.30132165667599625
11,7,0,1.9476312058671375e-06,6.298009817722481e-17,0.18615731563052612
11,8,0,2.901794639793403e-07,1.8322274634763655e-17,-0.00261206077878331
11,9,0,1.586667899318466e-05,1.5245821654918922e-16,0.7562208038056079
11,10,0,3.5976810957189163e-06,7.655076921924992e-17,0.29656486867629545
11,11,0,4.1428686339292635e-06,7.28833633496776e-17,0.327108454779657
11,12,0,8.280134539864779e-06,-1.039063004244418e-16,-0.7551859937846165
11,13,0,5.048046298526201e-06,8.116666715389084e-17,0.3736749057241281
11,14,0,5.286867939180748e-05,-2.5774990631265056e-16,-1.723067173092859
11,15,0,1.0368740611103512e-06,-3.955247730759293e-17,-0.34560151128376837
11,16,0,3.346151155763029e-07,2.0970962204335473e-17,0.006150443431189645
11,17,0,3.9926346728941805e-07,2.1688175258967606e-17,0.01791723479888751
11,18,0,5.126147396842453e-09,2.4792932418495078e-18,-0.10550889593028713
11,19,0,1.5372630232041228e-05,1.3812152199963422e-16,0.7424511543327843
11,20,0,3.6931522006760342e-06,7.609387467480247e-17,0.3020727284654249
11,21,0,9.781531321393376e-06,1.2455128862591402e-16,0.567701784659438
11,22,0,3.465528783349722e-07,-1.7164826119661876e-17,-0.25096646581596904
11,23,0,2.0180411457730116e-06,6.653999783328293e-17,0.19166517541965553
11,24,0,1.9922928780724795e-06,5.3124471240822913e-17,0.18966231731451946
11,25,0,1.1754569826728519e-06,-3.823680089221141e-17,-0.36012223254602055
11,26,0,4.184610119874145e-08,8.2290116766107e-18,-0.07621709614263299
11,27,0,2.2029079217355307e-06,8.045318478634723e-17,0.2056851821556289
11,28,0,1.030005101091384e-05,1.0226243502910429e-16,0.5857275076056834
11,29,0,3.038039862492626e-07,-2.5660999585305864e-17,-0.24270467613227492
11,30,0,2.8251814028485324e-06,-7.371311258385135e-17,-0.49155979569573954
12,1,0,5.799250975453142e-06,-0.255424300867885,0.0
12,2,0,4.526404941518186e-07,0.07135969141755003,0.0
12,3,0,2.132633594194614e-06,-0.15489392478302502,0.0
12,4,0,1.0979228731924992e-06,0.11113789778206004,0.0
12,5,0,6.538453312304798e-06,0.27121504339440505,0.0
12,6,0,3.680059795495397e-06,-0.20347155255544505,0.0
12,7,0,1.9476312058671375e-06,-0.14802314368369998,0.0
12,8,0,2.901794639793403e-07,-0.05713596914175497,0.0
12,9,0,1.586667899318466e-05,-0.42249276759884,0.0
12,10,0,3.5976810957189163e-06,-0.20118129218900505,0.0
12,11,0,4.1428686339292635e-06,-0.21588717454194498,0.0
12,12,0,8.280134539864779e-06,0.30520732883317003,0.0
12,13,0,5.048046298526201e-06,-0.238307618129215,0.0
12,14,0,5.286867939180748e-05,0.7712150433944049,0.0
12,15,0,1.0368740611103512e-06,0.10800385728061501,0.0
12,16,0,3.346151155763029e-07,-0.06135486981677501,0.0
12,17,0,3.9926346728941805e-07,-0.06702025072324,0.0
12,18,0,5.126147396842453e-09,-0.007594021215040001,0.0
12,19,0,1.5372630232041228e-05,-0.41586306653809,0.0
12,20,0,3.6931522006760342e-06,-0.20383317261330494,0.0
12,21,0,9.781531321393376e-06,-0.33172613307618,0.0
12,22,0,3.465528783349722e-07,0.062439729990355006,0.0
12,23,0,2.0180411457730116e-06,-0.150675024108,0.0
12,24,0,1.9922928780724795e-06,-0.14971070395371006,0.0
12,25,0,1.1754569826728519e-06,0.11499517839922498,0.0
12,26,0,4.184610119874145e-08,-0.021697203471550002,0.0
12,27,0,2.2029079217355307e-06,-0.15742526518804004,0.0
12,28,0,1.030005101091384e-05,-0.34040501446480004,0.0
12,29,0,3.038039862492626e-07,0.05846190935390501,0.0
12,30,0,2.8251814028485324e-06,0.17827868852458498,0.0
13,1,0,0.0,0.0,0.0
13,2,0,0.0,0.0,0.0
13,3,0,0.0,0.0,0.0
13,4,0,0.0,0.0,0.0
13,5,0,0.0,0.0,0.0
13,6,0,0.0,0.0,0.0
13,7,0,0.0,0.0,0.0
13,8,0,0.0,0.0,0.0
13,9,0,0.0,0.0,0.0
13,10,0,0.0,0.0,0.0
13,11,0,0.0,0.0,0.0
13,12,0,0.0,0.0,0.0
13,13,0,0.0,0.0,0.0
13,14,0,0.0,0.0,0.0
13,15,0,0.0,0.0,0.0
13,16,0,0.0,0.0,0.0
13,17,0,0.0,0.0,0.0
13,18,0,0.0,0.0,0.0
13,19,0,0.0,0.0,0.0
13,20,0,0.0,0.0,0.0
13,21,0,0.0,0.0,0.0
13,22,0,0.0,0.0,0.0
13,23,0,0.0,0.0,0.0
13,24,0,0.0,0.0,0.0
13,25,0,0.0,0.0,0.0
13,26,0,0.0,0.0,0.0
13,27,0,0.0,0.0,0.0
13,28,0,0.0,0.0,0.0
13,29,0,0.0,0.0,0.0
13,30,0,0.0,0.0,0.0
14,1,0,0.0,0.0,0.0
14,2,0,0.0,0.0,0.0
14,3,0,0.0,0.0,0.0
14,4,0,0.0,0.0,0.0
14,5,0,0.0,0.0,0.0
14,6,0,0.0,0.0,0.0
14,7,0,0.0,0.0,0.0
14,8,0,0.0,0.0,0.0
14,9,0,0.0,0.0,0.0
14,10,0,0.0,0.0,0.0
14,11,0,0.0,0.0,0.0
14,12,0,0.0,0.0,0.0
14,13,0,0.0,0.0,0.0
14,14,0,0.0,0.0,0.0
14,15,0,0.0,0.0,0.0
14,16,0,0.0,0.0,0.0
14,17,0,0.0,0.0,0.0
14,18,0,0.0,0.0,0.0
14,19,0,0.0,0.0,0.0
14,20,0,0.0,0.0,0.0
14,21,0,0.0,0.0,0.0
14,22,0,0.0,0.0,0.0
14,23,0,0.0,0.0,0.0
14,24,0,0.0,0.0,0.0
14,25,0,0.0,0.0,0.0
14,26,0,0.0,0.0,0.0
14,27,0,0.0,0.0,0.0
14,28,0,0.0,0.0,0.0
14,29,0,0.0,0.0,0.0
14,30,0,0.0,0.0,0.0
15,1,0,6.772998126430587e-08,0.02760366441658499,-0.03307830936800023
15,2,0,1.0601477260363419e-06,0.10920925747347997,0.09935229644001581
15,3,0,5.423254715357587e-07,0.07810993249758497,0.048883911951874914
15,4,0,4.137546171489367e-07,-0.06822565091609999,-0.18859135459306173
15,5,0,1.4621544377376371e-06,-0.12825458052072994,-0.28600707348876825
15,6,0,5.353841849221502e-06,-0.24541947926711494,-0.4761437778394222
15,7,0,1.5911979980823322e-07,0.04230954676952499,-0.009213414377488202
15,8,0,5.972110245154528e-07,-0.08196721311474997,-0.2108913384366568
15,9,0,5.766456030958048e-06,0.2547010607521649,0.3354582657314062
15,10,0,3.9644066362335825e-06,-0.21118611378977498,-0.4205894321237971
15,11,0,9.960055313313042e-06,0.33473963355833986,0.46534589092568424
15,12,0,1.1074699836882022e-06,-0.11162005785920497,-0.25901235620441415
15,13,0,6.521029060722281e-06,-0.27085342333654494,-0.5174183093394077
15,14,0,4.212554016342144e-06,-0.21769527483123996,-0.4311525823654988
15,15,0,4.5187622160909386e-05,0.7129942140790698,1.0791822883046365
15,16,0,1.0907896627936965e-06,0.11077627772419997,0.10189527705375383
15,17,0,3.159246319686912e-06,0.1885245901639299,0.22806623827409395
15,18,0,4.820035546454784e-05,-0.7363789778206348,-1.2728791655145313
15,19,0,6.667507850793523e-05,0.8660800385728046,1.3276119328780243
15,20,0,5.486128482409216e-06,0.24843297974927492,0.3252863432764379
15,21,0,3.511974081041405e-06,0.1987704918032749,0.24469341921010895
15,22,0,9.68602921932429e-07,0.10438765670202495,0.0915277407054229
15,23,0,2.083135080970304e-08,0.015308582449369994,-0.05303092649121986
15,24,0,4.649566799859733e-11,-0.0007232401157182998,-0.07904757430874199
15,25,0,2.227582785278545e-05,-0.5006027000964298,-0.890258390092848
15,26,0,4.711690178492536e-06,0.2302314368370249,0.2957486453783376
15,27,0,1.3283359014440302e-05,0.3865718418514898,0.5494598650725723
15,28,0,2.096277856458711e-06,0.15356798457087495,0.1713382091982852
15,29,0,1.043829038115159e-06,-0.10836547733847496,-0.2537307810835674
15,30,0,3.050580777388773e-07,0.058582449373189974,0.01719446122676997
16,1,0,6.772998126430587e-08,9.891587455273289e-18,-0.03307830936800023
16,2,0,1.060147726036342e-06,3.995953538817481e-17,0.09935229644001581
16,3,0,5.423254715357587e-07,1.7803793697776045e-17,0.048883911951874914
16,4,0,4.137546171489367e-07,-3.2412539936912265e-17,-0.18859135459306173
16,5,0,1.4621544377376371e-06,-4.571899257513922e-17,-0.28600707348876825
16,6,0,5.3538418492215e-06,-8.202412613362002e-17,-0.4761437778394222
16,7,0,1.5911979980823317e-07,1.0951051390658614e-17,-0.009213414377488202
16,8,0,5.972110245154528e-07,-3.14681504705382e-17,-0.2108913384366568
16,9,0,5.766456030958048e-06,9.306362372091929e-17,0.3354582657314062
16,10,0,3.964406636233582e-06,-7.969711714942603e-17,-0.4205894321237971
16,11,0,9.960055313313042e-06,1.2676125644501197e-16,0.46534589092568424
16,12,0,1.1074699836882022e-06,-4.1981805001927824e-17,-0.25901235620441415
16,13,0,6.521029060722281e-06,-1.1191219582917555e-16,-0.5174183093394077
16,14,0,4.212554016342143e-06,-7.125772477903675e-17,-0.4311525823654988
16,15,0,4.5187622160909386e-05,3.2673722431336124e-16,1.0791822883046365
16,16,0,1.0907896627936965e-06,4.590541992000237e-17,0.10189527705375383
16,17,0,3.159246319686912e-06,5.390993353982029e-17,0.22806623827409395
16,18,0,4.820035546454785e-05,-2.8762335583180813e-16,-1.2728791655145313
16,19,0,6.667507850793523e-05,2.625565437589181e-16,1.3276119328780243
16,20,0,5.486128482409216e-06,9.794828718934572e-17,0.3252863432764379
16,21,0,3.5119740810414054e-06,7.17198588575806e-17,0.24469341921010895
16,22,0,9.686029219324287e-07,4.398024623157191e-17,0.0915277407054229
16,23,0,2.083135080970304e-08,5.815558834600017e-18,-0.05303092649121986
16,24,0,4.649566799859733e-11,-2.5911778614227143e-19,-0.07904757430874199
16,25,0,2.227582785278545e-05,-1.776756910867358e-16,-0.890258390092848
16,26,0,4.711690178492536e-06,8.829687675419874e-17,0.2957486453783376
16,27,0,1.3283359014440302e-05,1.648355340194582e-16,0.5494598650725723
16,28,0,2.0962778564587114e-06,5.2830975350750463e-17,0.1713382091982852
16,29,0,1.043829038115159e-06,-4.104284788844107e-17,-0.2537307810835674
16,30,0,3.050580777388773e-07,2.0470917660113503e-17,0.01719446122676997
17,1,0,5.939602023946061e-07,0.06436837029893998,0.3021156568747228
17,2,0,1.4100160038088612e-06,-0.13777724204435499,0.07209003111355641
17,3,0,4.3278684391636994e-07,-0.02193828351012503,0.23379804602364837
17,4,0,2.486318391381931e-06,0.190573770491795,0.3600821145665314
17,5,0,1.4182121568399508e-06,0.12427675988427882,0.11901525876883093
17,6,0,4.045221273400566e-06,0.14103182256509003,-0.07259608749022563
17,7,0,6.91353128295707e-07,0.05906460945033994,0.3200576556840953
17,8,0,5.588294963558236e-06,-0.1994937319189999,-0.41050373173338545
17,9,0,5.109611729141723e-06,-0.033389585342330115,0.5489331533164596
17,10,0,4.354169488695241e-06,0.23023143683702507,0.16295015328921142
17,11,0,7.505846055322978e-06,-0.18743972999036,0.4076974190990932
17,12,0,1.5038649265713866e-06,-0.031219864995179904,-0.14597426210803463
17,13,0,1.217283323212758e-05,-0.1507955641272898,-0.6780235344936254
17,14,0,6.817706294304214e-06,0.31171648987463,0.30602609251265533
17,15,0,3.515784013570087e-05,-0.4758919961427201,0.579066510291166
17,16,0,1.3987330550411489e-06,-0.13621022179363,0.07807069738334407
17,17,0,1.4266158613668298e-05,-0.4601012536161948,-0.39164163042096944
17,18,0,6.384299637302758e-05,-0.17137886037407457,-1.6411408295556542
17,19,0,5.6460760342625576e-05,-0.7025072324011602,0.4387508785768526
17,20,0,4.893337129446267e-06,-0.030617164898745105,0.5422624101693869
17,21,0,2.655640115676986e-06,-0.0837753134040501,0.34605055139510094
17,22,0,1.0454757596900837e-06,-0.11210221793634999,0.11188446437024353
17,23,0,7.82836842258055e-06,-0.3041224686595899,-0.4245352949048159
17,24,0,7.860500803806746e-06,-0.29701060752169667,-0.4415571912111449
17,25,0,3.056374266776195e-05,-0.1445274831243948,-1.1044910446548362
17,26,0,4.610360619367638e-06,-0.22516875602699993,0.13626718070091115
17,27,0,1.9612982200114672e-05,-0.5227820636451251,-0.1333228526911743
17,28,0,5.92587676106198e-06,-0.29809546769526996,-0.14919462086869176
17,29,0,9.550702286067946e-06,0.3682497589199599,0.6225413535600367
17,30,0,2.104151122906383e-06,-0.174541947926705,-0.09467854756328918
18,1,0,7.518982373078875e-07,2.973413721276125e-17,0.3021156568747228
18,2,0,7.25448659948224e-08,-1.1895440857032676e-17,0.07209003111355641
18,3,0,2.804670355529258e-07,2.2497103916758037e-17,0.23379804602364837
18,4,0,1.3305833212185385e-06,3.899974094902668e-17,0.3600821145665314
18,5,0,1.4064939569579509e-09,-1.7310925248863654e-18,0.11901525876883093
18,6,0,9.686029219324287e-07,-4.398024623157191e-17,-0.07259608749022563
18,7,0,9.134861821590747e-07,3.7509824785761506e-17,0.3200576556840953
18,8,0,7.041801207048145e-06,-1.1583448785604525e-16,-0.41050373173338545
18,9,0,4.353668368718045e-06,9.246194298437534e-17,0.5489331533164596
18,10,0,3.224216266436551e-08,7.491572889951883e-18,0.16295015328921142
18,11,0,1.9286454747676626e-06,5.515065749746744e-17,0.4076974190990932
18,12,0,1.813621649870814e-06,-6.208189013061683e-17,-0.14597426210803463
18,13,0,1.5803366100380203e-05,-1.5981037977642075e-16,-0.6780235344936254
18,14,0,7.857767891764787e-07,3.310633866347441e-17,0.30602609251265533
18,15,0,4.997107711141015e-06,7.449075834634374e-17,0.579066510291166
18,16,0,5.750093430461274e-08,-1.0260063534188601e-17,0.07807069738334407
18,17,0,6.555900811721315e-06,-1.0519553795474966e-16,-0.39164163042096944
18,18,0,7.627772549598177e-05,-3.6356194849704325e-16,-1.6411408295556542
18,19,0,2.3783167038992486e-06,7.25318189353626e-17,0.4387508785768526
18,20,0,4.2172203732444776e-06,9.625420655554871e-17,0.5422624101693869
18,21,0,1.1754569826728519e-06,3.823680089221141e-17,0.34605055139510094
18,22,0,5.290173781168895e-09,-3.4540738789279305e-18,0.11188446437024353
18,23,0,7.414529854919991e-06,-1.0974033129454664e-16,-0.4245352949048159
18,24,0,7.879595024798175e-06,-1.2435015557537376e-16,-0.4415571912111449
18,25,0,3.6994929182447576e-05,-2.3274225669875906e-16,-1.1044910446548362
18,26,0,2.2782877319284794e-09,1.822732646770588e-18,0.13626718070091115
18,27,0,1.6491755129841097e-06,-4.4072987845698014e-17,-0.1333228526911743
18,28,0,1.8567283002908695e-06,-5.423466029446771e-17,-0.14919462086869176
18,29,0,6.003541316722187e-06,1.0019902082460053e-16,0.6225413535600367
18,30,0,1.1952538048695684e-06,-4.8223779175514495e-17,-0.09467854756328918
19,1,0,7.518982373078875e-07,-0.09197203471552501,0.0
19,2,0,7.25448659948224e-08,0.028567984570874998,0.0
19,3,0,2.804670355529258e-07,-0.05617164898745999,0.0
19,4,0,1.3305833212185385e-06,-0.12234811957569504,0.0
19,5,0,1.4064939569579509e-09,0.0039778206364511895,0.0
19,6,0,9.686029219324287e-07,0.10438765670202502,0.0
19,7,0,9.134861821590747e-07,-0.101374156219865,0.0
19,8,0,7.041801207048145e-06,0.2814609450337501,0.0
19,9,0,4.353668368718045e-06,-0.221311475409835,0.0
19,10,0,3.224216266436551e-08,-0.019045323047250005,0.0
19,11,0,1.9286454747676626e-06,-0.14729990356798003,0.0
19,12,0,1.813621649870814e-06,0.14283992285438502,0.0
19,13,0,1.5803366100380203e-05,0.42164898746383506,0.0
19,14,0,7.857767891764787e-07,-0.09402121504339,0.0
19,15,0,4.997107711141015e-06,-0.23710221793635,0.0
19,16,0,5.750093430461274e-08,0.025433944069429996,0.0
19,17,0,6.555900811721315e-06,0.27157666345226505,0.0
19,18,0,7.627772549598177e-05,0.9263500482160052,0.0
19,19,0,2.3783167038992486e-06,-0.16357280617164507,0.0
19,20,0,4.2172203732444776e-06,-0.21781581485052995,0.0
19,21,0,1.1754569826728519e-06,-0.11499517839922498,0.0
19,22,0,5.290173781168895e-09,0.0077145612343249995,0.0
19,23,0,7.414529854919991e-06,0.28881388621022,0.0
19,24,0,7.879595024798175e-06,0.29773384763741506,0.0
19,25,0,3.6994929182447576e-05,0.645130183220825,0.0
19,26,0,2.2782877319284794e-09,-0.005062680810025001,0.0
19,27,0,1.6491755129841097e-06,0.136210221793635,0.0
19,28,0,1.8567283002908695e-06,0.14452748312439495,0.0
19,29,0,6.003541316722187e-06,-0.259884281581485,0.0
19,30,0,1.1952538048695684e-06,0.11595949855351499,0.0
20,1,0,0.0,0.0,0.0
20,2,0,0.0,0.0,0.0
20,3,0,0.0,0.0,0.0
20,4,0,0.0,0.0,0.0
20,5,0,0.0,0.0,0.0
20,6,0,0.0,0.0,0.0
20,7,0,0.0,0.0,0.0
20,8,0,0.0,0.0,0.0
20,9,0,0.0,0.0,0.0
20,10,0,0.0,0.0,0.0
20,11,0,0.0,0.0,0.0
20,12,0,0.0,0.0,0.0
20,13,0,0.0,0.0,0.0
20,14,0,0.0,0.0,0.0
20,15,0,0.0,0.0,0.0
20,16,0,0.0,0.0,0.0
20,17,0,0.0,0.0,0.0
20,18,0,0.0,0.0,0.0
20,19,0,0.0,0.0,0.0
20,20,0,0.0,0.0,0.0
20,21,0,0.0,0.0,0.0
20,22,0,0.0,0.0,0.0
20,23,0,0.0,0.0,0.0
20,24,0,0.0,0.0,0.0
20,25,0,0.0,0.0,0.0
20,26,0,0.0,0.0,0.0
20,27,0,0.0,0.0,0.0
20,28,0,0.0,0.0,0.0
20,29,0,0.0,0.0,0.0
20,30,0,0.0,0.0,0.0
21,1,0,3.2323840054487204e-06,0.19069431051108496,0.41529829305964544
21,2,0,6.132314943883237e-06,-0.2626567020250699,-0.3860374300001239
21,3,0,1.0230338506027344e-06,-0.10728061716489497,-0.11139724201180475
21,4,0,2.332966637498363e-06,0.16200578592092496,0.364588933291445
21,5,0,2.968288094598212e-05,-0.5778688524590149,-0.9432011938398831
21,6,0,1.565013316875903e-05,-0.41959980713596495,-0.663447456967373
21,7,0,6.024921574723066e-07,0.08232883317260997,0.22375327443940227
21,8,0,7.420760274431322e-07,-0.09136933461908997,-0.08327272314876571
21,9,0,9.214202804391231e-06,0.32196239151397993,0.6473255736797241
21,10,0,1.7379047460807888e-08,-0.013982642237219994,0.053514709503288155
21,11,0,1.8320339343983046e-06,0.14356316297010496,0.33199005915473967
21,12,0,1.4023145130234437e-06,0.12560270009643,0.3002434431653981
21,13,0,3.2405620768312167e-06,-0.1909353905496599,-0.259264030579605
21,14,0,2.4936189861857223e-05,-0.529652844744455,-0.8579753791034024
21,15,0,1.2970432836439202e-05,0.3819913211186099,0.7534317130266478
21,16,0,2.65271011366534e-05,-0.5462873674059749,-0.8873782851874826
21,17,0,1.2580489167490663e-05,-0.37620540019285986,-0.5867442237045384
21,18,0,2.2793727600065776e-05,-0.5063886210221747,-0.8168539234930419
21,19,0,5.598496888044887e-06,0.25096432015428993,0.5218305614802553
21,20,0,3.2079117855255667e-06,0.18997107039536995,0.41401990583860426
21,21,0,2.511812224454692e-07,-0.05315814850529998,-0.015731264970102528
21,22,0,1.7469055324781608e-06,0.14018804243008495,0.3260242521231846
21,23,0,3.76614910788731e-07,0.06509161041465497,0.19328504567111074
21,24,0,2.2674516581954127e-07,0.050506268080999984,0.1675042367133242
21,25,0,1.4339036698617447e-05,-0.4016393442622948,-0.63170084097804
21,26,0,1.5018229918182667e-07,-0.04110414657665999,0.005575188714017681
21,27,0,1.4694089243371672e-05,0.40658148505303493,0.796896878542252
21,28,0,2.4524966675520488e-06,0.16610414657665995,0.37183312754404124
21,29,0,3.2937660364846615e-07,0.060872709739629986,0.18582778688166687
21,30,0,2.3991893841913044e-07,0.051952748312434974,0.17006101115541544
22,1,0,3.0589551638139194e-06,0.010848601735775058,0.34603173135159837
22,2,0,6.118275835240325e-06,-0.000602700096432027,-0.4892173572584037
22,3,0,5.723818211856889e-06,0.1824975891996099,0.32767969673842573
22,4,0,6.9055831068218845e-06,-0.1598360655737699,-0.21016526651275808
22,5,0,3.905644248625329e-05,0.14573288331725978,-0.6130040076456673
22,6,0,1.2552862991421528e-05,-0.11403085824493514,-1.1025481945706235
22,7,0,6.123204376048127e-06,0.29375602700096,0.992325333219828
22,8,0,6.67434981749367e-07,-0.01036644165863004,-0.21536825682356156
22,9,0,7.016665132309513e-06,0.19551591128254506,1.124956654318655
22,10,0,7.609958896795753e-07,0.08473963355833998,0.20307860129308458
22,11,0,1.6201066796606128e-06,0.12439729990356503,0.5990012905869304
22,12,0,1.3759153059708774e-06,0.1231918997107,0.5636848466449293
22,13,0,3.4351464474053836e-06,-0.20178399228543492,-0.9582482431362447
22,14,0,2.1829151719601086e-05,-0.07726615236258014,-1.1881963641506232
22,15,0,9.94019391379968e-06,0.14211668273866512,1.0729194153628854
22,16,0,3.755748543574786e-05,0.17261330761812477,-0.4775739356490354
22,17,0,1.0624416414789125e-05,-0.07244455159112516,-0.9026858969411367
22,18,0,1.767766976317458e-05,-0.17225168756026513,-1.4283773512095936
22,19,0,4.441023396516796e-06,0.07328833172613007,0.6374810877198098
22,20,0,4.116975713039452e-06,0.233727097396335,1.004814532576747
22,21,0,3.861908227677109e-06,-0.2298698167791699,-0.7978924688236481
22,22,0,2.198853757795284e-06,0.17008196721311003,0.7283319629610516
22,23,0,2.512439915972833e-06,-0.12584378013499994,-0.2808000058681661
22,24,0,3.6501592063333696e-06,0.22311957569912996,0.7268843774680853
22,25,0,1.1369182733244727e-05,-0.2839922854387651,-1.5741473199058627
22,26,0,2.613422049134184e-06,0.14717936354869496,0.34005616845141584
22,27,0,1.5078290697322183e-05,-0.010366441658629849,0.6648013448674561
22,28,0,6.99007090176059e-06,0.323770491803275,1.229293902345616
22,29,0,8.557153146707591e-07,0.11318707810992999,0.4196396183541535
22,30,0,8.178010679744585e-06,-0.2739874638379899,-0.7427558957653477
23,1,0,3.0589551638139194e-06,-0.190694310511085,-0.0692665617080471
23,2,0,6.118275835240325e-06,0.2626567020250701,-0.1031799272582798
23,3,0,5.72381821185689e-06,0.10728061716489502,0.43907693875023046
23,4,0,6.905583106821886e-06,-0.1620057859209251,-0.5747541998042031
23,5,0,3.905644248625329e-05,0.5778688524590149,0.3301971861942158
23,6,0,1.2552862991421532e-05,0.4195998071359651,-0.43910073760325047
23,7,0,6.123204376048127e-06,-0.08232883317260983,0.7685720587804257
23,8,0,6.67434981749367e-07,0.09136933461908997,-0.13209553367479585
23,9,0,7.016665132309512e-06,-0.32196239151397993,0.47763108063893095
23,10,0,7.609958896795752e-07,0.013982642237220042,0.14956389178979643
23,11,0,1.6201066796606124e-06,-0.143563162970105,0.2670112314321907
23,12,0,1.3759153059708776e-06,-0.12560270009642996,0.2634414034795313
23,13,0,3.435146447405384e-06,0.19093539054965997,-0.6989842125566397
23,14,0,2.1829151719601086e-05,0.5296528447444551,-0.3302209850472209
23,15,0,9.94019391379968e-06,-0.3819913211186101,0.31948770233623763
23,16,0,3.755748543574786e-05,0.5462873674059752,0.40980434953844724
23,17,0,1.0624416414789124e-05,0.37620540019286,-0.3159416732365982
23,18,0,1.767766976317458e-05,0.5063886210221749,-0.6115234277165517
23,19,0,4.441023396516796e-06,-0.25096432015429,0.11565052623955455
23,20,0,4.1169757130394514e-06,-0.18997107039536992,0.5907946267381428
23,21,0,3.86190822767711e-06,0.05315814850529992,-0.7821612038535455
23,22,0,2.198853757795284e-06,-0.14018804243008495,0.402307710837867
23,23,0,2.512439915972833e-06,-0.06509161041465505,-0.4740850515392768
23,24,0,3.6501592063333696e-06,-0.05050626808099996,0.5593801407547611
23,25,0,1.1369182733244728e-05,0.401639344262295,-0.9424464789278226
23,26,0,2.6134220491341837e-06,0.04110414657666003,0.33448097973739815
23,27,0,1.5078290697322183e-05,-0.4065814850530351,-0.13209553367479585
23,28,0,6.99007090176059e-06,-0.16610414657665984,0.8574607748015747
23,29,0,8.557153146707591e-07,-0.060872709739629965,0.2338118314724866
23,30,0,8.178010679744585e-06,-0.051952748312435106,-0.9128169069207631
24,1,0,1.0461525299685363e-08,-0.010848601735775001,0.0
24,2,0,3.228865833235855e-11,0.0006027000964319102,0.0
24,3,0,2.960477338992854e-06,-0.18249758919961,0.0
24,4,0,2.2708949207202227e-06,0.15983606557377006,0.0
24,5,0,1.8878287359966328e-06,-0.14573288331726,0.0
24,6,0,1.1558254784067966e-06,0.114030858244935,0.0
24,7,0,7.670453635501217e-06,-0.29375602700096,0.0
24,8,0,9.552276681047066e-09,0.010366441658630002,0.0
24,9,0,3.397908583523912e-06,-0.19551591128254506,0.0
24,10,0,6.38293821831266e-07,-0.08473963355834002,0.0
24,11,0,1.3755278420708882e-06,-0.124397299903565,0.0
24,12,0,1.3489994803849927e-06,-0.12319189971070003,0.0
24,13,0,3.619269292679865e-06,0.20178399228543503,0.0
24,14,0,5.306718489704377e-07,0.07726615236258001,0.0
24,15,0,1.7953023566793211e-06,-0.14211668273866507,0.0
24,16,0,2.6484759081661743e-06,-0.17261330761812502,0.0
24,17,0,4.665078271323708e-07,0.07244455159112499,0.0
24,18,0,2.6373905659874802e-06,0.172251687560265,0.0
24,19,0,4.774381837510463e-07,-0.07328833172613004,0.0
24,20,0,4.855853871761409e-06,-0.233727097396335,0.0
24,21,0,4.6969006814301506e-06,0.22986981677916998,0.0
24,22,0,2.57136671742946e-06,-0.17008196721311003,0.0
24,23,0,1.4077028443258864e-06,0.12584378013499997,0.0
24,24,0,4.425097338680871e-06,-0.22311957569913005,0.0
24,25,0,7.169032727887375e-06,0.2839922854387651,0.0
24,26,0,1.9254902270754607e-06,-0.14717936354869504,0.0
24,27,0,9.552276681047066e-09,0.010366441658630002,0.0
24,28,0,9.317985010003075e-06,-0.32377049180327494,0.0
24,29,0,1.1387835245389683e-06,-0.11318707810993,0.0
24,30,0,6.672811585811011e-06,0.27398746383799005,0.0
25,1,0,0.0,0.0,0.0
25,2,0,0.0,0.0,0.0
25,3,0,0.0,0.0,0.0
25,4,0,0.0,0.0,0.0
25,5,0,0.0,0.0,0.0
25,6,0,0.0,0.0,0.0
25,7,0,0.0,0.0,0.0
25,8,0,0.0,0.0,0.0
25,9,0,0.0,0.0,0.0
25,10,0,0.0,0.0,0.0
25,11,0,0.0,0.0,0.0
25,12,0,0.0,0.0,0.0
25,13,0,0.0,0.0,0.0
25,14,0,0.0,0.0,0.0
25,15,0,0.0,0.0,0.0
25,16,0,0.0,0.0,0.0
25,17,0,0.0,0.0,0.0
25,18,0,0.0,0.0,0.0
25,19,0,0.0,0.0,0.0
25,20,0,0.0,0.0,0.0
25,21,0,0.0,0.0,0.0
25,22,0,0.0,0.0,0.0
25,23,0,0.0,0.0,0.0
25,24,0,0.0,0.0,0.0
25,25,0,0.0,0.0,0.0
25,26,0,0.0,0.0,0.0
25,27,0,0.0,0.0,0.0
25,28,0,0.0,0.0,0.0
25,29,0,0.0,0.0,0.0
25,30,0,0.0,0.0,0.0
26,1,0,0.0,0.0,0.0
26,2,0,0.0,0.0,0.0
26,3,0,0.0,0.0,0.0
26,4,0,0.0,0.0,0.0
26,5,0,0.0,0.0,0.0
26,6,0,0.0,0.0,0.0
26,7,0,0.0,0.0,0.0
26,8,0,0.0,0.0,0.0
26,9,0,0.0,0.0,0.0
26,10,0,0.0,0.0,0.0
26,11,0,0.0,0.0,0.0
26,12,0,0.0,0.0,0.0
26,13,0,0.0,0.0,0.0
26,14,0,0.0,0.0,0.0
26,15,0,0.0,0.0,0.0
26,16,0,0.0,0.0,0.0
26,17,0,0.0,0.0,0.0
26,18,0,0.0,0.0,0.0
26,19,0,0.0,0.0,0.0
26,20,0,0.0,0.0,0.0
26,21,0,0.0,0.0,0.0
26,22,0,0.0,0.0,0.0
26,23,0,0.0,0.0,0.0
26,24,0,0.0,0.0,0.0
26,25,0,0.0,0.0,0.0
26,26,0,0.0,0.0,0.0
26,27,0,0.0,0.0,0.0
26,28,0,0.0,0.0,0.0
26,29,0,0.0,0.0,0.0
26,30,0,0.0,0.0,0.0
27,1,0,0.0,0.0,0.0
27,2,0,0.0,0.0,0.0
27,3,0,0.0,0.0,0.0
27,4,0,0.0,0.0,0.0
27,5,0,0.0,0.0,0.0
27,6,0,0.0,0.0,0.0
27,7,0,0.0,0.0,0.0
27,8,0,0.0,0.0,0.0
27,9,0,0.0,0.0,0.0
27,10,0,0.0,0.0,0.0
27,11,0,0.0,0.0,0.0
27,12,0,0.0,0.0,0.0
27,13,0,0.0,0.0,0.0
27,14,0,0.0,0.0,0.0
27,15,0,0.0,0.0,0.0
27,16,0,0.0,0.0,0.0
27,17,0,0.0,0.0,0.0
27,18,0,0.0,0.0,0.0
27,19,0,0.0,0.0,0.0
27,20,0,0.0,0.0,0.0
27,21,0,0.0,0.0,0.0
27,22,0,0.0,0.0,0.0
27,23,0,0.0,0.0,0.0
27,24,0,0.0,0.0,0.0
27,25,0,0.0,0.0,0.0
27,26,0,0.0,0.0,0.0
27,27,0,0.0,0.0,0.0
27,28,0,0.0,0.0,0.0
27,29,0,0.0,0.0,0.0
27,30,0,0.0,0.0,0.0
28,1,0,0.0,0.0,0.0
28,2,0,0.0,0.0,0.0
28,3,0,0.0,0.0,0.0
28,4,0,0.0,0.0,0.0
28,5,0,0.0,0.0,0.0
28,6,0,0.0,0.0,0.0
28,7,0,0.0,0.0,0.0
28,8,0,0.0,0.0,0.0
28,9,0,0.0,0.0,0.0
28,10,0,0.0,0.0,0.0
28,11,0,0.0,0.0,0.0
28,12,0,0.0,0.0,0.0
28,13,0,0.0,0.0,0.0
28,14,0,0.0,0.0,0.0
28,15,0,0.0,0.0,0.0
28,16,0,0.0,0.0,0.0
28,17,0,0.0,0.0,0.0
28,18,0,0.0,0.0,0.0
28,19,0,0.0,0.0,0.0
28,20,0,0.0,0.0,0.0
28,21,0,0.0,0.0,0.0
28,22,0,0.0,0.0,0.0
28,23,0,0.0,0.0,0.0
28,24,0,0.0,0.0,0.0
28,25,0,0.0,0.0,0.0
28,26,0,0.0,0.0,0.0
28,27,0,0.0,0.0,0.0
28,28,0,0.0,0.0,0.0
28,29,0,0.0,0.0,0.0
28,30,0,0.0,0.0,0.0
29,1,0,0.0,0.0,0.0
29,2,0,0.0,0.0,0.0
29,3,0,0.0,0.0,0.0
29,4,0,0.0,0.0,0.0
29,5,0,0.0,0.0,0.0
29,6,0,0.0,0.0,0.0
29,7,0,0.0,0.0,0.0
29,8,0,0.0,0.0,0.0
29,9,0,0.0,0.0,0.0
29,10,0,0.0,0.0,0.0
29,11,0,0.0,0.0,0.0
29,12,0,0.0,0.0,0.0
29,13,0,0.0,0.0,0.0
29,14,0,0.0,0.0,0.0
29,15,0,0.0,0.0,0.0
29,16,0,0.0,0.0,0.0
29,17,0,0.0,0.0,0.0
29,18,0,0.0,0.0,0.0
29,19,0,0.0,0.0,0.0
29,20,0,0.0,0.0,0.0
29,21,0,0.0,0.0,0.0
29,22,0,0.0,0.0,0.0
29,23,0,0.0,0.0,0.0
29,24,0,0.0,0.0,0.0
29,25,0,0.0,0.0,0.0
29,26,0,0.0,0.0,0.0
29,27,0,0.0,0.0,0.0
29,28,0,0.0,0.0,0.0
29,29,0,0.0,0.0,0.0
29,30,0,0.0,0.0,0.0
30,1,0,0.0,0.0,0.0
30,2,0,0.0,0.0,0.0
30,3,0,0.0,0.0,0.0
30,4,0,0.0,0.0,0.0
30,5,0,0.0,0.0,0.0
30,6,0,0.0,0.0,0.0
30,7,0,0.0,0.0,0.0
30,8,0,0.0,0.0,0.0
30,9,0,0.0,0.0,0.0
30,10,0,0.0,0.0,0.0
30,11,0,0.0,0.0,0.0
30,12,0,0.0,0.0,0.0
30,13,0,0.0,0.0,0.0
30,14,0,0.0,0.0,0.0
30,15,0,0.0,0.0,0.0
30,16,0,0.0,0.0,0.0
30,17,0,0.0,0.0,0.0
30,18,0,0.0,0.0,0.0
30,19,0,0.0,0.0,0.0
30,20,0,0.0,0.0,0.0
30,21,0,0.0,0.0,0.0
30,22,0,0.0,0.0,0.0
30,23,0,0.0,0.0,0.0
30,24,0,0.0,0.0,0.0
30,25,0,0.0,0.0,0.0
30,26,0,0.0,0.0,0.0
30,27,0,0.0,0.0,0.0
30,28,0,0.0,0.0,0.0
30,29,0,0.0,0.0,0.0
30,30,0,0.0,0.0,0.0
31,1,0,0.0,0.0,0.0
31,2,0,0.0,0.0,0.0
31,3,0,0.0,0.0,0.0
31,4,0,0.0,0.0,0.0
31,5,0,0.0,0.0,0.0
31,6,0,0.0,0.0,0.0
31,7,0,0.0,0.0,0.0
31,8,0,0.0,0.0,0.0
31,9,0,0.0,0.0,0.0
31,10,0,0.0,0.0,0.0
31,11,0,0.0,0.0,0.0
31,12,0,0.0,0.0,0.0
31,13,0,0.0,0.0,0.0
31,14,0,0.0,0.0,0.0
31,15,0,0.0,0.0,0.0
31,16,0,0.0,0.0,0.0
31,17,0,0.0,0.0,0.0
31,18,0,0.0,0.0,0.0
31,19,0,0.0,0.0,0.0
31,20,0,0.0,0.0,0.0
31,21,0,0.0,0.0,0.0
31,22,0,0.0,0.0,0.0
31,23,0,0.0,0.0,0.0
31,24,0,0.0,0.0,0.0
31,25,0,0.0,0.0,0.0
31,26,0,0.0,0.0,0.0
31,27,0,0.0,0.0,0.0
31,28,0,0.0,0.0,0.0
31,29,0,0.0,0.0,0.0
31,30,0,0.0,0.0,0.0
32,1,0,0.0,0.0,0.0
32,2,0,0.0,0.0,0.0
32,3,0,0.0,0.0,0.0
32,4,0,0.0,0.0,0.0
32,5,0,0.0,0.0,0.0
32,6,0,0.0,0.0,0.0
32,7,0,0.0,0.0,0.0
32,8,0,0.0,0.0,0.0
32,9,0,0.0,0.0,0.0
32,10,0,0.0,0.0,0.0
32,11,0,0.0,0.0,0.0
32,12,0,0.0,0.0,0.0
32,13,0,0.0,0.0,0.0
32,14,0,0.0,0.0,0.0
32,15,0,0.0,0.0,0.0
32,16,0,0.0,0.0,0.0
32,17,0,0.0,0.0,0.0
32,18,0,0.0,0.0,0.0
32,19,0,0.0,0.0,0.0
32,20,0,0.0,0.0,0.0
32,21,0,0.0,0.0,0.0
32,22,0,0.0,0.0,0.0
32,23,0,0.0,0.0,0.0
32,24,0,0.0,0.0,0.0
32,25,0,0.0,0.0,0.0
32,26,0,0.0,0.0,0.0
32,27,0,0.0,0.0,0.0
32,28,0,0.0,0.0,0.0
32,29,0,0.0,0.0,0.0
32,30,0,0.0,0.0,0.0
33,1,0,0.0,0.0,0.0
33,2,0,0.0,0.0,0.0
33,3,0,0.0,0.0,0.0
33,4,0,0.0,0.0,0.0
33,5,0,0.0,0.0,0.0
33,6,0,0.0,0.0,0.0
33,7,0,0.0,0.0,0.0
33,8,0,0.0,0.0,0.0
33,9,0,0.0,0.0,0.0
33,10,0,0.0,0.0,0.0
33,11,0,0.0,0.0,0.0
33,12,0,0.0,0.0,0.0
33,13,0,0.0,0.0,0.0
33,14,0,0.0,0.0,0.0
33,15,0,0.0,0.0,0.0
33,16,0,0.0,0.0,0.0
33,17,0,0.0,0.0,0.0
33,18,0,0.0,0.0,0.0
33,19,0,0.0,0.0,0.0
33,20,0,0.0,0.0,0.0
33,21,0,0.0,0.0,0.0
33,22,0,0.0,0.0,0.0
33,23,0,0.0,0.0,0.0
33,24,0,0.0,0.0,0.0
33,25,0,0.0,0.0,0.0
33,26,0,0.0,0.0,0.0
33,27,0,0.0,0.0,0.0
33,28,0,0.0,0.0,0.0
33,29,0,0.0,0.0,0.0
33,30,0,0.0,0.0,0.0
34,1,0,0.0,0.0,0.0
34,2,0,0.0,0.0,0.0
34,3,0,0.0,0.0,0.0
34,4,0,0.0,0.0,0.0
34,5,0,0.0,0.0,0.0
34,6,0,0.0,0.0,0.0
34,7,0,0.0,0.0,0.0
34,8,0,0.0,0.0,0.0
34,9,0,0.0,0.0,0.0
34,10,0,0.0,0.0,0.0
34,11,0,0.0,0.0,0.0
34,12,0,0.0,0.0,0.0
34,13,0,0.0,0.0,0.0
34,14,0,0.0,0.0,0.0
34,15,0,0.0,0.0,0.0
34,16,0,0.0,0.0,0.0
34,17,0,0.0,0.0,0.0
34,18,0,0.0,0.0,0.0
34,19,0,0.0,0.0,0.0
34,20,0,0.0,0.0,0.0
34,21,0,0.0,0.0,0.0
34,22,0,0.0,0.0,0.0
34,23,0,0.0,0.0,0.0
34,24,0,0.0,0.0,0.0
34,25,0,0.0,0.0,0.0
34,26,0,0.0,0.0,0.0
34,27,0,0.0,0.0,0.0
34,28,0,0.0,0.0,0.0
34,29,0,0.0,0.0,0.0
34,30,0,0.0,0.0,0.0
35,1,0,0.0,0.0,0.0
35,2,0,0.0,0.0,0.0
35,3,0,0.0,0.0,0.0
35,4,0,0.0,0.0,0.0
35,5,0,0.0,0.0,0.0
35,6,0,0.0,0.0,0.0
35,7,0,0.0,0.0,0.0
35,8,0,0.0,0.0,0.0
35,9,0,0.0,0.0,0.0
35,10,0,0.0,0.0,0.0
35,11,0,0.0,0.0,0.0
35,12,0,0.0,0.0,0.0
35,13,0,0.0,0.0,0.0
35,14,0,0.0,0.0,0.0
35,15,0,0.0,0.0,0.0
35,16,0,0.0,0.0,0.0
35,17,0,0.0,0.0,0.0
35,18,0,0.0,0.0,0.0
35,19,0,0.0,0.0,0.0
35,20,0,0.0,0.0,0.0
35,21,0,0.0,0.0,0.0
35,22,0,0.0,0.0,0.0
35,23,0,0.0,0.0,0.0
35,24,0,0.0,0.0,0.0
35,25,0,0.0,0.0,0.0
35,26,0,0.0,0.0,0.0
35,27,0,0.0,0.0,0.0
35,28,0,0.0,0.0,0.0
35,29,0,0.0,0.0,0.0
35,30,0,0.0,0.0,0.0
36,1,0,0.0,0.0,0.0
36,2,0,0.0,0.0,0.0
36,3,0,0.0,0.0,0.0
36,4,0,0.0,0.0,0.0
36,5,0,0.0,0.0,0.0
36,6,0,0.0,0.0,0.0
36,7,0,0.0,0.0,0.0
36,8,0,0.0,0.0,0.0
36,9,0,0.0,0.0,0.0
36,10,0,0.0,0.0,0.0
36,11,0,0.0,0.0,0.0
36,12,0,0.0,0.0,0.0
36,13,0,0.0,0.0,0.0
36,14,0,0.0,0.0,0.0
36,15,0,0.0,0.0,0.0
36,16,0,0.0,0.0,0.0
36,17,0,0.0,0.0,0.0
36,18,0,0.0,0.0,0.0
36,19,0,0.0,0.0,0.0
36,20,0,0.0,0.0,0.0
36,21,0,0.0,0.0,0.0
36,22,0,0.0,0.0,0.0
36,23,0,0.0,0.0,0.0
36,24,0,0.0,0.0,0.0
36,25,0,0.0,0.0,0.0
36,26,0,0.0,0.0,0.0
36,27,0,0.0,0.0,0.0
36,28,0,0.0,0.0,0.0
36,29,0,0.0,0.0,0.0
36,30,0,0.0,0.0,0.0
37,1,0,0.0,0.0,0.0
37,2,0,0.0,0.0,0.0
37,3,0,0.0,0.0,0.0
37,4,0,0.0,0.0,0.0
37,5,0,0.0,0.0,0.0
37,6,0,0.0,0.0,0.0
37,7,0,0.0,0.0,0.0
37,8,0,0.0,0.0,0.0
37,9,0,0.0,0.0,0.0
37,10,0,0.0,0.0,0.0
37,11,0,0.0,0.0,0.0
37,12,0,0.0,0.0,0.0
37,13,0,0.0,0.0,0.0
37,14,0,0.0,0.0,0.0
37,15,0,0.0,0.0,0.0
37,16,0,0.0,0.0,0.0
37,17,0,0.0,0.0,0.0
37,18,0,0.0,0.0,0.0
37,19,0,0.0,0.0,0.0
37,20,0,0.0,0.0,0.0
37,21,0,0.0,0.0,0.0
37,22,0,0.0,0.0,0.0
37,23,0,0.0,0.0,0.0
37,24,0,0.0,0.0,0.0
37,25,0,0.0,0.0,0.0
37,26,0,0.0,0.0,0.0
37,27,0,0.0,0.0,0.0
37,28,0,0.0,0.0,0.0
37,29,0,0.0,0.0,0.0
37,30,0,0.0,0.0,0.0
38,1,0,0.0,0.0,0.0
38,2,0,0.0,0.0,0.0
38,3,0,0.0,0.0,0.0
38,4,0,0.0,0.0,0.0
38,5,0,0.0,0.0,0.0
38,6,0,0.0,0.0,0.0
38,7,0,0.0,0.0,0.0
38,8,0,0.0,0.0,0.0
38,9,0,0.0,0.0,0.0
38,10,0,0.0,0.0,0.0
38,11,0,0.0,0.0,0.0
38,12,0,0.0,0.0,0.0
38,13,0,0.0,0.0,0.0
38,14,0,0.0,0.0,0.0
38,15,0,0.0,0.0,0.0
38,16,0,0.0,0.0,0.0
38,17,0,0.0,0.0,0.0
38,18,0,0.0,0.0,0.0
38,19,0,0.0,0.0,0.0
38,20,0,0.0,0.0,0.0
38,21,0,0.0,0.0,0.0
38,22,0,0.0,0.0,0.0
38,23,0,0.0,0.0,0.0
38,24,0,0.0,0.0,0.0
38,25,0,0.0,0.0,0.0
38,26,0,0.0,0.0,0.0
38,27,0,0.0,0.0,0.0
38,28,0,0.0,0.0,0.0
38,29,0,0.0,0.0,0.0
38,30,0,0.0,0.0,0.0
39,1,0,0.0,0.0,0.0
39,2,0,0.0,0.0,0.0
39,3,0,0.0,0.0,0.0
39,4,0,0.0,0.0,0.0
39,5,0,0.0,0.0,0.0
39,6,0,0.0,0.0,0.0
39,7,0,0.0,0.0,0.0
39,8,0,0.0,0.0,0.0
39,9,0,0.0,0.0,0.0
39,10,0,0.0,0.0,0.0
39,11,0,0.0,0.0,0.0
39,12,0,0.0,0.0,0.0
39,13,0,0.0,0.0,0.0
39,14,0,0.0,0.0,0.0
39,15,0,0.0,0.0,0.0
39,16,0,0.0,0.0,0.0
39,17,0,0.0,0.0,0.0
39,18,0,0.0,0.0,0.0
39,19,0,0.0,0.0,0.0
39,20,0,0.0,0.0,0.0
39,21,0,0.0,0.0,0.0
39,22,0,0.0,0.0,0.0
39,23,0,0.0,0.0,0.0
39,24,0,0.0,0.0,0.0
39,25,0,0.0,0.0,0.0
39,26,0,0.0,0.0,0.0
39,27,0,0.0,0.0,0.0
39,28,0,0.0,0.0,0.0
39,29,0,0.0,0.0,0.0
39,30,0,0.0,0.0,0.0
40,1,0,0.0,0.0,0.0
40,2,0,0.0,0.0,0.0
40,3,0,0.0,0.0,0.0
40,4,0,0.0,0.0,0.0
40,5,0,0.0,0.0,0.0
40,6,0,0.0,0.0,0.0
40,7,0,0.0,0.0,0.0
40,8,0,0.0,0.0,0.0
40,9,0,0.0,0.0,0.0
40,10,0,0.0,0.0,0.0
40,11,0,0.0,0.0,0.0
40,12,0,0.0,0.0,0.0
40,13,0,0.0,0.0,0.0
40,14,0,0.0,0.0,0.0
40,15,0,0.0,0.0,0.0
40,16,0,0.0,0.0,0.0
40,17,0,0.0,0.0,0.0
40,18,0,0.0,0.0,0.0
40,19,0,0.0,0.0,0.0
40,20,0,0.0,0.0,0.0
40,21,0,0.0,0.0,0.0
40,22,0,0.0,0.0,0.0
40,23,0,0.0,0.0,0.0
40,24,0,0.0,0.0,0.0
40,25,0,0.0,0.0,0.0
40,26,0,0.0,0.0,0.0
40,27,0,0.0,0.0,0.0
40,28,0,0.0,0.0,0.0
40,29,0,0.0,0.0,0.0
40,30,0,0.0,0.0,0.0
41,1,0,0.0,0.0,0.0
41,2,0,0.0,0.0,0.0
41,3,0,0.0,0.0,0.0
41,4,0,0.0,0.0,0.0
41,5,0,0.0,0.0,0.0
41,6,0,0.0,0.0,0.0
41,7,0,0.0,0.0,0.0
41,8,0,0.0,0.0,0.0
41,9,0,0.0,0.0,0.0
41,10,0,0.0,0.0,0.0
41,11,0,0.0,0.0,0.0
41,12,0,0.0,0.0,0.0
41,13,0,0.0,0.0,0.0
41,14,0,0.0,0.0,0.0
41,15,0,0.0,0.0,0.0
41,16,0,0.0,0.0,0.0
41,17,0,0.0,0.0,0.0
41,18,0,0.0,0.0,0.0
41,19,0,0.0,0.0,0.0
41,20,0,0.0,0.0,0.0
41,21,0,0.0,0.0,0.0
41,22,0,0.0,0.0,0.0
41,23,0,0.0,0.0,0.0
41,24,0,0.0,0.0,0.0
41,25,0,0.0,0.0,0.0
41,26,0,0.0,0.0,0.0
41,27,0,0.0,0.0,0.0
41,28,0,0.0,0.0,0.0
41,29,0,0.0,0.0,0.0
41,30,0,0.0,0.0,0.0
42,1,0,0.0,0.0,0.0
42,2,0,0.0,0.0,0.0
42,3,0,0.0,0.0,0.0
42,4,0,0.0,0.0,0.0
42,5,0,0.0,0.0,0.0
42,6,0,0.0,0.0,0.0
42,7,0,0.0,0.0,0.0
42,8,0,0.0,0.0,0.0
42,9,0,0.0,0.0,0.0
42,10,0,0.0,0.0,0.0
42,11,0,0.0,0.0,0.0
42,12,0,0.0,0.0,0.0
42,13,0,0.0,0.0,0.0
42,14,0,0.0,0.0,0.0
42,15,0,0.0,0.0,0.0
42,16,0,0.0,0.0,0.0
42,17,0,0.0,0.0,0.0
42,18,0,0.0,0.0,0.0
42,19,0,0.0,0.0,0.0
42,20,0,0.0,0.0,0.0
42,21,0,0.0,0.0,0.0
42,22,0,0.0,0.0,0.0
42,23,0,0.0,0.0,0.0
42,24,0,0.0,0.0,0.0
42,25,0,0.0,0.0,0.0
42,26,0,0.0,0.0,0.0
42,27,0,0.0,0.0,0.0
42,28,0,0.0,0.0,0.0
42,29,0,0.0,0.0,0.0
42,30,0,0.0,0.0,0.0
43,1,0,0.0,0.0,0.0
43,2,0,0.0,0.0,0.0
43,3,0,0.0,0.0,0.0
43,4,0,0.0,0.0,0.0
43,5,0,0.0,0.0,0.0
43,6,0,0.0,0.0,0.0
43,7,0,0.0,0.0,0.0
43,8,0,0.0,0.0,0.0
43,9,0,0.0,0.0,0.0
43,10,0,0.0,0.0,0.0
43,11,0,0.0,0.0,0.0
43,12,0,0.0,0.0,0.0
43,13,0,0.0,0.0,0.0
43,14,0,0.0,0.0,0.0
43,15,0,0.0,0.0,0.0
43,16,0,0.0,0.0,0.0
43,17,0,0.0,0.0,0.0
43,18,0,0.0,0.0,0.0
43,19,0,0.0,0.0,0.0
43,20,0,0.0,0.0,0.0
43,21,0,0.0,0.0,0.0
43,22,0,0.0,0.0,0.0
43,23,0,0.0,0.0,0.0
43,24,0,0.0,0.0,0.0
43,25,0,0.0,0.0,0.0
43,26,0,0.0,0.0,0.0
43,27,0,0.0,0.0,0.0
43,28,0,0.0,0.0,0.0
43,29,0,0.0,0.0,0.0
43,30,0,0.0,0.0,0.0
44,1,0,0.0,0.0,0.0
44,2,0,0.0,0.0,0.0
44,3,0,0.0,0.0,0.0
44,4,0,0.0,0.0,0.0
44,5,0,0.0,0.0,0.0
44,6,0,0.0,0.0,0.0
44,7,0,0.0,0.0,0.0
44,8,0,0.0,0.0,0.0
44,9,0,0.0,0.0,0.0
44,10,0,0.0,0.0,0.0
44,11,0,0.0,0.0,0.0
44,12,0,0.0,0.0,0.0
44,13,0,0.0,0.0,0.0
44,14,0,0.0,0.0,0.0
44,15,0,0.0,0.0,0.0
44,16,0,0.0,0.0,0.0
44,17,0,0.0,0.0,0.0
44,18,0,0.0,0.0,0.0
44,19,0,0.0,0.0,0.0
44,20,0,0.0,0.0,0.0
44,21,0,0.0,0.0,0.0
44,22,0,0.0,0.0,0.0
44,23,0,0.0,0.0,0.0
44,24,0,0.0,0.0,0.0
44,25,0,0.0,0.0,0.0
44,26,0,0.0,0.0,0.0
44,27,0,0.0,0.0,0.0
44,28,0,0.0,0.0,0.0
44,29,0,0.0,0.0,0.0
44,30,0,0.0,0.0,0.0
45,1,0,0.0,0.0,0.0
45,2,0,0.0,0.0,0.0
45,3,0,0.0,0.0,0.0
45,4,0,0.0,0.0,0.0
45,5,0,0.0,0.0,0.0
45,6,0,0.0,0.0,0.0
45,7,0,0.0,0.0,0.0
45,8,0,0.0,0.0,0.0
45,9,0,0.0,0.0,0.0
45,10,0,0.0,0.0,0.0
45,11,0,0.0,0.0,0.0
45,12,0,0.0,0.0,0.0
45,13,0,0.0,0.0,0.0
45,14,0,0.0,0.0,0.0
45,15,0,0.0,0.0,0.0
45,16,0,0.0,0.0,0.0
45,17,0,0.0,0.0,0.0
45,18,0,0.0,0.0,0.0
45,19,0,0.0,0.0,0.0
45,20,0,0.0,0.0,0.0
45,21,0,0.0,0.0,0.0
45,22,0,0.0,0.0,0.0
45,23,0,0.0,0.0,0.0
45,24,0,0.0,0.0,0.0
45,25,0,0.0,0.0,0.0
45,26,0,0.0,0.0,0.0
45,27,0,0.0,0.0,0.0
45,28,0,0.0,0.0,0.0
45,29,0,0.0,0.0,0.0
45,30,0,0.0,0.0,0.0
46,1,0,0.0,0.0,0.0
46,2,0,0.0,0.0,0.0
46,3,0,0.0,0.0,0.0
46,4,0,0.0,0.0,0.0
46,5,0,0.0,0.0,0.0
46,6,0,0.0,0.0,0.0
46,7,0,0.0,0.0,0.0
46,8,0,0.0,0.0,0.0
46,9,0,0.0,0.0,0.0
46,10,0,0.0,0.0,0.0
46,11,0,0.0,0.0,0.0
46,12,0,0.0,0.0,0.0
46,13,0,0.0,0.0,0.0
46,14,0,0.0,0.0,0.0
46,15,0,0.0,0.0,0.0
46,16,0,0.0,0.0,0.0
46,17,0,0.0,0.0,0.0
46,18,0,0.0,0.0,0.0
46,19,0,0.0,0.0,0.0
46,20,0,0.0,0.0,0.0
46,21,0,0.0,0.0,0.0
46,22,0,0.0,0.0,0.0
46,23,0,0.0,0.0,0.0
46,24,0,0.0,0.0,0.0
46,25,0,0.0,0.0,0.0
46,26,0,0.0,0.0,0.0
46,27,0,0.0,0.0,0.0
46,28,0,0.0,0.0,0.0
46,29,0,0.0,0.0,0.0
46,30,0,0.0,0.0,0.0
47,1,0,0.0,0.0,0.0
47,2,0,0.0,0.0,0.0
47,3,0,0.0,0.0,0.0
47,4,0,0.0,0.0,0.0
47,5,0,0.0,0.0,0.0
47,6,0,0.0,0.0,0.0
47,7,0,0.0,0.0,0.0
47,8,0,0.0,0.0,0.0
47,9,0,0.0,0.0,0.0
47,10,0,0.0,0.0,0.0
47,11,0,0.0,0.0,0.0
47,12,0,0.0,0.0,0.0
47,13,0,0.0,0.0,0.0
47,14,0,0.0,0.0,0.0
47,15,0,0.0,0.0,0.0
47,16,0,0.0,0.0,0.0
47,17,0,0.0,0.0,0.0
47,18,0,0.0,0.0,0.0
47,19,0,0.0,0.0,0.0
47,20,0,0.0,0.0,0.0
47,21,0,0.0,0.0,0.0
47,22,0,0.0,0.0,0.0
47,23,0,0.0,0.0,0.0
47,24,0,0.0,0.0,0.0
47,25,0,0.0,0.0,0.0
47,26,0,0.0,0.0,0.0
47,27,0,0.0,0.0,0.0
47,28,0,0.0,0.0,0.0
47,29,0,0.0,0.0,0.0
47,30,0,0.0,0.0,0.0
48,1,0,0.0,0.0,0.0
48,2,0,0.0,0.0,0.0
48,3,0,0.0,0.0,0.0
48,4,0,0.0,0.0,0.0
48,5,0,0.0,0.0,0.0
48,6,0,0.0,0.0,0.0
48,7,0,0.0,0.0,0.0
48,8,0,0.0,0.0,0.0
48,9,0,0.0,0.0,0.0
48,10,0,0.0,0.0,0.0
48,11,0,0.0,0.0,0.0
48,12,0,0.0,0.0,0.0
48,13,0,0.0,0.0,0.0
48,14,0,0.0,0.0,0.0
48,15,0,0.0,0.0,0.0
48,16,0,0.0,0.0,0.0
48,17,0,0.0,0.0,0.0
48,18,0,0.0,0.0,0.0
48,19,0,0.0,0.0,0.0
48,20,0,0.0,0.0,0.0
48,21,0,0.0,0.0,0.0
48,22,0,0.0,0.0,0.0
48,23,0,0.0,0.0,0.0
48,24,0,0.0,0.0,0.0
48,25,0,0.0,0.0,0.0
48,26,0,0.0,0.0,0.0
48,27,0,0.0,0.0,0.0
48,28,0,0.0,0.0,0.0
48,29,0,0.0,0.0,0.0
48,30,0,0.0,0.0,0.0
49,1,0,0.0,0.0,0.0
49,2,0,0.0,0.0,0.0
49,3,0,0.0,0.0,0.0
49,4,0,0.0,0.0,0.0
49,5,0,0.0,0.0,0.0
49,6,0,0.0,0.0,0.0
49,7,0,0.0,0.0,0.0
49,8,0,0.0,0.0,0.0
49,9,0,0.0,0.0,0.0
49,10,0,0.0,0.0,0.0
49,11,0,0.0,0.0,0.0
49,12,0,0.0,0.0,0.0
49,13,0,0.0,0.0,0.0
49,14,0,0.0,0.0,0.0
49,15,0,0.0,0.0,0.0
49,16,0,0.0,0.0,0.0
49,17,0,0.0,0.0,0.0
49,18,0,0.0,0.0,0.0
49,19,0,0.0,0.0,0.0
49,20,0,0.0,0.0,0.0
49,21,0,0.0,0.0,0.0
49,22,0,0.0,0.0,0.0
49,23,0,0.0,0.0,0.0
49,24,0,0.0,0.0,0.0
49,25,0,0.0,0.0,0.0
49,26,0,0.0,0.0,0.0
49,27,0,0.0,0.0,0.0
49,28,0,0.0,0.0,0.0
49,29,0,0.0,0.0,0.0
49,30,0,0.0,0.0,0.0
50,1,0,0.0,0.0,0.0
50,2,0,0.0,0.0,0.0
50,3,0,0.0,0.0,0.0
50,4,0,0.0,0.0,0.0
50,5,0,0.0,0.0,0.0
50,6,0,0.0,0.0,0.0
50,7,0,0.0,0.0,0.0
50,8,0,0.0,0.0,0.0
50,9,0,0.0,0.0,0.0
50,10,0,0.0,0.0,0.0
50,11,0,0.0,0.0,0.0
50,12,0,0.0,0.0,0.0
50,13,0,0.0,0.0,0.0
50,14,0,0.0,0.0,0.0
50,15,0,0.0,0.0,0.0
50,16,0,0.0,0.0,0.0
50,17,0,0.0,0.0,0.0
50,18,0,0.0,0.0,0.0
50,19,0,0.0,0.0,0.0
50,20,0,0.0,0.0,0.0
50,21,0,0.0,0.0,0.0
50,22,0,0.0,0.0,0.0
50,23,0,0.0,0.0,0.0
50,24,0,0.0,0.0,0.0
50,25,0,0.0,0.0,0.0
50,26,0,0.0,0.0,0.0
50,27,0,0.0,0.0,0.0
50,28,0,0.0,0.0,0.0
50,29,0,0.0,0.0,0.0
50,30,0,0.0,0.0,0.0
