alpha,round,truncated,gain,phi_min,phi_max
0.1,1,0,0.21166827386692383,-0.04566779170684673,0.06101976856316296
0.1,2,0,0.22034715525554482,-0.01988187078109934,0.08352459016393446
0.1,3,0,0.07859209257473482,-0.015344744455159105,0.0469358727097396
0.1,4,0,0.14850530376084864,-0.013539054966248798,0.07243972999035672
0.1,5,0,0.14175506268081006,-0.012620540019286405,0.07724445515911288
0.1,6,0,0.16200578592092574,-0.013606557377049171,0.08345226615236262
0.1,7,0,0.13114754098360648,-0.01203471552555448,0.08231918997107039
0.1,8,0,0.10800385728061712,-0.02063886210221793,0.043068948891031834
0.1,9,0,0.027000964320154308,-0.02603423336547736,0.06796769527483124
0.1,10,0,0.04869816779170688,-0.025672613307618154,0.06383799421407903
0.1,11,0,0.02314368370298936,-0.032172131147540944,0.04108244937319186
0.1,12,0,0.009643201542912205,-0.02642719382835102,0.04929845708775309
0.1,13,0,0.021697203471552462,-0.025851012536162007,0.0530183220829315
0.1,14,0,0.02507232401157189,-0.026839440694310514,0.04815573770491802
0.1,15,0,0.02121504339440694,-0.028840405014464807,0.048396817743490854
0.1,16,0,0.011571841851494735,-0.027070877531340395,0.044754098360655706
0.1,17,1,-0.0014464802314367864,0.0,0.0
0.1,18,0,0.013018322082931522,-0.025723240115718426,0.042557859209257434
0.1,19,0,0.010125361620057838,-0.02841610414657667,0.0325747348119576
0.1,20,0,-0.006268081002892889,-0.023657184185149456,0.03791465766634519
0.1,21,0,-0.005303760848601735,-0.023965766634522673,0.03437078109932494
0.1,22,0,0.013500482160077154,-0.02103423336547734,0.02449132111861137
0.1,23,1,0.0014464802314367864,0.0,0.0
0.1,24,1,-0.0019286403085824189,0.0,0.0
0.1,25,1,-0.0014464802314367864,0.0,0.0
0.1,26,0,0.009643201542912205,-0.021774349083895878,0.03285438765670204
0.1,27,0,-0.012054001928640257,-0.023570395371263254,0.027013018322082936
0.1,28,0,-0.023625843780135103,-0.0237367405978785,0.02553760848601732
0.1,29,0,-0.017839922854387624,-0.020718418514946955,0.025501446480231452
0.1,30,0,-0.00433944069431047,-0.0205424300867888,0.028640308582449373
0.1,31,0,-0.03134040501446478,-0.022512054001928614,0.023659594985535184
0.1,32,0,-0.040983606557376984,-0.02129218900675024,0.023898264223722314
0.1,33,0,-0.01928640308582452,-0.018927193828351032,0.021759884281581498
0.1,34,0,-0.026036644165863043,-0.019418997107039555,0.025793153326904544
0.1,35,0,-0.025554484088717522,-0.018134040501446468,0.02256509161041465
0.1,36,0,-0.021697203471552573,-0.01855110896817744,0.026824975891996138
0.1,37,0,-0.03326904532304731,-0.018777724204435884,0.028731918997107055
0.1,38,0,-0.019768563162970043,-0.026019768563162952,0.02548939247830279
0.1,39,0,-0.034715525554484095,-0.026899710703953715,0.026345226615236285
0.1,40,0,-0.024590163934426146,-0.020988428158148508,0.024286403085824516
0.1,41,0,-0.015429122468659573,-0.025713596914175484,0.026453712632594027
0.1,42,0,-0.039054966248794565,-0.03170925747348122,0.028500482160077126
0.1,43,0,-0.034715525554484095,-0.02411523625843781,0.025224204435872716
0.1,44,0,-0.043394406943105035,-0.023611378977820636,0.02290019286403085
0.1,45,0,-0.03326904532304731,-0.029807135969141772,0.027516875602700122
0.1,46,0,-0.037126325940212146,-0.038968177434908394,0.030130183220829304
0.1,47,0,-0.037126325940212146,-0.03768804243008682,0.02506509161041467
0.1,48,0,-0.025072324011571778,-0.03655737704918032,0.02795805207328838
0.1,49,0,-0.02507232401157189,-0.03434667309546768,0.028789778206364514
0.1,50,0,-0.05110896817743493,-0.02474927675988427,0.02217213114754099
0.5,1,0,0.3919961427193829,-0.013148505303760844,0.0669214079074253
0.5,2,0,0.13018322082931533,-0.022446962391513975,0.060776277724204436
0.5,3,0,0.047733847637415616,-0.02057135969141754,0.04054484088717454
0.5,4,0,0.013500482160077154,-0.022543394406943088,0.052550626808100284
0.5,5,0,0.02314368370298936,-0.013404050144648016,0.03780617164898751
0.5,6,0,-0.022661523625843838,-0.02730472516875604,0.02680568948891033
0.5,7,0,-0.01928640308582441,-0.025050626808100298,0.022331243972999033
0.5,8,1,0.0024108003857280513,0.0,0.0
0.5,9,0,-0.010125361620057838,-0.024250241080038572,0.020694310511089692
0.5,10,0,-0.025554484088717522,-0.021014946962391538,0.02835101253616203
0.5,11,0,-0.004821600771456103,-0.015969141755062703,0.026460945033751203
0.5,12,0,-0.02941176470588225,-0.028126808100289273,0.028681292189006762
0.5,13,0,-0.01494696239151394,-0.030530376084860193,0.025142237222757942
0.5,14,0,-0.016393442622950838,-0.028625843780135017,0.022536162005785912
0.5,15,1,0.00048216007714563247,0.0,0.0
0.5,16,0,-0.012054001928640257,-0.02849324975891996,0.02295081967213114
0.5,17,1,0.0019286403085824189,0.0,0.0
0.5,18,0,-0.011089681774349103,-0.029701060752169727,0.025016875602700103
0.5,19,1,0.0024108003857280513,0.0,0.0
0.5,20,1,-0.0019286403085824189,0.0,0.0
0.5,21,1,0.0014464802314367864,0.0,0.0
0.5,22,0,0.00433944069431047,-0.01879701060752171,0.021169238187078113
0.5,23,0,-0.005303760848601735,-0.023148505303760843,0.013606557377049177
0.5,24,0,-0.004339440694310581,-0.024028447444551588,0.015445998071359702
0.5,25,0,-0.005785920925747257,-0.026598360655737716,0.012832690453230489
0.5,26,0,-0.0038572806171648377,-0.022051591128254586,0.016405496624879473
0.5,27,1,-0.00048216007714563247,0.0,0.0
0.5,28,1,0.00048216007714563247,0.0,0.0
0.5,29,1,-0.002892960462873684,0.0,0.0
0.5,30,0,0.0077145612343297865,-0.01790983606557378,0.017688042430086776
0.5,31,1,0.0014464802314368974,0.0,0.0
0.5,32,0,-0.005303760848601735,-0.023917550626808115,0.014230954676952758
0.5,33,1,0.00048216007714563247,0.0,0.0
0.5,34,0,0.009161041465766684,-0.018833172613307636,0.017830279652844762
0.5,35,1,0.00048216007714563247,0.0,0.0
0.5,36,0,-0.007232401157184265,-0.02211909353905496,0.013563162970106074
0.5,37,0,-0.004821600771456214,-0.02101253616200579,0.015053037608486013
0.5,38,0,-0.007232401157184265,-0.020426711668273846,0.010443587270973956
0.5,39,1,-0.0019286403085825299,0.0,0.0
0.5,40,0,-0.00433944069431047,-0.02099083895853423,0.015359209257473484
0.5,41,1,-0.0033751205400192053,0.0,0.0
0.5,42,1,0.0024108003857280513,0.0,0.0
0.5,43,1,0.0033751205400193163,0.0,0.0
0.5,44,1,-0.0009643201542912649,0.0,0.0
0.5,45,0,-0.005785920925747368,-0.02047733847637416,0.009281581485053045
0.5,46,1,0.00048216007714563247,0.0,0.0
0.5,47,1,0.0,0.0,0.0
0.5,48,0,0.004821600771456103,-0.017697685631629705,0.014108003857280615
0.5,49,0,-0.004821600771456103,-0.01620781099324975,0.013264223722275788
0.5,50,0,-0.0077145612343297865,-0.01861861137897781,0.009532304725168748
1.0,1,0,0.3264223722275796,-0.01709016393442624,0.04086306653809063
1.0,2,0,0.03519768563162973,-0.035819672131147555,0.03727338476374158
1.0,3,0,0.07039537126325945,-0.020694310511089695,0.03173818707810995
1.0,4,0,0.004821600771456103,-0.023387174541947924,0.030135004821600773
1.0,5,0,-0.018322082931533257,-0.02657907425265189,0.028669238187078134
1.0,6,0,-0.007232401157184154,-0.03182256509161041,0.028512536162005792
1.0,7,0,-0.012536162005785889,-0.029221311475409857,0.02863066538090646
1.0,8,0,-0.02121504339440694,-0.03905737704918032,0.032485535197685614
1.0,9,0,-0.04001928640308583,-0.03943828351012534,0.023825940212150426
1.0,10,0,-0.045323047251687565,-0.03595467695274833,0.028305207328833175
1.0,11,0,-0.047251687560269984,-0.031060752169720318,0.023102700096432036
1.0,12,0,0.03760848601735778,-0.03969382835101255,0.022437319189971074
1.0,13,0,-0.04869816779170688,-0.03664416586306653,0.023006268081002902
1.0,14,0,-0.06075216972034714,-0.040706364513018296,0.02164416586306654
1.0,15,0,-0.06894889103182256,-0.040185631629701124,0.02529652844744459
1.0,16,1,0.0019286403085824189,0.0,0.0
1.0,17,0,-0.02121504339440694,-0.03622227579556413,0.022538572806171647
1.0,18,0,0.02507232401157189,-0.033666827386692445,0.025359209257473474
1.0,19,0,-0.0665380906460945,-0.03993008678881385,0.019963837994214077
1.0,20,0,0.024108003857280624,-0.025940212150433937,0.018502892960462865
1.0,21,0,-0.026518804243008676,-0.03241562198649954,0.019664898746383785
1.0,22,0,-0.013018322082931522,-0.02956605593056892,0.020482160077145636
1.0,23,0,-0.06509161041465772,-0.03788331726133077,0.019132111861137908
1.0,24,0,0.023625843780135103,-0.026364513018322076,0.02136933461909353
1.0,25,0,-0.017357762777241992,-0.03019768563162971,0.01648505303760849
1.0,26,0,-0.0380906460945033,-0.03453953712632598,0.022374638379942167
1.0,27,0,0.012536162005785889,-0.026282545805207322,0.013833172613307607
1.0,28,0,-0.016393442622950838,-0.03527965284474444,0.01633558341369335
1.0,29,0,-0.018322082931533257,-0.029971070395371276,0.019722757955641258
1.0,30,1,0.0019286403085824189,0.0,0.0
1.0,31,1,0.0009643201542912649,0.0,0.0
1.0,32,0,0.0077145612343297865,-0.024816779170684675,0.01177434908389585
1.0,33,0,-0.00867888138862094,-0.025754580520732907,0.01765670202507232
1.0,34,0,-0.0038572806171649487,-0.022839922854387677,0.010769045323047245
1.0,35,1,0.0024108003857281624,0.0,0.0
1.0,36,1,0.00048216007714552145,0.0,0.0
1.0,37,1,0.0014464802314368974,0.0,0.0
1.0,38,1,-0.0019286403085824189,0.0,0.0
1.0,39,0,0.0067502410800385215,-0.019170684667309548,0.009918032786885241
1.0,40,0,-0.0067502410800386325,-0.018517357762777246,0.00836547733847637
1.0,41,0,-0.005303760848601735,-0.019811957569913198,0.009404532304725174
1.0,42,0,0.008196721311475419,-0.017070877531340404,0.010626808100289301
1.0,43,0,-0.005785920925747368,-0.018404050144648014,0.011793635486981681
1.0,44,1,-0.00048216007714563247,0.0,0.0
1.0,45,0,-0.004821600771456103,-0.01983365477338476,0.008770491803278697
1.0,46,0,0.006268081002893,-0.013953712632594022,0.0065549662487945975
1.0,47,0,0.005303760848601735,-0.013681292189006761,0.00835824493731919
1.0,48,0,-0.01060752169720347,-0.017726615236258427,0.009725168756027011
1.0,49,1,0.0019286403085824189,0.0,0.0
1.0,50,1,0.00048216007714563247,0.0,0.0
