round,n_clients,jain_index,truncated
1,30,0.8158847457769988,0
2,30,0.8287542632346575,0
3,30,0.7528350393822493,0
4,30,0.900019005765839,0
5,30,0.8589108881827983,0
6,30,0.9141575267483129,0
7,30,0.8292217871976314,0
8,30,0.8160014681221321,0
9,30,0.8452403186051416,0
10,30,0.9115679087350446,0
11,30,0.8793131511312817,0
12,30,0.8899580403134486,0
13,30,0.8803587523034944,0
14,30,0.8384126371366942,0
15,30,0.8745388814870334,0
16,30,0.9896063041654507,1
17,30,0.9182605784206489,0
18,30,0.911828391325103,0
19,30,0.9428239980899497,0
20,30,0.9896063041654507,1
21,30,0.8924662969136462,0
22,30,0.9896063041654507,1
23,30,0.9896063041654507,1
24,30,0.9536547551564993,0
25,30,0.9896063041654507,1
26,30,0.9896063041654507,1
27,30,0.9896063041654507,1
28,30,0.9896063041654507,1
29,30,0.9896063041654507,1
30,30,0.9640474285717848,0
31,30,0.9762254138421554,0
32,30,0.9896063041654507,1
33,30,0.9896063041654507,1
34,30,0.9896063041654507,1
35,30,0.9896063041654507,1
36,30,0.9896063041654507,1
37,30,0.9896063041654507,1
38,30,0.9896063041654507,1
39,30,0.9896063041654507,1
40,30,0.9896063041654507,1
41,30,0.9769055522019549,0
42,30,0.9896063041654507,1
43,30,0.9818701731385572,0
44,30,0.9896063041654507,1
45,30,0.9896063041654507,1
46,30,0.9896063041654507,1
47,30,0.9896063041654507,1
48,30,0.9896063041654507,1
49,30,0.9896063041654507,1
50,30,0.9896063041654507,1
