round,client_id,shapley_value,model_accuracy
1,1,0.03033992285438767,0.5139826422372228
1,2,0.022502410800385723,0.5139826422372228
1,3,0.010055448408871742,0.5139826422372228
1,4,0.014983124397299903,0.5139826422372228
1,5,0.019293635486981705,0.5139826422372228
1,6,0.009893924783027969,0.5139826422372228
1,7,0.01811475409836066,0.5139826422372228
1,8,0.008985053037608487,0.5139826422372228
1,9,0.0029918032786885214,0.5139826422372228
1,10,0.00202266152362584,0.5139826422372228
1,11,0.018310028929604618,0.5139826422372228
1,12,0.006868370298939248,0.5139826422372228
1,13,0.013649951783992283,0.5139826422372228
1,14,0.008078592092574733,0.5139826422372228
1,15,0.012625361620057866,0.5139826422372228
1,16,0.015687078109932487,0.5139826422372228
1,17,0.018818707810993252,0.5139826422372228
1,18,0.013958534233365478,0.5139826422372228
1,19,0.012384281581485055,0.5139826422372228
1,20,0.015875120540019282,0.5139826422372228
1,21,0.017058823529411755,0.5139826422372228
1,22,-0.004153809064609449,0.5139826422372228
1,23,0.008662005785920922,0.5139826422372228
1,24,0.013804243008678876,0.5139826422372228
1,25,0.026581485053037625,0.5139826422372228
1,26,0.020291706846673082,0.5139826422372228
1,27,0.009816779170684669,0.5139826422372228
1,28,0.012181774349083893,0.5139826422372228
1,29,0.01331243972999036,0.5139826422372228
1,30,0.008792189006750245,0.5139826422372228
2,1,0.011128254580520743,0.5385728061716489
2,2,0.008196721311475396,0.5385728061716489
2,3,-0.00633076181292189,0.5385728061716489
2,4,0.0016730954676952745,0.5385728061716489
2,5,0.0005424300867888139,0.5385728061716489
2,6,0.0004556412729026005,0.5385728061716489
2,7,-0.00013982642237222897,0.5385728061716489
2,8,0.003495660559305688,0.5385728061716489
2,9,-0.018387174541947923,0.5385728061716489
2,10,0.0052434908389585345,0.5385728061716489
2,11,-0.012157666345226619,0.5385728061716489
2,12,-0.003787367405978787,0.5385728061716489
2,13,-0.01464079074252652,0.5385728061716489
2,14,0.01270491803278688,0.5385728061716489
2,15,-0.006834619093539058,0.5385728061716489
2,16,0.004640790742526523,0.5385728061716489
2,17,0.012107039537126336,0.5385728061716489
2,18,0.009708293153326903,0.5385728061716489
2,19,0.0019045323047251694,0.5385728061716489
2,20,-0.0005713596914175519,0.5385728061716489
2,21,-0.0024252651880424286,0.5385728061716489
2,22,-0.009701060752169722,0.5385728061716489
2,23,0.006673095467695274,0.5385728061716489
2,24,0.006395853423336545,0.5385728061716489
2,25,-0.002321600771456123,0.5385728061716489
2,26,0.012753134040501444,0.5385728061716489
2,27,0.004527483124397293,0.5385728061716489
2,28,0.0011523625843780107,0.5385728061716489
2,29,-0.0005785920925747322,0.5385728061716489
2,30,-0.0013572806171648997,0.5385728061716489
3,1,0.01804484088717453,0.6200578592092575
3,2,0.011019768563162958,0.6200578592092575
3,3,-0.009286403085824495,0.6200578592092575
3,4,0.0017912246865959547,0.6200578592092575
3,5,0.0032883317261330767,0.6200578592092575
3,6,-0.0013428158148505265,0.6200578592092575
3,7,-0.007982160077145608,0.6200578592092575
3,8,0.004045323047251698,0.6200578592092575
3,9,0.006723722275795557,0.6200578592092575
3,10,0.004228543876567026,0.6200578592092575
3,11,0.008027965284474452,0.6200578592092575
3,12,-0.01503857280617164,0.6200578592092575
3,13,-0.015826904532304738,0.6200578592092575
3,14,0.012319189971070397,0.6200578592092575
3,15,0.010617164898746381,0.6200578592092575
3,16,0.0016465766634522698,0.6200578592092575
3,17,0.021405496624879443,0.6200578592092575
3,18,0.012567502410800391,0.6200578592092575
3,19,-0.0011282545805207328,0.6200578592092575
3,20,-0.002615718418514947,0.6200578592092575
3,21,0.002606075216972034,0.6200578592092575
3,22,-0.0034932497589199576,0.6200578592092575
3,23,-0.011012536162005787,0.6200578592092575
3,24,0.0031123432979749286,0.6200578592092575
3,25,-0.0090887174541948,0.6200578592092575
3,26,0.007403567984570881,0.6200578592092575
3,27,0.011670684667309543,0.6200578592092575
3,28,0.005826904532304733,0.6200578592092575
3,29,0.005303760848601735,0.6200578592092575
3,30,0.005653326904532299,0.6200578592092575
4,1,0.0027049180327868845,0.7092574734811957
4,2,0.006104146576663451,0.7092574734811957
4,3,-0.001347637415621988,0.7092574734811957
4,4,0.0037270973963355867,0.7092574734811957
4,5,-0.006063162970106082,0.7092574734811957
4,6,0.001521215043394405,0.7092574734811957
4,7,0.003688524590163938,0.7092574734811957
4,8,0.005342333654773385,0.7092574734811957
4,9,0.006159594985535195,0.7092574734811957
4,10,-0.004206846673095465,0.7092574734811957
4,11,0.01312921890067502,0.7092574734811957
4,12,-0.01043153326904533,0.7092574734811957
4,13,-0.0029556412729025987,0.7092574734811957
4,14,0.0156702025072324,0.7092574734811957
4,15,-0.0011981677917068487,0.7092574734811957
4,16,0.014117647058823537,0.7092574734811957
4,17,0.0032931533269045378,0.7092574734811957
4,18,-0.004250241080038576,0.7092574734811957
4,19,0.009949373191899709,0.7092574734811957
4,20,-0.0005785920925747372,0.7092574734811957
4,21,0.001417550626808098,0.7092574734811957
4,22,-0.00022902603664416637,0.7092574734811957
4,23,0.0002386692381870789,0.7092574734811957
4,24,0.0048891031822565125,0.7092574734811957
4,25,0.006405496624879463,0.7092574734811957
4,26,0.006084860173577625,0.7092574734811957
4,27,0.004098360655737703,0.7092574734811957
4,28,0.006388621022179364,0.7092574734811957
4,29,0.005248312439729988,0.7092574734811957
4,30,-0.00012536162005785667,0.7092574734811957
5,1,-0.0049493731918997105,0.7420443587270974
5,2,0.004363548698167796,0.7420443587270974
5,3,0.0008992285438765683,0.7420443587270974
5,4,0.0031123432979749265,0.7420443587270974
5,5,-0.0003423336547733777,0.7420443587270974
5,6,-0.004488910318225649,0.7420443587270974
5,7,-0.0014199614271938308,0.7420443587270974
5,8,0.003319672131147546,0.7420443587270974
5,9,0.010320636451301832,0.7420443587270974
5,10,0.001988910318225655,0.7420443587270974
5,11,0.002324011571841857,0.7420443587270974
5,12,-0.007427675988428155,0.7420443587270974
5,13,-0.01040983606557377,0.7420443587270974
5,14,-0.0021118611378977835,0.7420443587270974
5,15,0.007524108003857279,0.7420443587270974
5,16,0.004334619093539056,0.7420443587270974
5,17,0.00538572806171649,0.7420443587270974
5,18,-0.005231436837029898,0.7420443587270974
5,19,0.0032618129218900714,0.7420443587270974
5,20,-0.0024204435872709727,0.7420443587270974
5,21,0.0033341369334619147,0.7420443587270974
5,22,0.0029604628736740646,0.7420443587270974
5,23,-0.0023746383799421425,0.7420443587270974
5,24,0.0065043394406943105,0.7420443587270974
5,25,-0.014611861137897784,0.7420443587270974
5,26,0.01813886210221793,0.7420443587270974
5,27,0.006458534233365477,0.7420443587270974
5,28,-0.000515911282545806,0.7420443587270974
5,29,-0.0006822565091610373,0.7420443587270974
5,30,0.0045612343297974966,0.7420443587270974
6,1,-0.0022782063645130136,0.7642237222757956
6,2,-0.00012054001928640405,0.7642237222757956
6,3,0.0026350048216007725,0.7642237222757956
6,4,0.000163934426229508,0.7642237222757956
6,5,-0.0016634522661523648,0.7642237222757956
6,6,-0.011988910318225656,0.7642237222757956
6,7,-0.003739151398264218,0.7642237222757956
6,8,0.0034016393442622924,0.7642237222757956
6,9,0.008599324975891989,0.7642237222757956
6,10,0.0015887174541947947,0.7642237222757956
6,11,0.0049421407907425255,0.7642237222757956
6,12,0.0008871745419479226,0.7642237222757956
6,13,-0.000499035679845704,0.7642237222757956
6,14,-0.0005713596914175455,0.7642237222757956
6,15,0.002242044358727093,0.7642237222757956
6,16,0.0016562198649951812,0.7642237222757956
6,17,0.0016128254580520713,0.7642237222757956
6,18,-0.008529411764705879,0.7642237222757956
6,19,0.000527965284474441,0.7642237222757956
6,20,-0.0006943105110896824,0.7642237222757956
6,21,-0.0031653809064609443,0.7642237222757956
6,22,0.009257473481195757,0.7642237222757956
6,23,-0.00033992285438765263,0.7642237222757956
6,24,0.010151880424300864,0.7642237222757956
6,25,0.0007569913211186083,0.7642237222757956
6,26,0.008064127290260372,0.7642237222757956
6,27,-0.002726615236258439,0.7642237222757956
6,28,-0.0027217936354869796,0.7642237222757956
6,29,0.004163452266152359,0.7642237222757956
6,30,0.0005665380906460959,0.7642237222757956
7,1,0.0,0.7695274831243973
7,2,0.0,0.7695274831243973
7,3,0.0,0.7695274831243973
7,4,0.0,0.7695274831243973
7,5,0.0,0.7695274831243973
7,6,0.0,0.7695274831243973
7,7,0.0,0.7695274831243973
7,8,0.0,0.7695274831243973
7,9,0.0,0.7695274831243973
7,10,0.0,0.7695274831243973
7,11,0.0,0.7695274831243973
7,12,0.0,0.7695274831243973
7,13,0.0,0.7695274831243973
7,14,0.0,0.7695274831243973
7,15,0.0,0.7695274831243973
7,16,0.0,0.7695274831243973
7,17,0.0,0.7695274831243973
7,18,0.0,0.7695274831243973
7,19,0.0,0.7695274831243973
7,20,0.0,0.7695274831243973
7,21,0.0,0.7695274831243973
7,22,0.0,0.7695274831243973
7,23,0.0,0.7695274831243973
7,24,0.0,0.7695274831243973
7,25,0.0,0.7695274831243973
7,26,0.0,0.7695274831243973
7,27,0.0,0.7695274831243973
7,28,0.0,0.7695274831243973
7,29,0.0,0.7695274831243973
7,30,0.0,0.7695274831243973
8,1,-0.0017502410800385735,0.813404050144648
8,2,-0.0030737704918032778,0.813404050144648
8,3,0.005207328833172611,0.813404050144648
8,4,-0.0048601735776277796,0.813404050144648
8,5,-0.004809546769527482,0.813404050144648
8,6,-0.010125361620057862,0.813404050144648
8,7,-0.002555448408871754,0.813404050144648
8,8,-0.003112343297974928,0.813404050144648
8,9,-0.002338476374156223,0.813404050144648
8,10,0.01010607521697203,0.813404050144648
8,11,0.005609932497589204,0.813404050144648
8,12,-0.004532304725168756,0.813404050144648
8,13,-0.00535679845708775,0.813404050144648
8,14,0.012446962391513975,0.813404050144648
8,15,-0.0014151398264223723,0.813404050144648
8,16,-0.008365477338476379,0.813404050144648
8,17,0.015009643201542903,0.813404050144648
8,18,0.0034064609450337523,0.813404050144648
8,19,0.0035824493731919007,0.813404050144648
8,20,-0.00023625843780135207,0.813404050144648
8,21,0.012878495660559297,0.813404050144648
8,22,-0.0055038572806171615,0.813404050144648
8,23,0.0024734811957569896,0.813404050144648
8,24,0.00804484088717454,0.813404050144648
8,25,0.0005496624879459878,0.813404050144648
8,26,0.007227579556412741,0.813404050144648
8,27,0.008676470588235301,0.813404050144648
8,28,0.006894889103182254,0.813404050144648
8,29,0.001827386692381873,0.813404050144648
8,30,-0.001745419479267122,0.813404050144648
9,1,0.0,0.7974927675988428
9,2,0.0,0.7974927675988428
9,3,0.0,0.7974927675988428
9,4,0.0,0.7974927675988428
9,5,0.0,0.7974927675988428
9,6,0.0,0.7974927675988428
9,7,0.0,0.7974927675988428
9,8,0.0,0.7974927675988428
9,9,0.0,0.7974927675988428
9,10,0.0,0.7974927675988428
9,11,0.0,0.7974927675988428
9,12,0.0,0.7974927675988428
9,13,0.0,0.7974927675988428
9,14,0.0,0.7974927675988428
9,15,0.0,0.7974927675988428
9,16,0.0,0.7974927675988428
9,17,0.0,0.7974927675988428
9,18,0.0,0.7974927675988428
9,19,0.0,0.7974927675988428
9,20,0.0,0.7974927675988428
9,21,0.0,0.7974927675988428
9,22,0.0,0.7974927675988428
9,23,0.0,0.7974927675988428
9,24,0.0,0.7974927675988428
9,25,0.0,0.7974927675988428
9,26,0.0,0.7974927675988428
9,27,0.0,0.7974927675988428
9,28,0.0,0.7974927675988428
9,29,0.0,0.7974927675988428
9,30,0.0,0.7974927675988428
10,1,0.005108486017357764,0.8326904532304725
10,2,-0.001427193828351009,0.8326904532304725
10,3,0.003097878495660557,0.8326904532304725
10,4,-0.002222757955641273,0.8326904532304725
10,5,-0.005424300867888138,0.8326904532304725
10,6,0.00406943105110897,0.8326904532304725
10,7,0.0029604628736740572,0.8326904532304725
10,8,0.0011427193828351017,0.8326904532304725
10,9,0.00844985535197686,0.8326904532304725
10,10,0.004023625843780139,0.8326904532304725
10,11,0.004317743490838961,0.8326904532304725
10,12,-0.006104146576663456,0.8326904532304725
10,13,0.004766152362584378,0.8326904532304725
10,14,-0.015424300867888128,0.8326904532304725
10,15,-0.0021600771456123445,0.8326904532304725
10,16,0.0012270973963355854,0.8326904532304725
10,17,0.0013404050144648003,0.8326904532304725
10,18,0.00015188042430086646,0.8326904532304725
10,19,0.008317261330761811,0.8326904532304725
10,20,0.004076663452266148,0.8326904532304725
10,21,0.006634522661523631,0.8326904532304725
10,22,-0.0012487945998071331,0.8326904532304725
10,23,0.003013500482160077,0.8326904532304725
10,24,0.0029942140790742556,0.8326904532304725
10,25,-0.0022999035679845724,0.8326904532304725
10,26,0.0004339440694310539,0.8326904532304725
10,27,0.0031485053037608466,0.8326904532304725
10,28,0.006808100289296043,0.8326904532304725
10,29,-0.0011692381870781073,0.8326904532304725
10,30,-0.003565573770491799,0.8326904532304725
11,1,0.0,0.8326904532304725
11,2,0.0,0.8326904532304725
11,3,0.0,0.8326904532304725
11,4,0.0,0.8326904532304725
11,5,0.0,0.8326904532304725
11,6,0.0,0.8326904532304725
11,7,0.0,0.8326904532304725
11,8,0.0,0.8326904532304725
11,9,0.0,0.8326904532304725
11,10,0.0,0.8326904532304725
11,11,0.0,0.8326904532304725
11,12,0.0,0.8326904532304725
11,13,0.0,0.8326904532304725
11,14,0.0,0.8326904532304725
11,15,0.0,0.8326904532304725
11,16,0.0,0.8326904532304725
11,17,0.0,0.8326904532304725
11,18,0.0,0.8326904532304725
11,19,0.0,0.8326904532304725
11,20,0.0,0.8326904532304725
11,21,0.0,0.8326904532304725
11,22,0.0,0.8326904532304725
11,23,0.0,0.8326904532304725
11,24,0.0,0.8326904532304725
11,25,0.0,0.8326904532304725
11,26,0.0,0.8326904532304725
11,27,0.0,0.8326904532304725
11,28,0.0,0.8326904532304725
11,29,0.0,0.8326904532304725
11,30,0.0,0.8326904532304725
12,1,0.0,0.8326904532304725
12,2,0.0,0.8326904532304725
12,3,0.0,0.8326904532304725
12,4,0.0,0.8326904532304725
12,5,0.0,0.8326904532304725
12,6,0.0,0.8326904532304725
12,7,0.0,0.8326904532304725
12,8,0.0,0.8326904532304725
12,9,0.0,0.8326904532304725
12,10,0.0,0.8326904532304725
12,11,0.0,0.8326904532304725
12,12,0.0,0.8326904532304725
12,13,0.0,0.8326904532304725
12,14,0.0,0.8326904532304725
12,15,0.0,0.8326904532304725
12,16,0.0,0.8326904532304725
12,17,0.0,0.8326904532304725
12,18,0.0,0.8326904532304725
12,19,0.0,0.8326904532304725
12,20,0.0,0.8326904532304725
12,21,0.0,0.8326904532304725
12,22,0.0,0.8326904532304725
12,23,0.0,0.8326904532304725
12,24,0.0,0.8326904532304725
12,25,0.0,0.8326904532304725
12,26,0.0,0.8326904532304725
12,27,0.0,0.8326904532304725
12,28,0.0,0.8326904532304725
12,29,0.0,0.8326904532304725
12,30,0.0,0.8326904532304725
13,1,0.0,0.8355834136933462
13,2,0.0,0.8355834136933462
13,3,0.0,0.8355834136933462
13,4,0.0,0.8355834136933462
13,5,0.0,0.8355834136933462
13,6,0.0,0.8355834136933462
13,7,0.0,0.8355834136933462
13,8,0.0,0.8355834136933462
13,9,0.0,0.8355834136933462
13,10,0.0,0.8355834136933462
13,11,0.0,0.8355834136933462
13,12,0.0,0.8355834136933462
13,13,0.0,0.8355834136933462
13,14,0.0,0.8355834136933462
13,15,0.0,0.8355834136933462
13,16,0.0,0.8355834136933462
13,17,0.0,0.8355834136933462
13,18,0.0,0.8355834136933462
13,19,0.0,0.8355834136933462
13,20,0.0,0.8355834136933462
13,21,0.0,0.8355834136933462
13,22,0.0,0.8355834136933462
13,23,0.0,0.8355834136933462
13,24,0.0,0.8355834136933462
13,25,0.0,0.8355834136933462
13,26,0.0,0.8355834136933462
13,27,0.0,0.8355834136933462
13,28,0.0,0.8355834136933462
13,29,0.0,0.8355834136933462
13,30,0.0,0.8355834136933462
14,1,0.0,0.8220829315332691
14,2,0.0,0.8220829315332691
14,3,0.0,0.8220829315332691
14,4,0.0,0.8220829315332691
14,5,0.0,0.8220829315332691
14,6,0.0,0.8220829315332691
14,7,0.0,0.8220829315332691
14,8,0.0,0.8220829315332691
14,9,0.0,0.8220829315332691
14,10,0.0,0.8220829315332691
14,11,0.0,0.8220829315332691
14,12,0.0,0.8220829315332691
14,13,0.0,0.8220829315332691
14,14,0.0,0.8220829315332691
14,15,0.0,0.8220829315332691
14,16,0.0,0.8220829315332691
14,17,0.0,0.8220829315332691
14,18,0.0,0.8220829315332691
14,19,0.0,0.8220829315332691
14,20,0.0,0.8220829315332691
14,21,0.0,0.8220829315332691
14,22,0.0,0.8220829315332691
14,23,0.0,0.8220829315332691
14,24,0.0,0.8220829315332691
14,25,0.0,0.8220829315332691
14,26,0.0,0.8220829315332691
14,27,0.0,0.8220829315332691
14,28,0.0,0.8220829315332691
14,29,0.0,0.8220829315332691
14,30,0.0,0.8220829315332691
15,1,0.0005520732883317205,0.8514946962391514
15,2,0.0021841851494696276,0.8514946962391514
15,3,0.0015621986499517872,0.8514946962391514
15,4,-0.0013645130183220875,0.8514946962391514
15,5,-0.0025650916104146557,0.8514946962391514
15,6,-0.004908389585342334,0.8514946962391514
15,7,0.0008461909353905474,0.8514946962391514
15,8,-0.0016393442622950761,0.8514946962391514
15,9,0.005094021215043389,0.8514946962391514
15,10,-0.004223722275795559,0.8514946962391514
15,11,0.006694792671166818,0.8514946962391514
15,12,-0.0022324011571841864,0.8514946962391514
15,13,-0.005417068466730955,0.8514946962391514
15,14,-0.004353905496624883,0.8514946962391514
15,15,0.01425988428158148,0.8514946962391514
15,16,0.0022155255544840844,0.8514946962391514
15,17,0.003770491803278693,0.8514946962391514
15,18,-0.014727579556412731,0.8514946962391514
15,19,0.017321600771456124,0.8514946962391514
15,20,0.004968659594985537,0.8514946962391514
15,21,0.00397540983606557,0.8514946962391514
15,22,0.0020877531340405004,0.8514946962391514
15,23,0.0003061716489874613,0.8514946962391514
15,24,-1.4464802314366e-05,0.8514946962391514
15,25,-0.010012054001928637,0.8514946962391514
15,26,0.004604628736740596,0.8514946962391514
15,27,0.007731436837029895,0.8514946962391514
15,28,0.0030713596914175487,0.8514946962391514
15,29,-0.002167309546769527,0.8514946962391514
15,30,0.0011716489874638355,0.8514946962391514
16,1,0.0,0.8563162970106075
16,2,0.0,0.8563162970106075
16,3,0.0,0.8563162970106075
16,4,0.0,0.8563162970106075
16,5,0.0,0.8563162970106075
16,6,0.0,0.8563162970106075
16,7,0.0,0.8563162970106075
16,8,0.0,0.8563162970106075
16,9,0.0,0.8563162970106075
16,10,0.0,0.8563162970106075
16,11,0.0,0.8563162970106075
16,12,0.0,0.8563162970106075
16,13,0.0,0.8563162970106075
16,14,0.0,0.8563162970106075
16,15,0.0,0.8563162970106075
16,16,0.0,0.8563162970106075
16,17,0.0,0.8563162970106075
16,18,0.0,0.8563162970106075
16,19,0.0,0.8563162970106075
16,20,0.0,0.8563162970106075
16,21,0.0,0.8563162970106075
16,22,0.0,0.8563162970106075
16,23,0.0,0.8563162970106075
16,24,0.0,0.8563162970106075
16,25,0.0,0.8563162970106075
16,26,0.0,0.8563162970106075
16,27,0.0,0.8563162970106075
16,28,0.0,0.8563162970106075
16,29,0.0,0.8563162970106075
16,30,0.0,0.8563162970106075
17,1,0.0018394406943105116,0.817261330761813
17,2,-0.0005713596914175524,0.817261330761813
17,3,0.001123432979749278,0.817261330761813
17,4,0.002446962391513985,0.817261330761813
17,5,-7.955641272902379e-05,0.817261330761813
17,6,-0.0020877531340405034,0.817261330761813
17,7,0.0020274831243973,0.817261330761813
17,8,-0.0056292189006750286,0.817261330761813
17,9,0.004426229508196724,0.817261330761813
17,10,0.0003809064609450371,0.817261330761813
17,11,0.0029459980713596907,0.817261330761813
17,12,-0.0028567984570877533,0.817261330761813
17,13,-0.008432979749276752,0.817261330761813
17,14,0.0018804243008678824,0.817261330761813
17,15,0.004742044358727097,0.817261330761813
17,16,-0.0005086788813886227,0.817261330761813
17,17,-0.00543153326904532,0.817261330761813
17,18,-0.018527000964320153,0.817261330761813
17,19,0.003271456123432975,0.817261330761813
17,20,0.0043563162970106165,0.817261330761813
17,21,0.0022999035679845676,0.817261330761813
17,22,-0.00015429122468659315,0.817261330761813
17,23,-0.0057762777242044445,0.817261330761813
17,24,-0.00595467695274831,0.817261330761813
17,25,-0.012902603664416592,0.817261330761813
17,26,0.00010125361620058198,0.817261330761813
17,27,-0.002724204435872712,0.817261330761813
17,28,-0.0028905496624879443,0.817261330761813
17,29,0.005197685631629702,0.817261330761813
17,30,-0.002319189971070394,0.817261330761813
18,1,0.0,0.837029893924783
18,2,0.0,0.837029893924783
18,3,0.0,0.837029893924783
18,4,0.0,0.837029893924783
18,5,0.0,0.837029893924783
18,6,0.0,0.837029893924783
18,7,0.0,0.837029893924783
18,8,0.0,0.837029893924783
18,9,0.0,0.837029893924783
18,10,0.0,0.837029893924783
18,11,0.0,0.837029893924783
18,12,0.0,0.837029893924783
18,13,0.0,0.837029893924783
18,14,0.0,0.837029893924783
18,15,0.0,0.837029893924783
18,16,0.0,0.837029893924783
18,17,0.0,0.837029893924783
18,18,0.0,0.837029893924783
18,19,0.0,0.837029893924783
18,20,0.0,0.837029893924783
18,21,0.0,0.837029893924783
18,22,0.0,0.837029893924783
18,23,0.0,0.837029893924783
18,24,0.0,0.837029893924783
18,25,0.0,0.837029893924783
18,26,0.0,0.837029893924783
18,27,0.0,0.837029893924783
18,28,0.0,0.837029893924783
18,29,0.0,0.837029893924783
18,30,0.0,0.837029893924783
19,1,0.0,0.8524590163934426
19,2,0.0,0.8524590163934426
19,3,0.0,0.8524590163934426
19,4,0.0,0.8524590163934426
19,5,0.0,0.8524590163934426
19,6,0.0,0.8524590163934426
19,7,0.0,0.8524590163934426
19,8,0.0,0.8524590163934426
19,9,0.0,0.8524590163934426
19,10,0.0,0.8524590163934426
19,11,0.0,0.8524590163934426
19,12,0.0,0.8524590163934426
19,13,0.0,0.8524590163934426
19,14,0.0,0.8524590163934426
19,15,0.0,0.8524590163934426
19,16,0.0,0.8524590163934426
19,17,0.0,0.8524590163934426
19,18,0.0,0.8524590163934426
19,19,0.0,0.8524590163934426
19,20,0.0,0.8524590163934426
19,21,0.0,0.8524590163934426
19,22,0.0,0.8524590163934426
19,23,0.0,0.8524590163934426
19,24,0.0,0.8524590163934426
19,25,0.0,0.8524590163934426
19,26,0.0,0.8524590163934426
19,27,0.0,0.8524590163934426
19,28,0.0,0.8524590163934426
19,29,0.0,0.8524590163934426
19,30,0.0,0.8524590163934426
20,1,0.0,0.8683702989392478
20,2,0.0,0.8683702989392478
20,3,0.0,0.8683702989392478
20,4,0.0,0.8683702989392478
20,5,0.0,0.8683702989392478
20,6,0.0,0.8683702989392478
20,7,0.0,0.8683702989392478
20,8,0.0,0.8683702989392478
20,9,0.0,0.8683702989392478
20,10,0.0,0.8683702989392478
20,11,0.0,0.8683702989392478
20,12,0.0,0.8683702989392478
20,13,0.0,0.8683702989392478
20,14,0.0,0.8683702989392478
20,15,0.0,0.8683702989392478
20,16,0.0,0.8683702989392478
20,17,0.0,0.8683702989392478
20,18,0.0,0.8683702989392478
20,19,0.0,0.8683702989392478
20,20,0.0,0.8683702989392478
20,21,0.0,0.8683702989392478
20,22,0.0,0.8683702989392478
20,23,0.0,0.8683702989392478
20,24,0.0,0.8683702989392478
20,25,0.0,0.8683702989392478
20,26,0.0,0.8683702989392478
20,27,0.0,0.8683702989392478
20,28,0.0,0.8683702989392478
20,29,0.0,0.8683702989392478
20,30,0.0,0.8683702989392478
21,1,0.0038138862102217886,0.8418514946962391
21,2,-0.005253134040501446,0.8418514946962391
21,3,-0.00214561234329797,0.8418514946962391
21,4,0.0032401157184185183,0.8418514946962391
21,5,-0.011557377049180318,0.8418514946962391
21,6,-0.008391996142719389,0.8418514946962391
21,7,0.0016465766634522717,0.8418514946962391
21,8,-0.0018273866923818724,0.8418514946962391
21,9,0.006439247830279648,0.8418514946962391
21,10,-0.0002796528447444441,0.8418514946962391
21,11,0.0028712632594021185,0.8418514946962391
21,12,0.0025120540019286457,0.8418514946962391
21,13,-0.003818707810993249,0.8418514946962391
21,14,-0.010593056894889102,0.8418514946962391
21,15,0.007639826422372226,0.8418514946962391
21,16,-0.010925747348119571,0.8418514946962391
21,17,-0.0075241080038572815,0.8418514946962391
21,18,-0.010127772420443595,0.8418514946962391
21,19,0.0050192864030858255,0.8418514946962391
21,20,0.003799421407907431,0.8418514946962391
21,21,-0.0010631629701060767,0.8418514946962391
21,22,0.002803760848601738,0.8418514946962391
21,23,0.0013018322082931542,0.8418514946962391
21,24,0.0010101253616200618,0.8418514946962391
21,25,-0.008032786885245904,0.8418514946962391
21,26,-0.0008220829315332686,0.8418514946962391
21,27,0.008131629701060747,0.8418514946962391
21,28,0.003322082931533273,0.8418514946962391
21,29,0.001217454194792672,0.8418514946962391
21,30,0.0010390549662487977,0.8418514946962391
22,1,0.0002169720347155284,0.8635486981677917
22,2,-1.20540019286382e-05,0.8635486981677917
22,3,0.0036499517839922824,0.8635486981677917
22,4,-0.0031967213114754076,0.8635486981677917
22,5,0.002914657666345229,0.8635486981677917
22,6,-0.0022806171648987426,0.8635486981677917
22,7,0.00587512054001929,0.8635486981677917
22,8,-0.00020732883317260963,0.8635486981677917
22,9,0.003910318225650922,0.8635486981677917
22,10,0.001694792671166831,0.8635486981677917
22,11,0.0024879459980713613,0.8635486981677917
22,12,0.0024638379942140787,0.8635486981677917
22,13,-0.004035679845708776,0.8635486981677917
22,14,-0.0015453230472516845,0.8635486981677917
22,15,0.002842333654773386,0.8635486981677917
22,16,0.0034522661523625833,0.8635486981677917
22,17,-0.001448891031822565,0.8635486981677917
22,18,-0.0034450337512053927,0.8635486981677917
22,19,0.0014657666345226637,0.8635486981677917
22,20,0.004674541947926717,0.8635486981677917
22,21,-0.004597396335583413,0.8635486981677917
22,22,0.003401639344262295,0.8635486981677917
22,23,-0.0025168756027000977,0.8635486981677917
22,24,0.004462391513982644,0.8635486981677917
22,25,-0.005679845708775309,0.8635486981677917
22,26,0.002943587270973967,0.8635486981677917
22,27,-0.0002073288331726076,0.8635486981677917
22,28,0.00647540983606557,0.8635486981677917
22,29,0.0022637415621986493,0.8635486981677917
22,30,-0.00547974927675988,0.8635486981677917
23,1,0.0,0.8659594985535197
23,2,0.0,0.8659594985535197
23,3,0.0,0.8659594985535197
23,4,0.0,0.8659594985535197
23,5,0.0,0.8659594985535197
23,6,0.0,0.8659594985535197
23,7,0.0,0.8659594985535197
23,8,0.0,0.8659594985535197
23,9,0.0,0.8659594985535197
23,10,0.0,0.8659594985535197
23,11,0.0,0.8659594985535197
23,12,0.0,0.8659594985535197
23,13,0.0,0.8659594985535197
23,14,0.0,0.8659594985535197
23,15,0.0,0.8659594985535197
23,16,0.0,0.8659594985535197
23,17,0.0,0.8659594985535197
23,18,0.0,0.8659594985535197
23,19,0.0,0.8659594985535197
23,20,0.0,0.8659594985535197
23,21,0.0,0.8659594985535197
23,22,0.0,0.8659594985535197
23,23,0.0,0.8659594985535197
23,24,0.0,0.8659594985535197
23,25,0.0,0.8659594985535197
23,26,0.0,0.8659594985535197
23,27,0.0,0.8659594985535197
23,28,0.0,0.8659594985535197
23,29,0.0,0.8659594985535197
23,30,0.0,0.8659594985535197
24,1,0.0,0.8558341369334619
24,2,0.0,0.8558341369334619
24,3,0.0,0.8558341369334619
24,4,0.0,0.8558341369334619
24,5,0.0,0.8558341369334619
24,6,0.0,0.8558341369334619
24,7,0.0,0.8558341369334619
24,8,0.0,0.8558341369334619
24,9,0.0,0.8558341369334619
24,10,0.0,0.8558341369334619
24,11,0.0,0.8558341369334619
24,12,0.0,0.8558341369334619
24,13,0.0,0.8558341369334619
24,14,0.0,0.8558341369334619
24,15,0.0,0.8558341369334619
24,16,0.0,0.8558341369334619
24,17,0.0,0.8558341369334619
24,18,0.0,0.8558341369334619
24,19,0.0,0.8558341369334619
24,20,0.0,0.8558341369334619
24,21,0.0,0.8558341369334619
24,22,0.0,0.8558341369334619
24,23,0.0,0.8558341369334619
24,24,0.0,0.8558341369334619
24,25,0.0,0.8558341369334619
24,26,0.0,0.8558341369334619
24,27,0.0,0.8558341369334619
24,28,0.0,0.8558341369334619
24,29,0.0,0.8558341369334619
24,30,0.0,0.8558341369334619
25,1,0.0,0.8674059787849566
25,2,0.0,0.8674059787849566
25,3,0.0,0.8674059787849566
25,4,0.0,0.8674059787849566
25,5,0.0,0.8674059787849566
25,6,0.0,0.8674059787849566
25,7,0.0,0.8674059787849566
25,8,0.0,0.8674059787849566
25,9,0.0,0.8674059787849566
25,10,0.0,0.8674059787849566
25,11,0.0,0.8674059787849566
25,12,0.0,0.8674059787849566
25,13,0.0,0.8674059787849566
25,14,0.0,0.8674059787849566
25,15,0.0,0.8674059787849566
25,16,0.0,0.8674059787849566
25,17,0.0,0.8674059787849566
25,18,0.0,0.8674059787849566
25,19,0.0,0.8674059787849566
25,20,0.0,0.8674059787849566
25,21,0.0,0.8674059787849566
25,22,0.0,0.8674059787849566
25,23,0.0,0.8674059787849566
25,24,0.0,0.8674059787849566
25,25,0.0,0.8674059787849566
25,26,0.0,0.8674059787849566
25,27,0.0,0.8674059787849566
25,28,0.0,0.8674059787849566
25,29,0.0,0.8674059787849566
25,30,0.0,0.8674059787849566
26,1,0.0,0.869334619093539
26,2,0.0,0.869334619093539
26,3,0.0,0.869334619093539
26,4,0.0,0.869334619093539
26,5,0.0,0.869334619093539
26,6,0.0,0.869334619093539
26,7,0.0,0.869334619093539
26,8,0.0,0.869334619093539
26,9,0.0,0.869334619093539
26,10,0.0,0.869334619093539
26,11,0.0,0.869334619093539
26,12,0.0,0.869334619093539
26,13,0.0,0.869334619093539
26,14,0.0,0.869334619093539
26,15,0.0,0.869334619093539
26,16,0.0,0.869334619093539
26,17,0.0,0.869334619093539
26,18,0.0,0.869334619093539
26,19,0.0,0.869334619093539
26,20,0.0,0.869334619093539
26,21,0.0,0.869334619093539
26,22,0.0,0.869334619093539
26,23,0.0,0.869334619093539
26,24,0.0,0.869334619093539
26,25,0.0,0.869334619093539
26,26,0.0,0.869334619093539
26,27,0.0,0.869334619093539
26,28,0.0,0.869334619093539
26,29,0.0,0.869334619093539
26,30,0.0,0.869334619093539
27,1,0.0,0.8712632594021215
27,2,0.0,0.8712632594021215
27,3,0.0,0.8712632594021215
27,4,0.0,0.8712632594021215
27,5,0.0,0.8712632594021215
27,6,0.0,0.8712632594021215
27,7,0.0,0.8712632594021215
27,8,0.0,0.8712632594021215
27,9,0.0,0.8712632594021215
27,10,0.0,0.8712632594021215
27,11,0.0,0.8712632594021215
27,12,0.0,0.8712632594021215
27,13,0.0,0.8712632594021215
27,14,0.0,0.8712632594021215
27,15,0.0,0.8712632594021215
27,16,0.0,0.8712632594021215
27,17,0.0,0.8712632594021215
27,18,0.0,0.8712632594021215
27,19,0.0,0.8712632594021215
27,20,0.0,0.8712632594021215
27,21,0.0,0.8712632594021215
27,22,0.0,0.8712632594021215
27,23,0.0,0.8712632594021215
27,24,0.0,0.8712632594021215
27,25,0.0,0.8712632594021215
27,26,0.0,0.8712632594021215
27,27,0.0,0.8712632594021215
27,28,0.0,0.8712632594021215
27,29,0.0,0.8712632594021215
27,30,0.0,0.8712632594021215
28,1,0.0,0.866923818707811
28,2,0.0,0.866923818707811
28,3,0.0,0.866923818707811
28,4,0.0,0.866923818707811
28,5,0.0,0.866923818707811
28,6,0.0,0.866923818707811
28,7,0.0,0.866923818707811
28,8,0.0,0.866923818707811
28,9,0.0,0.866923818707811
28,10,0.0,0.866923818707811
28,11,0.0,0.866923818707811
28,12,0.0,0.866923818707811
28,13,0.0,0.866923818707811
28,14,0.0,0.866923818707811
28,15,0.0,0.866923818707811
28,16,0.0,0.866923818707811
28,17,0.0,0.866923818707811
28,18,0.0,0.866923818707811
28,19,0.0,0.866923818707811
28,20,0.0,0.866923818707811
28,21,0.0,0.866923818707811
28,22,0.0,0.866923818707811
28,23,0.0,0.866923818707811
28,24,0.0,0.866923818707811
28,25,0.0,0.866923818707811
28,26,0.0,0.866923818707811
28,27,0.0,0.866923818707811
28,28,0.0,0.866923818707811
28,29,0.0,0.866923818707811
28,30,0.0,0.866923818707811
29,1,0.0,0.8707810993249759
29,2,0.0,0.8707810993249759
29,3,0.0,0.8707810993249759
29,4,0.0,0.8707810993249759
29,5,0.0,0.8707810993249759
29,6,0.0,0.8707810993249759
29,7,0.0,0.8707810993249759
29,8,0.0,0.8707810993249759
29,9,0.0,0.8707810993249759
29,10,0.0,0.8707810993249759
29,11,0.0,0.8707810993249759
29,12,0.0,0.8707810993249759
29,13,0.0,0.8707810993249759
29,14,0.0,0.8707810993249759
29,15,0.0,0.8707810993249759
29,16,0.0,0.8707810993249759
29,17,0.0,0.8707810993249759
29,18,0.0,0.8707810993249759
29,19,0.0,0.8707810993249759
29,20,0.0,0.8707810993249759
29,21,0.0,0.8707810993249759
29,22,0.0,0.8707810993249759
29,23,0.0,0.8707810993249759
29,24,0.0,0.8707810993249759
29,25,0.0,0.8707810993249759
29,26,0.0,0.8707810993249759
29,27,0.0,0.8707810993249759
29,28,0.0,0.8707810993249759
29,29,0.0,0.8707810993249759
29,30,0.0,0.8707810993249759
30,1,0.0,0.8659594985535197
30,2,0.0,0.8659594985535197
30,3,0.0,0.8659594985535197
30,4,0.0,0.8659594985535197
30,5,0.0,0.8659594985535197
30,6,0.0,0.8659594985535197
30,7,0.0,0.8659594985535197
30,8,0.0,0.8659594985535197
30,9,0.0,0.8659594985535197
30,10,0.0,0.8659594985535197
30,11,0.0,0.8659594985535197
30,12,0.0,0.8659594985535197
30,13,0.0,0.8659594985535197
30,14,0.0,0.8659594985535197
30,15,0.0,0.8659594985535197
30,16,0.0,0.8659594985535197
30,17,0.0,0.8659594985535197
30,18,0.0,0.8659594985535197
30,19,0.0,0.8659594985535197
30,20,0.0,0.8659594985535197
30,21,0.0,0.8659594985535197
30,22,0.0,0.8659594985535197
30,23,0.0,0.8659594985535197
30,24,0.0,0.8659594985535197
30,25,0.0,0.8659594985535197
30,26,0.0,0.8659594985535197
30,27,0.0,0.8659594985535197
30,28,0.0,0.8659594985535197
30,29,0.0,0.8659594985535197
30,30,0.0,0.8659594985535197
31,1,0.0,0.8727097396335584
31,2,0.0,0.8727097396335584
31,3,0.0,0.8727097396335584
31,4,0.0,0.8727097396335584
31,5,0.0,0.8727097396335584
31,6,0.0,0.8727097396335584
31,7,0.0,0.8727097396335584
31,8,0.0,0.8727097396335584
31,9,0.0,0.8727097396335584
31,10,0.0,0.8727097396335584
31,11,0.0,0.8727097396335584
31,12,0.0,0.8727097396335584
31,13,0.0,0.8727097396335584
31,14,0.0,0.8727097396335584
31,15,0.0,0.8727097396335584
31,16,0.0,0.8727097396335584
31,17,0.0,0.8727097396335584
31,18,0.0,0.8727097396335584
31,19,0.0,0.8727097396335584
31,20,0.0,0.8727097396335584
31,21,0.0,0.8727097396335584
31,22,0.0,0.8727097396335584
31,23,0.0,0.8727097396335584
31,24,0.0,0.8727097396335584
31,25,0.0,0.8727097396335584
31,26,0.0,0.8727097396335584
31,27,0.0,0.8727097396335584
31,28,0.0,0.8727097396335584
31,29,0.0,0.8727097396335584
31,30,0.0,0.8727097396335584
32,1,0.0,0.8741562198649951
32,2,0.0,0.8741562198649951
32,3,0.0,0.8741562198649951
32,4,0.0,0.8741562198649951
32,5,0.0,0.8741562198649951
32,6,0.0,0.8741562198649951
32,7,0.0,0.8741562198649951
32,8,0.0,0.8741562198649951
32,9,0.0,0.8741562198649951
32,10,0.0,0.8741562198649951
32,11,0.0,0.8741562198649951
32,12,0.0,0.8741562198649951
32,13,0.0,0.8741562198649951
32,14,0.0,0.8741562198649951
32,15,0.0,0.8741562198649951
32,16,0.0,0.8741562198649951
32,17,0.0,0.8741562198649951
32,18,0.0,0.8741562198649951
32,19,0.0,0.8741562198649951
32,20,0.0,0.8741562198649951
32,21,0.0,0.8741562198649951
32,22,0.0,0.8741562198649951
32,23,0.0,0.8741562198649951
32,24,0.0,0.8741562198649951
32,25,0.0,0.8741562198649951
32,26,0.0,0.8741562198649951
32,27,0.0,0.8741562198649951
32,28,0.0,0.8741562198649951
32,29,0.0,0.8741562198649951
32,30,0.0,0.8741562198649951
33,1,0.0,0.8736740597878495
33,2,0.0,0.8736740597878495
33,3,0.0,0.8736740597878495
33,4,0.0,0.8736740597878495
33,5,0.0,0.8736740597878495
33,6,0.0,0.8736740597878495
33,7,0.0,0.8736740597878495
33,8,0.0,0.8736740597878495
33,9,0.0,0.8736740597878495
33,10,0.0,0.8736740597878495
33,11,0.0,0.8736740597878495
33,12,0.0,0.8736740597878495
33,13,0.0,0.8736740597878495
33,14,0.0,0.8736740597878495
33,15,0.0,0.8736740597878495
33,16,0.0,0.8736740597878495
33,17,0.0,0.8736740597878495
33,18,0.0,0.8736740597878495
33,19,0.0,0.8736740597878495
33,20,0.0,0.8736740597878495
33,21,0.0,0.8736740597878495
33,22,0.0,0.8736740597878495
33,23,0.0,0.8736740597878495
33,24,0.0,0.8736740597878495
33,25,0.0,0.8736740597878495
33,26,0.0,0.8736740597878495
33,27,0.0,0.8736740597878495
33,28,0.0,0.8736740597878495
33,29,0.0,0.8736740597878495
33,30,0.0,0.8736740597878495
34,1,0.0,0.8751205400192864
34,2,0.0,0.8751205400192864
34,3,0.0,0.8751205400192864
34,4,0.0,0.8751205400192864
34,5,0.0,0.8751205400192864
34,6,0.0,0.8751205400192864
34,7,0.0,0.8751205400192864
34,8,0.0,0.8751205400192864
34,9,0.0,0.8751205400192864
34,10,0.0,0.8751205400192864
34,11,0.0,0.8751205400192864
34,12,0.0,0.8751205400192864
34,13,0.0,0.8751205400192864
34,14,0.0,0.8751205400192864
34,15,0.0,0.8751205400192864
34,16,0.0,0.8751205400192864
34,17,0.0,0.8751205400192864
34,18,0.0,0.8751205400192864
34,19,0.0,0.8751205400192864
34,20,0.0,0.8751205400192864
34,21,0.0,0.8751205400192864
34,22,0.0,0.8751205400192864
34,23,0.0,0.8751205400192864
34,24,0.0,0.8751205400192864
34,25,0.0,0.8751205400192864
34,26,0.0,0.8751205400192864
34,27,0.0,0.8751205400192864
34,28,0.0,0.8751205400192864
34,29,0.0,0.8751205400192864
34,30,0.0,0.8751205400192864
35,1,0.0,0.875602700096432
35,2,0.0,0.875602700096432
35,3,0.0,0.875602700096432
35,4,0.0,0.875602700096432
35,5,0.0,0.875602700096432
35,6,0.0,0.875602700096432
35,7,0.0,0.875602700096432
35,8,0.0,0.875602700096432
35,9,0.0,0.875602700096432
35,10,0.0,0.875602700096432
35,11,0.0,0.875602700096432
35,12,0.0,0.875602700096432
35,13,0.0,0.875602700096432
35,14,0.0,0.875602700096432
35,15,0.0,0.875602700096432
35,16,0.0,0.875602700096432
35,17,0.0,0.875602700096432
35,18,0.0,0.875602700096432
35,19,0.0,0.875602700096432
35,20,0.0,0.875602700096432
35,21,0.0,0.875602700096432
35,22,0.0,0.875602700096432
35,23,0.0,0.875602700096432
35,24,0.0,0.875602700096432
35,25,0.0,0.875602700096432
35,26,0.0,0.875602700096432
35,27,0.0,0.875602700096432
35,28,0.0,0.875602700096432
35,29,0.0,0.875602700096432
35,30,0.0,0.875602700096432
36,1,0.0,0.8799421407907425
36,2,0.0,0.8799421407907425
36,3,0.0,0.8799421407907425
36,4,0.0,0.8799421407907425
36,5,0.0,0.8799421407907425
36,6,0.0,0.8799421407907425
36,7,0.0,0.8799421407907425
36,8,0.0,0.8799421407907425
36,9,0.0,0.8799421407907425
36,10,0.0,0.8799421407907425
36,11,0.0,0.8799421407907425
36,12,0.0,0.8799421407907425
36,13,0.0,0.8799421407907425
36,14,0.0,0.8799421407907425
36,15,0.0,0.8799421407907425
36,16,0.0,0.8799421407907425
36,17,0.0,0.8799421407907425
36,18,0.0,0.8799421407907425
36,19,0.0,0.8799421407907425
36,20,0.0,0.8799421407907425
36,21,0.0,0.8799421407907425
36,22,0.0,0.8799421407907425
36,23,0.0,0.8799421407907425
36,24,0.0,0.8799421407907425
36,25,0.0,0.8799421407907425
36,26,0.0,0.8799421407907425
36,27,0.0,0.8799421407907425
36,28,0.0,0.8799421407907425
36,29,0.0,0.8799421407907425
36,30,0.0,0.8799421407907425
37,1,0.0,0.875602700096432
37,2,0.0,0.875602700096432
37,3,0.0,0.875602700096432
37,4,0.0,0.875602700096432
37,5,0.0,0.875602700096432
37,6,0.0,0.875602700096432
37,7,0.0,0.875602700096432
37,8,0.0,0.875602700096432
37,9,0.0,0.875602700096432
37,10,0.0,0.875602700096432
37,11,0.0,0.875602700096432
37,12,0.0,0.875602700096432
37,13,0.0,0.875602700096432
37,14,0.0,0.875602700096432
37,15,0.0,0.875602700096432
37,16,0.0,0.875602700096432
37,17,0.0,0.875602700096432
37,18,0.0,0.875602700096432
37,19,0.0,0.875602700096432
37,20,0.0,0.875602700096432
37,21,0.0,0.875602700096432
37,22,0.0,0.875602700096432
37,23,0.0,0.875602700096432
37,24,0.0,0.875602700096432
37,25,0.0,0.875602700096432
37,26,0.0,0.875602700096432
37,27,0.0,0.875602700096432
37,28,0.0,0.875602700096432
37,29,0.0,0.875602700096432
37,30,0.0,0.875602700096432
38,1,0.0,0.8760848601735777
38,2,0.0,0.8760848601735777
38,3,0.0,0.8760848601735777
38,4,0.0,0.8760848601735777
38,5,0.0,0.8760848601735777
38,6,0.0,0.8760848601735777
38,7,0.0,0.8760848601735777
38,8,0.0,0.8760848601735777
38,9,0.0,0.8760848601735777
38,10,0.0,0.8760848601735777
38,11,0.0,0.8760848601735777
38,12,0.0,0.8760848601735777
38,13,0.0,0.8760848601735777
38,14,0.0,0.8760848601735777
38,15,0.0,0.8760848601735777
38,16,0.0,0.8760848601735777
38,17,0.0,0.8760848601735777
38,18,0.0,0.8760848601735777
38,19,0.0,0.8760848601735777
38,20,0.0,0.8760848601735777
38,21,0.0,0.8760848601735777
38,22,0.0,0.8760848601735777
38,23,0.0,0.8760848601735777
38,24,0.0,0.8760848601735777
38,25,0.0,0.8760848601735777
38,26,0.0,0.8760848601735777
38,27,0.0,0.8760848601735777
38,28,0.0,0.8760848601735777
38,29,0.0,0.8760848601735777
38,30,0.0,0.8760848601735777
39,1,0.0,0.8765670202507232
39,2,0.0,0.8765670202507232
39,3,0.0,0.8765670202507232
39,4,0.0,0.8765670202507232
39,5,0.0,0.8765670202507232
39,6,0.0,0.8765670202507232
39,7,0.0,0.8765670202507232
39,8,0.0,0.8765670202507232
39,9,0.0,0.8765670202507232
39,10,0.0,0.8765670202507232
39,11,0.0,0.8765670202507232
39,12,0.0,0.8765670202507232
39,13,0.0,0.8765670202507232
39,14,0.0,0.8765670202507232
39,15,0.0,0.8765670202507232
39,16,0.0,0.8765670202507232
39,17,0.0,0.8765670202507232
39,18,0.0,0.8765670202507232
39,19,0.0,0.8765670202507232
39,20,0.0,0.8765670202507232
39,21,0.0,0.8765670202507232
39,22,0.0,0.8765670202507232
39,23,0.0,0.8765670202507232
39,24,0.0,0.8765670202507232
39,25,0.0,0.8765670202507232
39,26,0.0,0.8765670202507232
39,27,0.0,0.8765670202507232
39,28,0.0,0.8765670202507232
39,29,0.0,0.8765670202507232
39,30,0.0,0.8765670202507232
40,1,0.0,0.875602700096432
40,2,0.0,0.875602700096432
40,3,0.0,0.875602700096432
40,4,0.0,0.875602700096432
40,5,0.0,0.875602700096432
40,6,0.0,0.875602700096432
40,7,0.0,0.875602700096432
40,8,0.0,0.875602700096432
40,9,0.0,0.875602700096432
40,10,0.0,0.875602700096432
40,11,0.0,0.875602700096432
40,12,0.0,0.875602700096432
40,13,0.0,0.875602700096432
40,14,0.0,0.875602700096432
40,15,0.0,0.875602700096432
40,16,0.0,0.875602700096432
40,17,0.0,0.875602700096432
40,18,0.0,0.875602700096432
40,19,0.0,0.875602700096432
40,20,0.0,0.875602700096432
40,21,0.0,0.875602700096432
40,22,0.0,0.875602700096432
40,23,0.0,0.875602700096432
40,24,0.0,0.875602700096432
40,25,0.0,0.875602700096432
40,26,0.0,0.875602700096432
40,27,0.0,0.875602700096432
40,28,0.0,0.875602700096432
40,29,0.0,0.875602700096432
40,30,0.0,0.875602700096432
41,1,0.0,0.8828351012536162
41,2,0.0,0.8828351012536162
41,3,0.0,0.8828351012536162
41,4,0.0,0.8828351012536162
41,5,0.0,0.8828351012536162
41,6,0.0,0.8828351012536162
41,7,0.0,0.8828351012536162
41,8,0.0,0.8828351012536162
41,9,0.0,0.8828351012536162
41,10,0.0,0.8828351012536162
41,11,0.0,0.8828351012536162
41,12,0.0,0.8828351012536162
41,13,0.0,0.8828351012536162
41,14,0.0,0.8828351012536162
41,15,0.0,0.8828351012536162
41,16,0.0,0.8828351012536162
41,17,0.0,0.8828351012536162
41,18,0.0,0.8828351012536162
41,19,0.0,0.8828351012536162
41,20,0.0,0.8828351012536162
41,21,0.0,0.8828351012536162
41,22,0.0,0.8828351012536162
41,23,0.0,0.8828351012536162
41,24,0.0,0.8828351012536162
41,25,0.0,0.8828351012536162
41,26,0.0,0.8828351012536162
41,27,0.0,0.8828351012536162
41,28,0.0,0.8828351012536162
41,29,0.0,0.8828351012536162
41,30,0.0,0.8828351012536162
42,1,0.0,0.8828351012536162
42,2,0.0,0.8828351012536162
42,3,0.0,0.8828351012536162
42,4,0.0,0.8828351012536162
42,5,0.0,0.8828351012536162
42,6,0.0,0.8828351012536162
42,7,0.0,0.8828351012536162
42,8,0.0,0.8828351012536162
42,9,0.0,0.8828351012536162
42,10,0.0,0.8828351012536162
42,11,0.0,0.8828351012536162
42,12,0.0,0.8828351012536162
42,13,0.0,0.8828351012536162
42,14,0.0,0.8828351012536162
42,15,0.0,0.8828351012536162
42,16,0.0,0.8828351012536162
42,17,0.0,0.8828351012536162
42,18,0.0,0.8828351012536162
42,19,0.0,0.8828351012536162
42,20,0.0,0.8828351012536162
42,21,0.0,0.8828351012536162
42,22,0.0,0.8828351012536162
42,23,0.0,0.8828351012536162
42,24,0.0,0.8828351012536162
42,25,0.0,0.8828351012536162
42,26,0.0,0.8828351012536162
42,27,0.0,0.8828351012536162
42,28,0.0,0.8828351012536162
42,29,0.0,0.8828351012536162
42,30,0.0,0.8828351012536162
43,1,0.0,0.8895853423336548
43,2,0.0,0.8895853423336548
43,3,0.0,0.8895853423336548
43,4,0.0,0.8895853423336548
43,5,0.0,0.8895853423336548
43,6,0.0,0.8895853423336548
43,7,0.0,0.8895853423336548
43,8,0.0,0.8895853423336548
43,9,0.0,0.8895853423336548
43,10,0.0,0.8895853423336548
43,11,0.0,0.8895853423336548
43,12,0.0,0.8895853423336548
43,13,0.0,0.8895853423336548
43,14,0.0,0.8895853423336548
43,15,0.0,0.8895853423336548
43,16,0.0,0.8895853423336548
43,17,0.0,0.8895853423336548
43,18,0.0,0.8895853423336548
43,19,0.0,0.8895853423336548
43,20,0.0,0.8895853423336548
43,21,0.0,0.8895853423336548
43,22,0.0,0.8895853423336548
43,23,0.0,0.8895853423336548
43,24,0.0,0.8895853423336548
43,25,0.0,0.8895853423336548
43,26,0.0,0.8895853423336548
43,27,0.0,0.8895853423336548
43,28,0.0,0.8895853423336548
43,29,0.0,0.8895853423336548
43,30,0.0,0.8895853423336548
44,1,0.0,0.8852459016393442
44,2,0.0,0.8852459016393442
44,3,0.0,0.8852459016393442
44,4,0.0,0.8852459016393442
44,5,0.0,0.8852459016393442
44,6,0.0,0.8852459016393442
44,7,0.0,0.8852459016393442
44,8,0.0,0.8852459016393442
44,9,0.0,0.8852459016393442
44,10,0.0,0.8852459016393442
44,11,0.0,0.8852459016393442
44,12,0.0,0.8852459016393442
44,13,0.0,0.8852459016393442
44,14,0.0,0.8852459016393442
44,15,0.0,0.8852459016393442
44,16,0.0,0.8852459016393442
44,17,0.0,0.8852459016393442
44,18,0.0,0.8852459016393442
44,19,0.0,0.8852459016393442
44,20,0.0,0.8852459016393442
44,21,0.0,0.8852459016393442
44,22,0.0,0.8852459016393442
44,23,0.0,0.8852459016393442
44,24,0.0,0.8852459016393442
44,25,0.0,0.8852459016393442
44,26,0.0,0.8852459016393442
44,27,0.0,0.8852459016393442
44,28,0.0,0.8852459016393442
44,29,0.0,0.8852459016393442
44,30,0.0,0.8852459016393442
45,1,0.0,0.8852459016393442
45,2,0.0,0.8852459016393442
45,3,0.0,0.8852459016393442
45,4,0.0,0.8852459016393442
45,5,0.0,0.8852459016393442
45,6,0.0,0.8852459016393442
45,7,0.0,0.8852459016393442
45,8,0.0,0.8852459016393442
45,9,0.0,0.8852459016393442
45,10,0.0,0.8852459016393442
45,11,0.0,0.8852459016393442
45,12,0.0,0.8852459016393442
45,13,0.0,0.8852459016393442
45,14,0.0,0.8852459016393442
45,15,0.0,0.8852459016393442
45,16,0.0,0.8852459016393442
45,17,0.0,0.8852459016393442
45,18,0.0,0.8852459016393442
45,19,0.0,0.8852459016393442
45,20,0.0,0.8852459016393442
45,21,0.0,0.8852459016393442
45,22,0.0,0.8852459016393442
45,23,0.0,0.8852459016393442
45,24,0.0,0.8852459016393442
45,25,0.0,0.8852459016393442
45,26,0.0,0.8852459016393442
45,27,0.0,0.8852459016393442
45,28,0.0,0.8852459016393442
45,29,0.0,0.8852459016393442
45,30,0.0,0.8852459016393442
46,1,0.0,0.8871745419479267
46,2,0.0,0.8871745419479267
46,3,0.0,0.8871745419479267
46,4,0.0,0.8871745419479267
46,5,0.0,0.8871745419479267
46,6,0.0,0.8871745419479267
46,7,0.0,0.8871745419479267
46,8,0.0,0.8871745419479267
46,9,0.0,0.8871745419479267
46,10,0.0,0.8871745419479267
46,11,0.0,0.8871745419479267
46,12,0.0,0.8871745419479267
46,13,0.0,0.8871745419479267
46,14,0.0,0.8871745419479267
46,15,0.0,0.8871745419479267
46,16,0.0,0.8871745419479267
46,17,0.0,0.8871745419479267
46,18,0.0,0.8871745419479267
46,19,0.0,0.8871745419479267
46,20,0.0,0.8871745419479267
46,21,0.0,0.8871745419479267
46,22,0.0,0.8871745419479267
46,23,0.0,0.8871745419479267
46,24,0.0,0.8871745419479267
46,25,0.0,0.8871745419479267
46,26,0.0,0.8871745419479267
46,27,0.0,0.8871745419479267
46,28,0.0,0.8871745419479267
46,29,0.0,0.8871745419479267
46,30,0.0,0.8871745419479267
47,1,0.0,0.8886210221793636
47,2,0.0,0.8886210221793636
47,3,0.0,0.8886210221793636
47,4,0.0,0.8886210221793636
47,5,0.0,0.8886210221793636
47,6,0.0,0.8886210221793636
47,7,0.0,0.8886210221793636
47,8,0.0,0.8886210221793636
47,9,0.0,0.8886210221793636
47,10,0.0,0.8886210221793636
47,11,0.0,0.8886210221793636
47,12,0.0,0.8886210221793636
47,13,0.0,0.8886210221793636
47,14,0.0,0.8886210221793636
47,15,0.0,0.8886210221793636
47,16,0.0,0.8886210221793636
47,17,0.0,0.8886210221793636
47,18,0.0,0.8886210221793636
47,19,0.0,0.8886210221793636
47,20,0.0,0.8886210221793636
47,21,0.0,0.8886210221793636
47,22,0.0,0.8886210221793636
47,23,0.0,0.8886210221793636
47,24,0.0,0.8886210221793636
47,25,0.0,0.8886210221793636
47,26,0.0,0.8886210221793636
47,27,0.0,0.8886210221793636
47,28,0.0,0.8886210221793636
47,29,0.0,0.8886210221793636
47,30,0.0,0.8886210221793636
48,1,0.0,0.8886210221793636
48,2,0.0,0.8886210221793636
48,3,0.0,0.8886210221793636
48,4,0.0,0.8886210221793636
48,5,0.0,0.8886210221793636
48,6,0.0,0.8886210221793636
48,7,0.0,0.8886210221793636
48,8,0.0,0.8886210221793636
48,9,0.0,0.8886210221793636
48,10,0.0,0.8886210221793636
48,11,0.0,0.8886210221793636
48,12,0.0,0.8886210221793636
48,13,0.0,0.8886210221793636
48,14,0.0,0.8886210221793636
48,15,0.0,0.8886210221793636
48,16,0.0,0.8886210221793636
48,17,0.0,0.8886210221793636
48,18,0.0,0.8886210221793636
48,19,0.0,0.8886210221793636
48,20,0.0,0.8886210221793636
48,21,0.0,0.8886210221793636
48,22,0.0,0.8886210221793636
48,23,0.0,0.8886210221793636
48,24,0.0,0.8886210221793636
48,25,0.0,0.8886210221793636
48,26,0.0,0.8886210221793636
48,27,0.0,0.8886210221793636
48,28,0.0,0.8886210221793636
48,29,0.0,0.8886210221793636
48,30,0.0,0.8886210221793636
49,1,0.0,0.8862102217936355
49,2,0.0,0.8862102217936355
49,3,0.0,0.8862102217936355
49,4,0.0,0.8862102217936355
49,5,0.0,0.8862102217936355
49,6,0.0,0.8862102217936355
49,7,0.0,0.8862102217936355
49,8,0.0,0.8862102217936355
49,9,0.0,0.8862102217936355
49,10,0.0,0.8862102217936355
49,11,0.0,0.8862102217936355
49,12,0.0,0.8862102217936355
49,13,0.0,0.8862102217936355
49,14,0.0,0.8862102217936355
49,15,0.0,0.8862102217936355
49,16,0.0,0.8862102217936355
49,17,0.0,0.8862102217936355
49,18,0.0,0.8862102217936355
49,19,0.0,0.8862102217936355
49,20,0.0,0.8862102217936355
49,21,0.0,0.8862102217936355
49,22,0.0,0.8862102217936355
49,23,0.0,0.8862102217936355
49,24,0.0,0.8862102217936355
49,25,0.0,0.8862102217936355
49,26,0.0,0.8862102217936355
49,27,0.0,0.8862102217936355
49,28,0.0,0.8862102217936355
49,29,0.0,0.8862102217936355
49,30,0.0,0.8862102217936355
50,1,0.0,0.8881388621022179
50,2,0.0,0.8881388621022179
50,3,0.0,0.8881388621022179
50,4,0.0,0.8881388621022179
50,5,0.0,0.8881388621022179
50,6,0.0,0.8881388621022179
50,7,0.0,0.8881388621022179
50,8,0.0,0.8881388621022179
50,9,0.0,0.8881388621022179
50,10,0.0,0.8881388621022179
50,11,0.0,0.8881388621022179
50,12,0.0,0.8881388621022179
50,13,0.0,0.8881388621022179
50,14,0.0,0.8881388621022179
50,15,0.0,0.8881388621022179
50,16,0.0,0.8881388621022179
50,17,0.0,0.8881388621022179
50,18,0.0,0.8881388621022179
50,19,0.0,0.8881388621022179
50,20,0.0,0.8881388621022179
50,21,0.0,0.8881388621022179
50,22,0.0,0.8881388621022179
50,23,0.0,0.8881388621022179
50,24,0.0,0.8881388621022179
50,25,0.0,0.8881388621022179
50,26,0.0,0.8881388621022179
50,27,0.0,0.8881388621022179
50,28,0.0,0.8881388621022179
50,29,0.0,0.8881388621022179
50,30,0.0,0.8881388621022179
